instance,family,n,m,p,seed,labelling,algorithm,bitset,mis_count,median_seconds,min_seconds,max_seconds,repeats,recursion_nodes,unproductive_calls,pivot_candidates,pivot_intersections,peak_kib
er_n24_p0.3_s1,er,24,88,0.3,1,random,bk_basic,0,150,0.002110542031005025,0.002037332858890295,0.002291542012244463,5,3101,2579,0,0,34.3
er_n24_p0.3_s1,er,24,88,0.3,1,random,bk_pivot,0,150,0.0005051251500844955,0.0004836670123040676,0.0005698339082300663,5,550,87,1414,0,34.4
er_n24_p0.3_s1,er,24,88,0.3,1,random,bk_tomita,0,150,0.0005547499749809504,0.00053958292119205,0.000645417021587491,5,340,7,792,792,35.9
er_n24_p0.3_s1,er,24,88,0.3,1,random,bk_pivot_p,0,150,0.0005561669822782278,0.0005492910277098417,0.0005971670616418123,5,662,195,1234,0,34.4
er_n24_p0.3_s1,er,24,88,0.3,1,random,bk_ikgp,0,150,0.0005616249982267618,0.0005530000198632479,0.0005965828895568848,5,376,43,779,779,35.9
er_n24_p0.3_s1,er,24,88,0.3,1,random,bk_basic_bit,1,150,0.0015449998900294304,0.0015402499120682478,0.0015786250587552786,5,3101,,,,7.4
er_n24_p0.3_s1,er,24,88,0.3,1,random,bk_pivot_bit,1,150,0.00045941700227558613,0.00045483303256332874,0.00047474983148276806,5,509,,,,7.2
er_n24_p0.3_s1,er,24,88,0.3,1,random,bk_tomita_bit,1,150,0.0005136670079082251,0.0005089580081403255,0.0005231250543147326,5,341,,,,7.8
er_n24_p0.5_s1,er,24,139,0.5,1,random,bk_basic,0,86,0.00041091698221862316,0.00038841599598526955,0.0004976659547537565,5,619,380,0,0,30.5
er_n24_p0.5_s1,er,24,139,0.5,1,random,bk_pivot,0,86,0.00023887492716312408,0.00022987485863268375,0.00027995905838906765,5,272,49,600,0,29.8
er_n24_p0.5_s1,er,24,139,0.5,1,random,bk_tomita,0,86,0.00028487504459917545,0.0002762910444289446,0.00033012498170137405,5,188,4,410,410,30.6
er_n24_p0.5_s1,er,24,139,0.5,1,random,bk_pivot_p,0,86,0.0002509159967303276,0.00024462491273880005,0.0002702500205487013,5,305,80,457,0,29.8
er_n24_p0.5_s1,er,24,139,0.5,1,random,bk_ikgp,0,86,0.00028137490153312683,0.00027904193848371506,0.00029329187236726284,5,211,27,371,371,30.6
er_n24_p0.5_s1,er,24,139,0.5,1,random,bk_basic_bit,1,86,0.00036145816557109356,0.0003584579098969698,0.00037104194052517414,5,619,,,,6.0
er_n24_p0.5_s1,er,24,139,0.5,1,random,bk_pivot_bit,1,86,0.0002354169264435768,0.00023499992676079273,0.00024266703985631466,5,263,,,,6.3
er_n24_p0.5_s1,er,24,139,0.5,1,random,bk_tomita_bit,1,86,0.000274500111117959,0.0002731247805058956,0.00028125010430812836,5,194,,,,6.9
er_n24_p0.7_s1,er,24,189,0.7,1,random,bk_basic,0,44,0.000140791991725564,0.00013199984095990658,0.0001799589954316616,5,193,92,0,0,25.6
er_n24_p0.7_s1,er,24,189,0.7,1,random,bk_pivot,0,44,0.00012737512588500977,0.00012087495997548103,0.00014504208229482174,5,136,33,262,0,25.1
er_n24_p0.7_s1,er,24,189,0.7,1,random,bk_tomita,0,44,0.00014616688713431358,0.00014291703701019287,0.00016954215243458748,5,99,10,189,189,25.6
er_n24_p0.7_s1,er,24,189,0.7,1,random,bk_pivot_p,0,44,0.00011999998241662979,0.00011645792983472347,0.00012512505054473877,5,135,33,177,0,25.1
er_n24_p0.7_s1,er,24,189,0.7,1,random,bk_ikgp,0,44,0.00014558411203324795,0.00014158315025269985,0.0001515829935669899,5,111,23,163,163,25.6
er_n24_p0.7_s1,er,24,189,0.7,1,random,bk_basic_bit,1,44,0.00013845902867615223,0.00013812491670250893,0.0001459578052163124,5,193,,,,4.6
er_n24_p0.7_s1,er,24,189,0.7,1,random,bk_pivot_bit,1,44,0.00011708284728229046,0.00011666701175272465,0.00012199999764561653,5,119,,,,4.5
er_n24_p0.7_s1,er,24,189,0.7,1,random,bk_tomita_bit,1,44,0.00014362484216690063,0.00014299992471933365,0.00015116599388420582,5,97,,,,4.9
er_n24_p0.3_s2,er,24,86,0.3,2,random,bk_basic,0,164,0.0027636250015348196,0.0026964580174535513,0.0029799998737871647,5,3926,3331,0,0,37.2
er_n24_p0.3_s2,er,24,86,0.3,2,random,bk_pivot,0,164,0.000540916109457612,0.0005169168580323458,0.0006167911924421787,5,582,93,1419,0,36.9
er_n24_p0.3_s2,er,24,86,0.3,2,random,bk_tomita,0,164,0.0006571668200194836,0.0006426249165087938,0.0007474580779671669,5,389,4,918,918,37.0
er_n24_p0.3_s2,er,24,86,0.3,2,random,bk_pivot_p,0,164,0.0006480831652879715,0.0006309577729552984,0.0006905000191181898,5,753,258,1325,0,36.9
er_n24_p0.3_s2,er,24,86,0.3,2,random,bk_ikgp,0,164,0.0006590420380234718,0.0006490419618785381,0.0007035410962998867,5,423,37,904,904,37.0
er_n24_p0.3_s2,er,24,86,0.3,2,random,bk_basic_bit,1,164,0.001901624957099557,0.0018992088735103607,0.0019705831073224545,5,3926,,,,7.4
er_n24_p0.3_s2,er,24,86,0.3,2,random,bk_pivot_bit,1,164,0.0005979589186608791,0.0005897500086575747,0.0006167090032249689,5,690,,,,7.0
er_n24_p0.3_s2,er,24,86,0.3,2,random,bk_tomita_bit,1,164,0.0005874170456081629,0.0005869579035788774,0.0005975000094622374,5,393,,,,7.8
er_n24_p0.5_s2,er,24,140,0.5,2,random,bk_basic,0,85,0.00039679091423749924,0.0003815828822553158,0.0004879999905824661,5,595,382,0,0,30.5
er_n24_p0.5_s2,er,24,140,0.5,2,random,bk_pivot,0,85,0.0002314997836947441,0.00022300006821751595,0.000271292170509696,5,261,58,567,0,30.3
er_n24_p0.5_s2,er,24,140,0.5,2,random,bk_tomita,0,85,0.0002834999468177557,0.00027483305893838406,0.0003274159971624613,5,187,10,390,390,30.3
er_n24_p0.5_s2,er,24,140,0.5,2,random,bk_pivot_p,0,85,0.00024399999529123306,0.00023925001733005047,0.00026029208675026894,5,296,93,431,0,30.3
er_n24_p0.5_s2,er,24,140,0.5,2,random,bk_ikgp,0,85,0.00029283412732183933,0.00028904201462864876,0.00030637485906481743,5,225,48,368,368,30.3
er_n24_p0.5_s2,er,24,140,0.5,2,random,bk_basic_bit,1,85,0.00034733302891254425,0.0003457090351730585,0.00035920809023082256,5,595,,,,6.0
er_n24_p0.5_s2,er,24,140,0.5,2,random,bk_pivot_bit,1,85,0.00022970791906118393,0.00022775004617869854,0.0002358339261263609,5,252,,,,5.9
er_n24_p0.5_s2,er,24,140,0.5,2,random,bk_tomita_bit,1,85,0.00026416685432195663,0.00026333308778703213,0.00027020787820219994,5,186,,,,6.8
er_n24_p0.7_s2,er,24,195,0.7,2,random,bk_basic,0,43,0.0001249578781425953,0.00011787493713200092,0.00016633281484246254,5,171,83,0,0,24.7
er_n24_p0.7_s2,er,24,195,0.7,2,random,bk_pivot,0,43,0.00010016607120633125,9.641610085964203e-05,0.00011512497439980507,5,108,21,183,0,24.6
er_n24_p0.7_s2,er,24,195,0.7,2,random,bk_tomita,0,43,0.00013554096221923828,0.00013116584159433842,0.00015470804646611214,5,94,10,173,173,24.6
er_n24_p0.7_s2,er,24,195,0.7,2,random,bk_pivot_p,0,43,0.0001027919352054596,0.00010075001046061516,0.00010983319953083992,5,117,29,154,0,24.6
er_n24_p0.7_s2,er,24,195,0.7,2,random,bk_ikgp,0,43,0.0001366669312119484,0.00013237516395747662,0.0001419170293956995,5,106,23,147,147,24.6
er_n24_p0.7_s2,er,24,195,0.7,2,random,bk_basic_bit,1,43,0.00012837513349950314,0.00012695789337158203,0.0001351658720523119,5,171,,,,4.6
er_n24_p0.7_s2,er,24,195,0.7,2,random,bk_pivot_bit,1,43,0.000118291936814785,0.00011737504974007607,0.00012620817869901657,5,119,,,,4.6
er_n24_p0.7_s2,er,24,195,0.7,2,random,bk_tomita_bit,1,43,0.00013954099267721176,0.00013887486420571804,0.00014512497000396252,5,94,,,,4.9
er_n24_p0.3_s3,er,24,74,0.3,3,random,bk_basic,0,238,0.003540875157341361,0.0034754169173538685,0.003802540944889188,5,5014,4147,0,0,36.2
er_n24_p0.3_s3,er,24,74,0.3,3,random,bk_pivot,0,238,0.0009412090294063091,0.0009211250580847263,0.0010627079755067825,5,1015,275,2727,0,35.9
er_n24_p0.3_s3,er,24,74,0.3,3,random,bk_tomita,0,238,0.0009445000905543566,0.0009214580059051514,0.0010537910275161266,5,569,13,1291,1291,37.5
er_n24_p0.3_s3,er,24,74,0.3,3,random,bk_pivot_p,0,238,0.0011296658776700497,0.0010986248962581158,0.0012102499604225159,5,1304,550,2324,0,35.9
er_n24_p0.3_s3,er,24,74,0.3,3,random,bk_ikgp,0,238,0.0009926671627908945,0.0009325419086962938,0.0010443329811096191,5,620,62,1277,1277,37.5
er_n24_p0.3_s3,er,24,74,0.3,3,random,bk_basic_bit,1,238,0.0024677079636603594,0.002463500015437603,0.0025048749521374702,5,5014,,,,7.3
er_n24_p0.3_s3,er,24,74,0.3,3,random,bk_pivot_bit,1,238,0.0007445409428328276,0.0007397080771625042,0.0007598330266773701,5,832,,,,7.0
er_n24_p0.3_s3,er,24,74,0.3,3,random,bk_tomita_bit,1,238,0.0008197089191526175,0.00081829191185534,0.0008407500572502613,5,544,,,,7.8
er_n24_p0.5_s3,er,24,135,0.5,3,random,bk_basic,0,102,0.00045316689647734165,0.00043504079803824425,0.0005465000867843628,5,686,421,0,0,30.0
er_n24_p0.5_s3,er,24,135,0.5,3,random,bk_pivot,0,102,0.00029441691003739834,0.0002886250149458647,0.00036708288826048374,5,335,82,739,0,29.9
er_n24_p0.5_s3,er,24,135,0.5,3,random,bk_tomita,0,102,0.0002972499933093786,0.0002859169617295265,0.0003486671485006809,5,200,3,414,414,30.6
er_n24_p0.5_s3,er,24,135,0.5,3,random,bk_pivot_p,0,102,0.0003286669962108135,0.00032166694290935993,0.0003552499692887068,5,404,151,558,0,29.9
er_n24_p0.5_s3,er,24,135,0.5,3,random,bk_ikgp,0,102,0.0002899998798966408,0.0002836671192198992,0.0002995000686496496,5,213,16,372,372,30.6
er_n24_p0.5_s3,er,24,135,0.5,3,random,bk_basic_bit,1,102,0.0004027499817311764,0.0003994160797446966,0.00041508302092552185,5,686,,,,6.4
er_n24_p0.5_s3,er,24,135,0.5,3,random,bk_pivot_bit,1,102,0.00024995882995426655,0.00024874997325241566,0.00025625014677643776,5,263,,,,6.3
er_n24_p0.5_s3,er,24,135,0.5,3,random,bk_tomita_bit,1,102,0.00028695794753730297,0.0002850419841706753,0.00029320805333554745,5,197,,,,6.8
er_n24_p0.7_s3,er,24,193,0.7,3,random,bk_basic,0,44,0.0001313749235123396,0.00012537511065602303,0.0001709158532321453,5,181,84,0,0,25.9
er_n24_p0.7_s3,er,24,193,0.7,3,random,bk_pivot,0,44,0.00011095800437033176,0.00010829116217792034,0.00012595811858773232,5,122,28,207,0,25.8
er_n24_p0.7_s3,er,24,193,0.7,3,random,bk_tomita,0,44,0.0001355838030576706,0.00012866687029600143,0.00015404191799461842,5,90,9,168,168,26.9
er_n24_p0.7_s3,er,24,193,0.7,3,random,bk_pivot_p,0,44,0.00011087511666119099,0.00010754098184406757,0.00011762487702071667,5,124,28,159,0,25.8
er_n24_p0.7_s3,er,24,193,0.7,3,random,bk_ikgp,0,44,0.00012566614896059036,0.0001241669524461031,0.00013391603715717793,5,92,12,141,141,26.9
er_n24_p0.7_s3,er,24,193,0.7,3,random,bk_basic_bit,1,44,0.0001333341933786869,0.000132082961499691,0.00014004111289978027,5,181,,,,5.5
er_n24_p0.7_s3,er,24,193,0.7,3,random,bk_pivot_bit,1,44,0.00011612498201429844,0.00011554104276001453,0.00011962512508034706,5,117,,,,5.4
er_n24_p0.7_s3,er,24,193,0.7,3,random,bk_tomita_bit,1,44,0.00013541686348617077,0.0001346662174910307,0.00013979105278849602,5,89,,,,5.9
ba_n24_m3_s1,ba,24,63,nan,1,random,bk_basic,0,240,0.01377691701054573,0.013729458907619119,0.013991165906190872,5,18778,17630,0,0,46.2
ba_n24_m3_s1,ba,24,63,nan,1,random,bk_pivot,0,240,0.0010169579181820154,0.0009813748765736818,0.0011263340711593628,5,1110,88,3121,0,45.7
ba_n24_m3_s1,ba,24,63,nan,1,random,bk_tomita,0,240,0.0009480828884989023,0.0009168752003461123,0.00106412498280406,5,544,1,1297,1297,47.8
ba_n24_m3_s1,ba,24,63,nan,1,random,bk_pivot_p,0,240,0.0016349998768419027,0.0016068329568952322,0.001728666014969349,5,1886,844,4227,0,45.7
ba_n24_m3_s1,ba,24,63,nan,1,random,bk_ikgp,0,240,0.0009560000617057085,0.0009261660743504763,0.0010388330556452274,5,572,25,1305,1305,47.8
ba_n24_m3_s1,ba,24,63,nan,1,random,bk_basic_bit,1,240,0.008430209010839462,0.00840508402325213,0.008472124813124537,5,18778,,,,8.4
ba_n24_m3_s1,ba,24,63,nan,1,random,bk_pivot_bit,1,240,0.0007990419398993254,0.000792875187471509,0.0008102499414235353,5,861,,,,7.9
ba_n24_m3_s1,ba,24,63,nan,1,random,bk_tomita_bit,1,240,0.0008267080411314964,0.0008216251153498888,0.0008364170789718628,5,514,,,,8.7
ba_n24_m3_s2,ba,24,63,nan,2,random,bk_basic,0,186,0.009243875043466687,0.009183624992147088,0.009332624962553382,5,12396,11620,0,0,46.4
ba_n24_m3_s2,ba,24,63,nan,2,random,bk_pivot,0,186,0.0007946251425892115,0.0007737500127404928,0.0008983749430626631,5,802,176,2513,0,45.7
ba_n24_m3_s2,ba,24,63,nan,2,random,bk_tomita,0,186,0.0007304581813514233,0.0006979161407798529,0.0008186250925064087,5,413,1,997,997,46.2
ba_n24_m3_s2,ba,24,63,nan,2,random,bk_pivot_p,0,186,0.0009760840330272913,0.0009581658523529768,0.001046875026077032,5,1089,451,2205,0,45.7
ba_n24_m3_s2,ba,24,63,nan,2,random,bk_ikgp,0,186,0.0007074580062180758,0.0006949999369680882,0.0007576248608529568,5,413,1,972,972,46.2
ba_n24_m3_s2,ba,24,63,nan,2,random,bk_basic_bit,1,186,0.005567790940403938,0.005557083059102297,0.005624874960631132,5,12396,,,,8.3
ba_n24_m3_s2,ba,24,63,nan,2,random,bk_pivot_bit,1,186,0.0006050840020179749,0.0006017920095473528,0.0006143329665064812,5,673,,,,7.9
ba_n24_m3_s2,ba,24,63,nan,2,random,bk_tomita_bit,1,186,0.0006433748640120029,0.0006375000812113285,0.0006486251950263977,5,407,,,,8.8
ba_n24_m3_s3,ba,24,63,nan,3,random,bk_basic,0,111,0.02215849980711937,0.022122791036963463,0.022345625096932054,5,30124,29540,0,0,50.3
ba_n24_m3_s3,ba,24,63,nan,3,random,bk_pivot,0,111,0.0007373748812824488,0.0007150829769670963,0.0007776669226586819,5,683,115,2689,0,49.8
ba_n24_m3_s3,ba,24,63,nan,3,random,bk_tomita,0,111,0.0005149170756340027,0.0004914170131087303,0.0006471248343586922,5,263,2,730,730,51.9
ba_n24_m3_s3,ba,24,63,nan,3,random,bk_pivot_p,0,111,0.001054875086992979,0.0010114579927176237,0.0010991250164806843,5,1104,531,3269,0,49.8
ba_n24_m3_s3,ba,24,63,nan,3,random,bk_ikgp,0,111,0.0005630420055240393,0.0005390830338001251,0.0006114998832345009,5,263,2,726,726,51.9
ba_n24_m3_s3,ba,24,63,nan,3,random,bk_basic_bit,1,111,0.0128284168895334,0.012824000092223287,0.014415874844416976,5,30124,,,,9.2
ba_n24_m3_s3,ba,24,63,nan,3,random,bk_pivot_bit,1,111,0.0007184578571468592,0.0007170001044869423,0.0007319170981645584,5,993,,,,8.8
ba_n24_m3_s3,ba,24,63,nan,3,random,bk_tomita_bit,1,111,0.00046316697262227535,0.00046279188245534897,0.0004682911094278097,5,279,,,,9.7
ws_n24_s1,ws,24,72,nan,1,random,bk_basic,0,377,0.0019392091780900955,0.0019177498761564493,0.002090916968882084,5,2848,1942,0,0,32.9
ws_n24_s1,ws,24,72,nan,1,random,bk_pivot,0,377,0.0007634169887751341,0.0007428748067468405,0.0008482090197503567,5,909,164,1919,0,32.6
ws_n24_s1,ws,24,72,nan,1,random,bk_tomita,0,377,0.0008658338338136673,0.0008511249907314777,0.0009466670453548431,5,638,11,1166,1166,32.7
ws_n24_s1,ws,24,72,nan,1,random,bk_pivot_p,0,377,0.0009853749070316553,0.0009598750621080399,0.0010532918386161327,5,1238,430,1807,0,32.6
ws_n24_s1,ws,24,72,nan,1,random,bk_ikgp,0,377,0.0009422500152140856,0.0009325828868895769,0.0009978748857975006,5,738,106,1230,1230,32.7
ws_n24_s1,ws,24,72,nan,1,random,bk_basic_bit,1,377,0.00159054109826684,0.001586790895089507,0.0016187499277293682,5,2848,,,,7.0
ws_n24_s1,ws,24,72,nan,1,random,bk_pivot_bit,1,377,0.0007563750259578228,0.0007537920027971268,0.0007631659973412752,5,758,,,,6.7
ws_n24_s1,ws,24,72,nan,1,random,bk_tomita_bit,1,377,0.0009145829826593399,0.0009123750496655703,0.000927165849134326,5,643,,,,7.3
ws_n24_s2,ws,24,72,nan,2,random,bk_basic,0,404,0.001728666014969349,0.00169095816090703,0.0018687078263610601,5,2570,1680,0,0,32.1
ws_n24_s2,ws,24,72,nan,2,random,bk_pivot,0,404,0.0007583750411868095,0.0007380000315606594,0.0008267499506473541,5,932,210,1640,0,31.3
ws_n24_s2,ws,24,72,nan,2,random,bk_tomita,0,404,0.0008556251414120197,0.0008350000716745853,0.000925291795283556,5,641,0,1100,1100,31.4
ws_n24_s2,ws,24,72,nan,2,random,bk_pivot_p,0,404,0.0008654170669615269,0.0008546668104827404,0.0009072090033441782,5,1116,369,1541,0,31.3
ws_n24_s2,ws,24,72,nan,2,random,bk_ikgp,0,404,0.0009298750665038824,0.00091758300550282,0.0009701249655336142,5,736,93,1187,1187,31.4
ws_n24_s2,ws,24,72,nan,2,random,bk_basic_bit,1,404,0.0014802920632064342,0.0014680828899145126,0.0015003748703747988,5,2570,,,,6.6
ws_n24_s2,ws,24,72,nan,2,random,bk_pivot_bit,1,404,0.0007419579196721315,0.0007412908598780632,0.0007545000407844782,5,735,,,,6.3
ws_n24_s2,ws,24,72,nan,2,random,bk_tomita_bit,1,404,0.0009531250689178705,0.0009458749555051327,0.0009631249122321606,5,696,,,,6.8
ws_n24_s3,ws,24,72,nan,3,random,bk_basic,0,368,0.002142125042155385,0.0020874999463558197,0.002334540942683816,5,3126,2097,0,0,33.9
ws_n24_s3,ws,24,72,nan,3,random,bk_pivot,0,368,0.000934625044465065,0.0009086248464882374,0.0010423329658806324,5,1081,178,2468,0,33.1
ws_n24_s3,ws,24,72,nan,3,random,bk_tomita,0,368,0.0007990407757461071,0.0007776250131428242,0.0008848751895129681,5,589,0,1060,1060,34.7
ws_n24_s3,ws,24,72,nan,3,random,bk_pivot_p,0,368,0.0011796669568866491,0.0011565000750124454,0.001275584101676941,5,1479,550,2152,0,33.1
ws_n24_s3,ws,24,72,nan,3,random,bk_ikgp,0,368,0.0008099579717963934,0.0007949580904096365,0.0008646249771118164,5,617,26,1056,1056,34.7
ws_n24_s3,ws,24,72,nan,3,random,bk_basic_bit,1,368,0.001716500148177147,0.0017081249970942736,0.0017352919094264507,5,3126,,,,7.1
ws_n24_s3,ws,24,72,nan,3,random,bk_pivot_bit,1,368,0.0007463328074663877,0.000744708115234971,0.0007550830487161875,5,735,,,,6.7
ws_n24_s3,ws,24,72,nan,3,random,bk_tomita_bit,1,368,0.0008607502095401287,0.0008562910370528698,0.0008667081128805876,5,582,,,,7.3
er_n26_p0.3_s1,er,26,104,0.3,1,random,bk_basic,0,224,0.0033539580181241035,0.0032389590051025152,0.0035405410453677177,5,4653,3887,0,0,42.4
er_n26_p0.3_s1,er,26,104,0.3,1,random,bk_pivot,0,224,0.0008522078860551119,0.0008280409965664148,0.0009581248741596937,5,899,199,2368,0,43.3
er_n26_p0.3_s1,er,26,104,0.3,1,random,bk_tomita,0,224,0.000889957882463932,0.0008583329617977142,0.0009993328712880611,5,516,10,1188,1188,43.8
er_n26_p0.3_s1,er,26,104,0.3,1,random,bk_pivot_p,0,224,0.0010217500384896994,0.0009897919371724129,0.0011041250545531511,5,1157,459,2133,0,43.3
er_n26_p0.3_s1,er,26,104,0.3,1,random,bk_ikgp,0,224,0.001064165960997343,0.001025791047140956,0.0011420841328799725,5,676,155,1343,1343,43.8
er_n26_p0.3_s1,er,26,104,0.3,1,random,bk_basic_bit,1,224,0.002328709000721574,0.002321917098015547,0.0023474160116165876,5,4653,,,,7.5
er_n26_p0.3_s1,er,26,104,0.3,1,random,bk_pivot_bit,1,224,0.0008318750187754631,0.0008287499658763409,0.000840167049318552,5,996,,,,7.1
er_n26_p0.3_s1,er,26,104,0.3,1,random,bk_tomita_bit,1,224,0.0007920828647911549,0.0007903329096734524,0.0007960000075399876,5,528,,,,7.8
er_n26_p0.5_s1,er,26,166,0.5,1,random,bk_basic,0,109,0.0005063749849796295,0.0004783330950886011,0.0006024579051882029,5,746,462,0,0,32.5
er_n26_p0.5_s1,er,26,166,0.5,1,random,bk_pivot,0,109,0.00026175007224082947,0.00025416607968509197,0.0002974171657115221,5,292,28,598,0,31.3
er_n26_p0.5_s1,er,26,166,0.5,1,random,bk_tomita,0,109,0.00031333393417298794,0.00029966607689857483,0.00036433315835893154,5,213,4,419,419,32.3
er_n26_p0.5_s1,er,26,166,0.5,1,random,bk_pivot_p,0,109,0.0002662090118974447,0.00026008300483226776,0.0002827499993145466,5,316,49,496,0,31.3
er_n26_p0.5_s1,er,26,166,0.5,1,random,bk_ikgp,0,109,0.00031649996526539326,0.000309790950268507,0.00033045816235244274,5,231,22,402,402,32.3
er_n26_p0.5_s1,er,26,166,0.5,1,random,bk_basic_bit,1,109,0.0004420001059770584,0.0004386669024825096,0.00045354198664426804,5,746,,,,6.5
er_n26_p0.5_s1,er,26,166,0.5,1,random,bk_pivot_bit,1,109,0.0003174168523401022,0.0003157078754156828,0.000326832989230752,5,367,,,,6.3
er_n26_p0.5_s1,er,26,166,0.5,1,random,bk_tomita_bit,1,109,0.00032275007106363773,0.00031804200261831284,0.00032950006425380707,5,224,,,,6.9
er_n26_p0.7_s1,er,26,229,0.7,1,random,bk_basic,0,49,0.00015474995598196983,0.00014741718769073486,0.00020470889285206795,5,213,103,0,0,27.7
er_n26_p0.7_s1,er,26,229,0.7,1,random,bk_pivot,0,49,0.0001205839216709137,0.00011875014752149582,0.00013920781202614307,5,128,20,224,0,27.6
er_n26_p0.7_s1,er,26,229,0.7,1,random,bk_tomita,0,49,0.00016129203140735626,0.00015579210594296455,0.00018479186110198498,5,108,9,201,201,28.3
er_n26_p0.7_s1,er,26,229,0.7,1,random,bk_pivot_p,0,49,0.00012233410961925983,0.00011945795267820358,0.00013129203580319881,5,137,28,178,0,27.6
er_n26_p0.7_s1,er,26,229,0.7,1,random,bk_ikgp,0,49,0.00015545799396932125,0.0001529159490019083,0.00016079191118478775,5,115,16,172,172,28.3
er_n26_p0.7_s1,er,26,229,0.7,1,random,bk_basic_bit,1,49,0.0001563329715281725,0.00015366612933576107,0.00016441615298390388,5,213,,,,5.6
er_n26_p0.7_s1,er,26,229,0.7,1,random,bk_pivot_bit,1,49,0.00013804202899336815,0.00013787508942186832,0.00014412496238946915,5,140,,,,5.4
er_n26_p0.7_s1,er,26,229,0.7,1,random,bk_tomita_bit,1,49,0.00015220791101455688,0.00015187496319413185,0.00015841680578887463,5,101,,,,5.9
er_n26_p0.3_s2,er,26,95,0.3,2,random,bk_basic,0,195,0.005907332990318537,0.005812166957184672,0.006125417072325945,5,7915,7135,0,0,45.3
er_n26_p0.3_s2,er,26,95,0.3,2,random,bk_pivot,0,195,0.0008934170473366976,0.0008562090806663036,0.0010133329778909683,5,906,221,2899,0,45.2
er_n26_p0.3_s2,er,26,95,0.3,2,random,bk_tomita,0,195,0.0009647500701248646,0.0009224580135196447,0.0010788750369101763,5,506,13,1307,1307,46.9
er_n26_p0.3_s2,er,26,95,0.3,2,random,bk_pivot_p,0,195,0.0012422918807715178,0.0012018750421702862,0.001342749921604991,5,1377,681,2704,0,45.1
er_n26_p0.3_s2,er,26,95,0.3,2,random,bk_ikgp,0,195,0.0010190419852733612,0.0009749999735504389,0.0011089588515460491,5,591,99,1327,1327,46.9
er_n26_p0.3_s2,er,26,95,0.3,2,random,bk_basic_bit,1,195,0.003674000035971403,0.003662874922156334,0.003708540927618742,5,7915,,,,7.9
er_n26_p0.3_s2,er,26,95,0.3,2,random,bk_pivot_bit,1,195,0.0007087499834597111,0.0007062079384922981,0.0007188329473137856,5,844,,,,7.5
er_n26_p0.3_s2,er,26,95,0.3,2,random,bk_tomita_bit,1,195,0.0007672500796616077,0.0007637909147888422,0.0007759579457342625,5,507,,,,8.3
er_n26_p0.5_s2,er,26,158,0.5,2,random,bk_basic,0,122,0.000570792006328702,0.0005449999589473009,0.0006810410413891077,5,848,520,0,0,31.7
er_n26_p0.5_s2,er,26,158,0.5,2,random,bk_pivot,0,122,0.0003659590147435665,0.00035529211163520813,0.00041683297604322433,5,409,99,929,0,31.8
er_n26_p0.5_s2,er,26,158,0.5,2,random,bk_tomita,0,122,0.0004087081179022789,0.00038529117591679096,0.00046624988317489624,5,265,13,561,561,32.0
er_n26_p0.5_s2,er,26,158,0.5,2,random,bk_pivot_p,0,122,0.00040449993684887886,0.00039616599678993225,0.0004439170006662607,5,491,172,712,0,32.0
er_n26_p0.5_s2,er,26,158,0.5,2,random,bk_ikgp,0,122,0.00043083401396870613,0.00042466609738767147,0.00045591709204018116,5,324,70,538,538,32.0
er_n26_p0.5_s2,er,26,158,0.5,2,random,bk_basic_bit,1,122,0.000491082901135087,0.00048587494529783726,0.0005029579624533653,5,848,,,,6.5
er_n26_p0.5_s2,er,26,158,0.5,2,random,bk_pivot_bit,1,122,0.0003321249969303608,0.0003302500117570162,0.0003376249223947525,5,376,,,,6.3
er_n26_p0.5_s2,er,26,158,0.5,2,random,bk_tomita_bit,1,122,0.0003849170170724392,0.00038304110057651997,0.00039050006307661533,5,271,,,,6.9
er_n26_p0.7_s2,er,26,223,0.7,2,random,bk_basic,0,64,0.00016287481412291527,0.00015379209071397781,0.00021366705186665058,5,224,86,0,0,28.1
er_n26_p0.7_s2,er,26,223,0.7,2,random,bk_pivot,0,64,0.00014650006778538227,0.00014170818030834198,0.0001680420245975256,5,159,25,307,0,28.1
er_n26_p0.7_s2,er,26,223,0.7,2,random,bk_tomita,0,64,0.00017587491311132908,0.00017145788297057152,0.00020133284851908684,5,122,5,224,224,28.0
er_n26_p0.7_s2,er,26,223,0.7,2,random,bk_pivot_p,0,64,0.00015120906755328178,0.00014808308333158493,0.0001688748598098755,5,177,41,216,0,28.1
er_n26_p0.7_s2,er,26,223,0.7,2,random,bk_ikgp,0,64,0.0001746669877320528,0.00017170794308185577,0.00018454203382134438,5,137,20,194,194,28.0
er_n26_p0.7_s2,er,26,223,0.7,2,random,bk_basic_bit,1,64,0.0001660841517150402,0.00016499985940754414,0.0001742909662425518,5,224,,,,4.7
er_n26_p0.7_s2,er,26,223,0.7,2,random,bk_pivot_bit,1,64,0.00014899997040629387,0.00014837505295872688,0.0001541248057037592,5,151,,,,4.6
er_n26_p0.7_s2,er,26,223,0.7,2,random,bk_tomita_bit,1,64,0.00017895805649459362,0.00017799995839595795,0.0001829999964684248,5,122,,,,4.9
er_n26_p0.3_s3,er,26,89,0.3,3,random,bk_basic,0,374,0.005084082949906588,0.005008707987144589,0.00533904111944139,5,6957,5734,0,0,50.2
er_n26_p0.3_s3,er,26,89,0.3,3,random,bk_pivot,0,374,0.0013705419842153788,0.0013250841293483973,0.0014999171253293753,5,1414,355,3885,0,47.8
er_n26_p0.3_s3,er,26,89,0.3,3,random,bk_tomita,0,374,0.0014789998531341553,0.0014608749188482761,0.0015467500779777765,5,814,11,1831,1831,50.4
er_n26_p0.3_s3,er,26,89,0.3,3,random,bk_pivot_p,0,374,0.00148620898835361,0.0014416670892387629,0.0016018340829759836,5,1689,629,2831,0,47.8
er_n26_p0.3_s3,er,26,89,0.3,3,random,bk_ikgp,0,374,0.0016860829200595617,0.0015049169305711985,0.0017748749814927578,5,881,71,1758,1758,50.4
er_n26_p0.3_s3,er,26,89,0.3,3,random,bk_basic_bit,1,374,0.00393645791336894,0.003709999844431877,0.00419779191724956,5,6957,,,,7.8
er_n26_p0.3_s3,er,26,89,0.3,3,random,bk_pivot_bit,1,374,0.0013319579884409904,0.0013009170070290565,0.0014339170884341002,5,1550,,,,7.4
er_n26_p0.3_s3,er,26,89,0.3,3,random,bk_tomita_bit,1,374,0.0012249581050127745,0.0012237080372869968,0.0012511250097304583,5,828,,,,8.2
er_n26_p0.5_s3,er,26,156,0.5,3,random,bk_basic,0,110,0.0007013750728219748,0.0006100828759372234,0.0008119591511785984,5,966,680,0,0,32.5
er_n26_p0.5_s3,er,26,156,0.5,3,random,bk_pivot,0,110,0.0003360421396791935,0.0003215828910470009,0.00038608303293585777,5,372,100,884,0,32.3
er_n26_p0.5_s3,er,26,156,0.5,3,random,bk_tomita,0,110,0.0004437919706106186,0.00037575000897049904,0.00047791702672839165,5,235,7,521,521,32.4
er_n26_p0.5_s3,er,26,156,0.5,3,random,bk_pivot_p,0,110,0.00042537483386695385,0.00038941693492233753,0.0004492499865591526,5,433,159,681,0,32.3
er_n26_p0.5_s3,er,26,156,0.5,3,random,bk_ikgp,0,110,0.0004092911258339882,0.00036366586573421955,0.0005175410769879818,5,263,36,487,487,32.4
er_n26_p0.5_s3,er,26,156,0.5,3,random,bk_basic_bit,1,110,0.0005693330895155668,0.0005615002010017633,0.0005914159119129181,5,966,,,,6.5
er_n26_p0.5_s3,er,26,156,0.5,3,random,bk_pivot_bit,1,110,0.0003340838011354208,0.0003275421913713217,0.0003417080733925104,5,359,,,,6.3
er_n26_p0.5_s3,er,26,156,0.5,3,random,bk_tomita_bit,1,110,0.0004055839963257313,0.0003845419269055128,0.00045808288268744946,5,250,,,,6.9
er_n26_p0.7_s3,er,26,224,0.7,3,random,bk_basic,0,65,0.00016241706907749176,0.0001599169336259365,0.0002223330084234476,5,211,75,0,0,28.6
er_n26_p0.7_s3,er,26,224,0.7,3,random,bk_pivot,0,65,0.00015904102474451065,0.000147499842569232,0.00017754198051989079,5,165,34,279,0,28.6
er_n26_p0.7_s3,er,26,224,0.7,3,random,bk_tomita,0,65,0.00017041712999343872,0.00016487506218254566,0.0002013340126723051,5,125,6,221,221,28.5
er_n26_p0.7_s3,er,26,224,0.7,3,random,bk_pivot_p,0,65,0.0001502081286162138,0.0001461249776184559,0.00015891692601144314,5,179,47,206,0,28.5
er_n26_p0.7_s3,er,26,224,0.7,3,random,bk_ikgp,0,65,0.00016191694885492325,0.00016037514433264732,0.00016949977725744247,5,130,11,180,180,28.5
er_n26_p0.7_s3,er,26,224,0.7,3,random,bk_basic_bit,1,65,0.0001618748065084219,0.00016095908358693123,0.00017270795069634914,5,211,,,,4.7
er_n26_p0.7_s3,er,26,224,0.7,3,random,bk_pivot_bit,1,65,0.00015783286653459072,0.00015487498603761196,0.00016766716726124287,5,152,,,,4.6
er_n26_p0.7_s3,er,26,224,0.7,3,random,bk_tomita_bit,1,65,0.00020016590133309364,0.00018483400344848633,0.00021641608327627182,5,124,,,,5.0
ba_n26_m3_s1,ba,26,69,nan,1,random,bk_basic,0,363,0.03459358285181224,0.0345464579295367,0.035576666006818414,5,44852,43288,0,0,59.2
ba_n26_m3_s1,ba,26,69,nan,1,random,bk_pivot,0,363,0.0018306667916476727,0.00179237499833107,0.001998125109821558,5,1802,390,6761,0,57.7
ba_n26_m3_s1,ba,26,69,nan,1,random,bk_tomita,0,363,0.001311207888647914,0.001274291891604662,0.0014701660256832838,5,747,0,1786,1786,60.8
ba_n26_m3_s1,ba,26,69,nan,1,random,bk_pivot_p,0,363,0.0035912918392568827,0.0035351249389350414,0.0037566660903394222,5,3792,2372,9567,0,57.7
ba_n26_m3_s1,ba,26,69,nan,1,random,bk_ikgp,0,363,0.0013441250193864107,0.0013087079860270023,0.0014873750042170286,5,785,36,1792,1792,60.8
ba_n26_m3_s1,ba,26,69,nan,1,random,bk_basic_bit,1,363,0.019743582932278514,0.019593667006120086,0.020161791006103158,5,44852,,,,8.9
ba_n26_m3_s1,ba,26,69,nan,1,random,bk_pivot_bit,1,363,0.0016887080855667591,0.0015676668845117092,0.0018289589788764715,5,1740,,,,8.4
ba_n26_m3_s1,ba,26,69,nan,1,random,bk_tomita_bit,1,363,0.001509999856352806,0.0013862079940736294,0.0015527908690273762,5,801,,,,9.3
ba_n26_m3_s2,ba,26,69,nan,2,random,bk_basic,0,255,0.024516666075214744,0.022826333064585924,0.02660874999128282,5,29623,28327,0,0,52.9
ba_n26_m3_s2,ba,26,69,nan,2,random,bk_pivot,0,255,0.001776333199813962,0.0017215409316122532,0.0019505408126860857,5,1698,626,6528,0,51.7
ba_n26_m3_s2,ba,26,69,nan,2,random,bk_tomita,0,255,0.0011417919304221869,0.001046417048200965,0.0012464579194784164,5,574,1,1463,1463,53.3
ba_n26_m3_s2,ba,26,69,nan,2,random,bk_pivot_p,0,255,0.0021627501118928194,0.0021005000453442335,0.0022881668992340565,5,2327,1197,5594,0,51.7
ba_n26_m3_s2,ba,26,69,nan,2,random,bk_ikgp,0,255,0.0011282078921794891,0.001044166972860694,0.0011952081695199013,5,574,1,1455,1455,53.3
ba_n26_m3_s2,ba,26,69,nan,2,random,bk_basic_bit,1,255,0.013817792059853673,0.013381040887907147,0.014311374863609672,5,29623,,,,8.9
ba_n26_m3_s2,ba,26,69,nan,2,random,bk_pivot_bit,1,255,0.0009052089881151915,0.0009029160719364882,0.0009183748625218868,5,1026,,,,8.4
ba_n26_m3_s2,ba,26,69,nan,2,random,bk_tomita_bit,1,255,0.0009393328800797462,0.0009265418630093336,0.0009456251282244921,5,577,,,,9.3
ba_n26_m3_s3,ba,26,69,nan,3,random,bk_basic,0,171,0.05146358301863074,0.05088229104876518,0.05260683409869671,5,67380,66376,0,0,60.4
ba_n26_m3_s3,ba,26,69,nan,3,random,bk_pivot,0,171,0.0015490420628339052,0.001488666981458664,0.0016343339812010527,5,1376,492,6384,0,59.8
ba_n26_m3_s3,ba,26,69,nan,3,random,bk_tomita,0,171,0.0009304999839514494,0.0008669998496770859,0.001070499885827303,5,442,7,1329,1329,61.9
ba_n26_m3_s3,ba,26,69,nan,3,random,bk_pivot_p,0,171,0.004529832862317562,0.004098584176972508,0.005419624969363213,5,4269,3340,11246,0,59.8
ba_n26_m3_s3,ba,26,69,nan,3,random,bk_ikgp,0,171,0.001023750053718686,0.0010153751354664564,0.001144208014011383,5,479,40,1420,1420,61.9
ba_n26_m3_s3,ba,26,69,nan,3,random,bk_basic_bit,1,171,0.029125875094905496,0.028981833020225167,0.04063166701234877,5,67380,,,,9.8
ba_n26_m3_s3,ba,26,69,nan,3,random,bk_pivot_bit,1,171,0.001217750133946538,0.0012095840647816658,0.0012516670394688845,5,1717,,,,9.2
ba_n26_m3_s3,ba,26,69,nan,3,random,bk_tomita_bit,1,171,0.0007271249778568745,0.000723124947398901,0.0007361250463873148,5,425,,,,10.3
ws_n26_s1,ws,26,78,nan,1,random,bk_basic,0,590,0.0042415831703692675,0.004168833140283823,0.004509707912802696,5,5929,4262,0,0,65.1
ws_n26_s1,ws,26,78,nan,1,random,bk_pivot,0,590,0.0016975831240415573,0.0016620410606265068,0.0018599580507725477,5,1913,455,4349,0,64.4
ws_n26_s1,ws,26,78,nan,1,random,bk_tomita,0,590,0.0021059999708086252,0.001862791134044528,0.0022768748458474874,5,1000,7,1912,1912,65.4
ws_n26_s1,ws,26,78,nan,1,random,bk_pivot_p,0,590,0.0021264590322971344,0.002023375127464533,0.0024590420071035624,5,2236,758,3453,0,64.4
ws_n26_s1,ws,26,78,nan,1,random,bk_ikgp,0,590,0.0017545840237289667,0.0016610829625278711,0.0019268339965492487,5,1153,152,2056,2056,65.4
ws_n26_s1,ws,26,78,nan,1,random,bk_basic_bit,1,590,0.0031895001884549856,0.0031709170434623957,0.00330716697499156,5,5929,,,,7.5
ws_n26_s1,ws,26,78,nan,1,random,bk_pivot_bit,1,590,0.0012764160055667162,0.0012338750530034304,0.0013049999251961708,5,1241,,,,7.1
ws_n26_s1,ws,26,78,nan,1,random,bk_tomita_bit,1,590,0.001606374979019165,0.0015714999753981829,0.001634665997698903,5,1075,,,,7.8
ws_n26_s2,ws,26,78,nan,2,random,bk_basic,0,679,0.0036639170721173286,0.0034763331059366465,0.003785250009968877,5,5022,3239,0,0,68.9
ws_n26_s2,ws,26,78,nan,2,random,bk_pivot,0,679,0.0013368749059736729,0.0013111250009387732,0.0014546250458806753,5,1609,300,3072,0,69.6
ws_n26_s2,ws,26,78,nan,2,random,bk_tomita,0,679,0.001649749930948019,0.0015804159920662642,0.0017785830423235893,5,1121,6,1906,1906,69.6
ws_n26_s2,ws,26,78,nan,2,random,bk_pivot_p,0,679,0.0018840001430362463,0.001747707836329937,0.0019238339737057686,5,2213,818,3103,0,69.6
ws_n26_s2,ws,26,78,nan,2,random,bk_ikgp,0,679,0.0016750001814216375,0.001605000114068389,0.0018103329930454493,5,1255,134,2036,2036,69.6
ws_n26_s2,ws,26,78,nan,2,random,bk_basic_bit,1,679,0.0028931249398738146,0.002839042106643319,0.0029551249463111162,5,5022,,,,7.2
ws_n26_s2,ws,26,78,nan,2,random,bk_pivot_bit,1,679,0.0013150000013411045,0.0012811250053346157,0.0013541670050472021,5,1222,,,,6.7
ws_n26_s2,ws,26,78,nan,2,random,bk_tomita_bit,1,679,0.0016378751024603844,0.0016155000776052475,0.001665583811700344,5,1130,,,,7.3
ws_n26_s3,ws,26,78,nan,3,random,bk_basic,0,562,0.004870624979957938,0.004642500076442957,0.0050052918959409,5,6317,4554,0,0,60.6
ws_n26_s3,ws,26,78,nan,3,random,bk_pivot,0,562,0.001895291032269597,0.0017338749021291733,0.002040624851360917,5,1887,355,4483,0,59.8
ws_n26_s3,ws,26,78,nan,3,random,bk_tomita,0,562,0.0015781659167259932,0.001532499911263585,0.0019031669944524765,5,1010,21,1975,1975,60.9
ws_n26_s3,ws,26,78,nan,3,random,bk_pivot_p,0,562,0.002036415971815586,0.001969250151887536,0.00229704100638628,5,2282,704,3586,0,59.8
ws_n26_s3,ws,26,78,nan,3,random,bk_ikgp,0,562,0.002027624985203147,0.0019295839592814445,0.0020892079919576645,5,1244,224,2250,2250,60.9
ws_n26_s3,ws,26,78,nan,3,random,bk_basic_bit,1,562,0.0035494170151650906,0.0033365001436322927,0.003555125091224909,5,6317,,,,7.5
ws_n26_s3,ws,26,78,nan,3,random,bk_pivot_bit,1,562,0.0013022921048104763,0.0012790830805897713,0.0013240831904113293,5,1308,,,,7.2
ws_n26_s3,ws,26,78,nan,3,random,bk_tomita_bit,1,562,0.0015821249689906836,0.001574625028297305,0.0016070420388132334,5,1083,,,,7.8
er_n28_p0.3_s1,er,28,121,0.3,1,random,bk_basic,0,331,0.0042458330281078815,0.0041230840142816305,0.004448458086699247,5,5802,4733,0,0,57.6
er_n28_p0.3_s1,er,28,121,0.3,1,random,bk_pivot,0,331,0.0013392081018537283,0.0012818330433219671,0.001487333094701171,5,1396,383,3731,0,56.8
er_n28_p0.3_s1,er,28,121,0.3,1,random,bk_tomita,0,331,0.001095459097996354,0.0010471660643815994,0.0012655421160161495,5,665,11,1490,1490,59.3
er_n28_p0.3_s1,er,28,121,0.3,1,random,bk_pivot_p,0,331,0.001555624883621931,0.0014838750939816236,0.0016647081356495619,5,1719,711,2807,0,56.8
er_n28_p0.3_s1,er,28,121,0.3,1,random,bk_ikgp,0,331,0.0012300419621169567,0.0011414170730859041,0.001313582994043827,5,738,79,1444,1444,59.3
er_n28_p0.3_s1,er,28,121,0.3,1,random,bk_basic_bit,1,331,0.0029011250007897615,0.0028883330523967743,0.0029236250557005405,5,5802,,,,7.5
er_n28_p0.3_s1,er,28,121,0.3,1,random,bk_pivot_bit,1,331,0.0010409168899059296,0.0010212080087512732,0.0010465418454259634,5,1193,,,,7.2
er_n28_p0.3_s1,er,28,121,0.3,1,random,bk_tomita_bit,1,331,0.0010491670109331608,0.0010376248974353075,0.0010665839072316885,5,705,,,,7.9
er_n28_p0.5_s1,er,28,191,0.5,1,random,bk_basic,0,122,0.0007004169747233391,0.0006678751669824123,0.0008120411075651646,5,1030,711,0,0,35.5
er_n28_p0.5_s1,er,28,191,0.5,1,random,bk_pivot,0,122,0.0004360000602900982,0.0004266249015927315,0.0005165410693734884,5,476,157,1188,0,35.2
er_n28_p0.5_s1,er,28,191,0.5,1,random,bk_tomita,0,122,0.0005040830001235008,0.00045050005428493023,0.0005501250270754099,5,269,8,586,586,36.4
er_n28_p0.5_s1,er,28,191,0.5,1,random,bk_pivot_p,0,122,0.0004951669834554195,0.0004848330281674862,0.000550959026440978,5,587,271,829,0,35.3
er_n28_p0.5_s1,er,28,191,0.5,1,random,bk_ikgp,0,122,0.00042470800690352917,0.000409458065405488,0.0004757919814437628,5,301,43,528,528,36.4
er_n28_p0.5_s1,er,28,191,0.5,1,random,bk_basic_bit,1,122,0.0005838340148329735,0.0005763750523328781,0.0005912911146879196,5,1030,,,,6.6
er_n28_p0.5_s1,er,28,191,0.5,1,random,bk_pivot_bit,1,122,0.00037283310666680336,0.0003719581291079521,0.0003832918591797352,5,443,,,,6.4
er_n28_p0.5_s1,er,28,191,0.5,1,random,bk_tomita_bit,1,122,0.0003896669950336218,0.00038554100319743156,0.00039904192090034485,5,272,,,,6.9
er_n28_p0.7_s1,er,28,263,0.7,1,random,bk_basic,0,64,0.00018479092977941036,0.00017566606402397156,0.00024112500250339508,5,256,129,0,0,29.6
er_n28_p0.7_s1,er,28,263,0.7,1,random,bk_pivot,0,64,0.00017708400264382362,0.0001721251755952835,0.00020195799879729748,5,200,73,372,0,30.0
er_n28_p0.7_s1,er,28,263,0.7,1,random,bk_tomita,0,64,0.00019008293747901917,0.0001863751094788313,0.00021199998445808887,5,131,10,231,231,29.5
er_n28_p0.7_s1,er,28,263,0.7,1,random,bk_pivot_p,0,64,0.0001764169428497553,0.00017404090613126755,0.00018895813263952732,5,214,88,249,0,29.6
er_n28_p0.7_s1,er,28,263,0.7,1,random,bk_ikgp,0,64,0.0001837499439716339,0.00018158298917114735,0.00019116699695587158,5,142,21,202,202,29.5
er_n28_p0.7_s1,er,28,263,0.7,1,random,bk_basic_bit,1,64,0.0001849168911576271,0.00018420792184770107,0.00019537517800927162,5,256,,,,4.7
er_n28_p0.7_s1,er,28,263,0.7,1,random,bk_pivot_bit,1,64,0.00017266697250306606,0.00017141597345471382,0.00017608306370675564,5,181,,,,4.7
er_n28_p0.7_s1,er,28,263,0.7,1,random,bk_tomita_bit,1,64,0.00018858304247260094,0.00018795905634760857,0.00019675004296004772,5,129,,,,5.0
er_n28_p0.3_s2,er,28,111,0.3,2,random,bk_basic,0,285,0.007836041040718555,0.007793583907186985,0.008032209007069468,5,10681,9617,0,0,69.7
er_n28_p0.3_s2,er,28,111,0.3,2,random,bk_pivot,0,285,0.0014517498202621937,0.0013973340392112732,0.001603459008038044,5,1429,442,4811,0,70.1
er_n28_p0.3_s2,er,28,111,0.3,2,random,bk_tomita,0,285,0.0013085419777780771,0.0012415419332683086,0.0014510410837829113,5,692,20,1785,1785,70.1
er_n28_p0.3_s2,er,28,111,0.3,2,random,bk_pivot_p,0,285,0.0022501249331980944,0.002159500028938055,0.0024262501392513514,5,2441,1430,4669,0,70.1
er_n28_p0.3_s2,er,28,111,0.3,2,random,bk_ikgp,0,285,0.001399416010826826,0.0013406670186668634,0.0015430832281708717,5,825,145,1823,1823,70.1
er_n28_p0.3_s2,er,28,111,0.3,2,random,bk_basic_bit,1,285,0.005050041945651174,0.005005707964301109,0.005177832907065749,5,10681,,,,8.0
er_n28_p0.3_s2,er,28,111,0.3,2,random,bk_pivot_bit,1,285,0.0009835842065513134,0.0009778751991689205,0.0009984171483665705,5,1140,,,,7.5
er_n28_p0.3_s2,er,28,111,0.3,2,random,bk_tomita_bit,1,285,0.0010345829650759697,0.0010299158748239279,0.0010479169432073832,5,682,,,,8.3
er_n28_p0.5_s2,er,28,185,0.5,2,random,bk_basic,0,164,0.0006956248544156551,0.0006637498736381531,0.0008088329341262579,5,1003,583,0,0,33.1
er_n28_p0.5_s2,er,28,185,0.5,2,random,bk_pivot,0,164,0.0004386249929666519,0.0004223331343382597,0.0005056671798229218,5,489,97,1127,0,33.5
er_n28_p0.5_s2,er,28,185,0.5,2,random,bk_tomita,0,164,0.0005135000683367252,0.0004944999236613512,0.0005919160321354866,5,341,15,726,726,33.7
er_n28_p0.5_s2,er,28,185,0.5,2,random,bk_pivot_p,0,164,0.00046962499618530273,0.0004558749496936798,0.0005144579336047173,5,561,160,810,0,33.5
er_n28_p0.5_s2,er,28,185,0.5,2,random,bk_ikgp,0,164,0.0005135410465300083,0.0005002918187528849,0.0005515001248568296,5,386,58,629,629,33.7
er_n28_p0.5_s2,er,28,185,0.5,2,random,bk_basic_bit,1,164,0.0005845827981829643,0.0005826249253004789,0.0005996250547468662,5,1003,,,,6.6
er_n28_p0.5_s2,er,28,185,0.5,2,random,bk_pivot_bit,1,164,0.0003996659070253372,0.0003992910496890545,0.00040683289989829063,5,450,,,,6.3
er_n28_p0.5_s2,er,28,185,0.5,2,random,bk_tomita_bit,1,164,0.0004712911322712898,0.000470499973744154,0.0004914579913020134,5,338,,,,6.9
er_n28_p0.7_s2,er,28,260,0.7,2,random,bk_basic,0,71,0.00018704216927289963,0.00017687492072582245,0.00023920810781419277,5,258,107,0,0,31.0
er_n28_p0.7_s2,er,28,260,0.7,2,random,bk_pivot,0,71,0.0001727920025587082,0.0001674580853432417,0.000193500192835927,5,193,40,364,0,31.0
er_n28_p0.7_s2,er,28,260,0.7,2,random,bk_tomita,0,71,0.0001997910439968109,0.00019308296032249928,0.00022837496362626553,5,141,9,252,252,30.9
er_n28_p0.7_s2,er,28,260,0.7,2,random,bk_pivot_p,0,71,0.00017220806330442429,0.00016862503252923489,0.00018741702660918236,5,202,48,250,0,31.5
er_n28_p0.7_s2,er,28,260,0.7,2,random,bk_ikgp,0,71,0.0001924580428749323,0.000189624959602952,0.00020120805129408836,5,151,19,216,216,30.9
er_n28_p0.7_s2,er,28,260,0.7,2,random,bk_basic_bit,1,71,0.00019179098308086395,0.00019033299759030342,0.00019912514835596085,5,258,,,,4.7
er_n28_p0.7_s2,er,28,260,0.7,2,random,bk_pivot_bit,1,71,0.00017608306370675564,0.00017541693523526192,0.00018116715364158154,5,183,,,,4.7
er_n28_p0.7_s2,er,28,260,0.7,2,random,bk_tomita_bit,1,71,0.00019862502813339233,0.00019791699014604092,0.00020604208111763,5,135,,,,5.0
er_n28_p0.3_s3,er,28,105,0.3,3,random,bk_basic,0,386,0.008208958199247718,0.008187792031094432,0.008385707857087255,5,10841,9381,0,0,68.7
er_n28_p0.3_s3,er,28,105,0.3,3,random,bk_pivot,0,386,0.0019522500224411488,0.0018912500236183405,0.0021300828084349632,5,1931,652,6110,0,67.3
er_n28_p0.3_s3,er,28,105,0.3,3,random,bk_tomita,0,386,0.0016669169999659061,0.0016068750992417336,0.0018340421374887228,5,912,17,2250,2250,67.8
er_n28_p0.3_s3,er,28,105,0.3,3,random,bk_pivot_p,0,386,0.0026184588205069304,0.0025377499405294657,0.0028325840830802917,5,2877,1596,5139,0,67.3
er_n28_p0.3_s3,er,28,105,0.3,3,random,bk_ikgp,0,386,0.0017906669527292252,0.0017304997891187668,0.0019527908880263567,5,1060,156,2259,2259,67.8
er_n28_p0.3_s3,er,28,105,0.3,3,random,bk_basic_bit,1,386,0.005188790848478675,0.005178041057661176,0.005231457995250821,5,10841,,,,8.0
er_n28_p0.3_s3,er,28,105,0.3,3,random,bk_pivot_bit,1,386,0.001244707964360714,0.001243166159838438,0.0012635409366339445,5,1414,,,,7.7
er_n28_p0.3_s3,er,28,105,0.3,3,random,bk_tomita_bit,1,386,0.001310958992689848,0.0013102919328957796,0.0013188750017434359,5,866,,,,8.3
er_n28_p0.5_s3,er,28,185,0.5,3,random,bk_basic,0,144,0.0007139171939343214,0.0006874168757349253,0.0008385840337723494,5,1056,668,0,0,33.9
er_n28_p0.5_s3,er,28,185,0.5,3,random,bk_pivot,0,144,0.0004232909996062517,0.00040491693653166294,0.0004837079904973507,5,463,114,1123,0,33.7
er_n28_p0.5_s3,er,28,185,0.5,3,random,bk_tomita,0,144,0.0004865000955760479,0.00046916701830923557,0.0005570410285145044,5,314,19,697,697,33.7
er_n28_p0.5_s3,er,28,185,0.5,3,random,bk_pivot_p,0,144,0.0005133331287652254,0.0004973330069333315,0.000560541870072484,5,621,260,869,0,33.7
er_n28_p0.5_s3,er,28,185,0.5,3,random,bk_ikgp,0,144,0.0004941250663250685,0.00048225000500679016,0.0005281658377498388,5,364,68,620,620,33.7
er_n28_p0.5_s3,er,28,185,0.5,3,random,bk_basic_bit,1,144,0.0006006669718772173,0.0005994169041514397,0.0006151250563561916,5,1056,,,,6.6
er_n28_p0.5_s3,er,28,185,0.5,3,random,bk_pivot_bit,1,144,0.00039158319123089314,0.0003899580333381891,0.0003989159595221281,5,438,,,,6.3
er_n28_p0.5_s3,er,28,185,0.5,3,random,bk_tomita_bit,1,144,0.00045229215174913406,0.00045112520456314087,0.0004605420399457216,5,312,,,,7.0
er_n28_p0.7_s3,er,28,264,0.7,3,random,bk_basic,0,80,0.0001767091453075409,0.00016762502491474152,0.00022416701540350914,5,238,75,0,0,30.0
er_n28_p0.7_s3,er,28,264,0.7,3,random,bk_pivot,0,80,0.00016912491992115974,0.0001642908900976181,0.00018970901146531105,5,188,32,342,0,30.0
er_n28_p0.7_s3,er,28,264,0.7,3,random,bk_tomita,0,80,0.00019958289340138435,0.00019408389925956726,0.00022695795632898808,5,145,8,247,247,30.0
er_n28_p0.7_s3,er,28,264,0.7,3,random,bk_pivot_p,0,80,0.00016208412125706673,0.00015862495638430119,0.00017550005577504635,5,188,34,228,0,30.0
er_n28_p0.7_s3,er,28,264,0.7,3,random,bk_ikgp,0,80,0.0001866249367594719,0.00018425006419420242,0.00019562500528991222,5,149,12,204,204,30.0
er_n28_p0.7_s3,er,28,264,0.7,3,random,bk_basic_bit,1,80,0.00018562516197562218,0.00018337485380470753,0.0001947090495377779,5,238,,,,4.7
er_n28_p0.7_s3,er,28,264,0.7,3,random,bk_pivot_bit,1,80,0.0001750001683831215,0.00017304113134741783,0.0001827501691877842,5,177,,,,4.7
er_n28_p0.7_s3,er,28,264,0.7,3,random,bk_tomita_bit,1,80,0.00021279207430779934,0.0002127080224454403,0.0002189998049288988,5,148,,,,5.0
ba_n28_m3_s1,ba,28,75,nan,1,random,bk_basic,0,507,0.08098970795981586,0.08081954205408692,0.08170870901085436,5,103340,101160,0,0,67.4
ba_n28_m3_s1,ba,28,75,nan,1,random,bk_pivot,0,507,0.002205834025517106,0.002142874989658594,0.0023966250009834766,5,2151,332,8216,0,66.7
ba_n28_m3_s1,ba,28,75,nan,1,random,bk_tomita,0,507,0.0019526251126080751,0.0019174590706825256,0.0021418749820441008,5,1077,2,2589,2589,68.8
ba_n28_m3_s1,ba,28,75,nan,1,random,bk_pivot_p,0,507,0.005949582904577255,0.0058840420097112656,0.0062937079928815365,5,6165,4278,15504,0,66.7
ba_n28_m3_s1,ba,28,75,nan,1,random,bk_ikgp,0,507,0.0020010420121252537,0.0019499589689075947,0.002187125151976943,5,1132,48,2602,2602,68.8
ba_n28_m3_s1,ba,28,75,nan,1,random,bk_basic_bit,1,507,0.04415316600352526,0.044061125023290515,0.05137045797891915,5,103340,,,,9.5
ba_n28_m3_s1,ba,28,75,nan,1,random,bk_pivot_bit,1,507,0.0024188749957829714,0.0023176248650997877,0.002504875184968114,5,2866,,,,9.0
ba_n28_m3_s1,ba,28,75,nan,1,random,bk_tomita_bit,1,507,0.0018654998857527971,0.0018621250055730343,0.0018782499246299267,5,1109,,,,9.9
ba_n28_m3_s2,ba,28,75,nan,2,random,bk_basic,0,315,0.056803249986842275,0.05625287489965558,0.057835042010992765,5,72275,70448,0,0,66.9
ba_n28_m3_s2,ba,28,75,nan,2,random,bk_pivot,0,315,0.0023032911121845245,0.0022558330092579126,0.0024975831620395184,5,2233,669,8926,0,64.7
ba_n28_m3_s2,ba,28,75,nan,2,random,bk_tomita,0,315,0.0015380829572677612,0.001488290959969163,0.001699207816272974,5,770,1,2073,2073,68.8
ba_n28_m3_s2,ba,28,75,nan,2,random,bk_pivot_p,0,315,0.0025611661840230227,0.002482041949406266,0.0027069998905062675,5,2671,1063,7324,0,64.7
ba_n28_m3_s2,ba,28,75,nan,2,random,bk_ikgp,0,315,0.0015353329945355654,0.0014934157952666283,0.0016669169999659061,5,780,10,2067,2067,68.8
ba_n28_m3_s2,ba,28,75,nan,2,random,bk_basic_bit,1,315,0.031366416020318866,0.03133533289656043,0.03162983292713761,5,72275,,,,9.9
ba_n28_m3_s2,ba,28,75,nan,2,random,bk_pivot_bit,1,315,0.0012412911746650934,0.0012310410384088755,0.0012528749648481607,5,1442,,,,9.2
ba_n28_m3_s2,ba,28,75,nan,2,random,bk_tomita_bit,1,315,0.0011854998301714659,0.0011837908532470465,0.0011964167933911085,5,714,,,,10.4
ba_n28_m3_s3,ba,28,75,nan,3,random,bk_basic,0,179,0.14211687492206693,0.1416650409810245,0.1435624579899013,5,188944,187746,0,0,71.2
ba_n28_m3_s3,ba,28,75,nan,3,random,bk_pivot,0,179,0.001794917043298483,0.0016965419054031372,0.0019694999791681767,5,1475,403,8160,0,70.4
ba_n28_m3_s3,ba,28,75,nan,3,random,bk_tomita,0,179,0.0010264168959110975,0.0009519169107079506,0.0012162080965936184,5,449,2,1394,1394,74.0
ba_n28_m3_s3,ba,28,75,nan,3,random,bk_pivot_p,0,179,0.0051599168218672276,0.004975958028808236,0.005292375106364489,5,5049,3909,15495,0,70.4
ba_n28_m3_s3,ba,28,75,nan,3,random,bk_ikgp,0,179,0.0010546250268816948,0.0010013331193476915,0.0011477498337626457,5,450,3,1391,1391,74.0
ba_n28_m3_s3,ba,28,75,nan,3,random,bk_basic_bit,1,179,0.0802633329294622,0.07985408301465213,0.08090404188260436,5,188944,,,,10.7
ba_n28_m3_s3,ba,28,75,nan,3,random,bk_pivot_bit,1,179,0.001512833870947361,0.0014831249136477709,0.0015561250038444996,5,2143,,,,10.1
ba_n28_m3_s3,ba,28,75,nan,3,random,bk_tomita_bit,1,179,0.000857457984238863,0.0008458751253783703,0.0008849999867379665,5,497,,,,11.0
ws_n28_s1,ws,28,84,nan,1,random,bk_basic,0,1010,0.008713958086445928,0.008573542116209865,0.00945970811881125,5,11145,8308,0,0,77.6
ws_n28_s1,ws,28,84,nan,1,random,bk_pivot,0,1010,0.003284541890025139,0.0031827089842408895,0.003505249973386526,5,3475,972,7908,0,75.7
ws_n28_s1,ws,28,84,nan,1,random,bk_tomita,0,1010,0.002648875117301941,0.0025643750559538603,0.002845834009349346,5,1760,39,3242,3242,77.3
ws_n28_s1,ws,28,84,nan,1,random,bk_pivot_p,0,1010,0.0033517919946461916,0.003293583169579506,0.003647333011031151,5,3884,1354,6004,0,76.2
ws_n28_s1,ws,28,84,nan,1,random,bk_ikgp,0,1010,0.0028369580395519733,0.00275087496265769,0.0029652079101651907,5,1969,240,3384,3384,77.3
ws_n28_s1,ws,28,84,nan,1,random,bk_basic_bit,1,1010,0.006006625015288591,0.005933416076004505,0.0061275840271264315,5,11145,,,,7.6
ws_n28_s1,ws,28,84,nan,1,random,bk_pivot_bit,1,1010,0.0020889579318463802,0.0020774169825017452,0.0021347079891711473,5,2014,,,,7.2
ws_n28_s1,ws,28,84,nan,1,random,bk_tomita_bit,1,1010,0.002663583029061556,0.002649041824042797,0.002682291902601719,5,1827,,,,7.9
ws_n28_s2,ws,28,84,nan,2,random,bk_basic,0,1140,0.007132209138944745,0.007123582996428013,0.007384374970570207,5,9720,6576,0,0,77.3
ws_n28_s2,ws,28,84,nan,2,random,bk_pivot,0,1140,0.002374292118474841,0.002330083167180419,0.002518207998946309,5,2771,539,5454,0,77.0
ws_n28_s2,ws,28,84,nan,2,random,bk_tomita,0,1140,0.0025899161119014025,0.0025599170476198196,0.0027745000552386045,5,1873,29,3169,3169,77.5
ws_n28_s2,ws,28,84,nan,2,random,bk_pivot_p,0,1140,0.002998249838128686,0.0029399169143289328,0.0031136670149862766,5,3663,1326,5272,0,77.5
ws_n28_s2,ws,28,84,nan,2,random,bk_ikgp,0,1140,0.0029334998689591885,0.002865457907319069,0.003060624934732914,5,2157,256,3499,3499,77.5
ws_n28_s2,ws,28,84,nan,2,random,bk_basic_bit,1,1140,0.005503332940861583,0.005463625071570277,0.005524792009964585,5,9720,,,,7.2
ws_n28_s2,ws,28,84,nan,2,random,bk_pivot_bit,1,1140,0.0021166661754250526,0.0021015829406678677,0.0021234590094536543,5,1896,,,,6.8
ws_n28_s2,ws,28,84,nan,2,random,bk_tomita_bit,1,1140,0.0027227920945733786,0.002709875116124749,0.002753834007307887,5,1847,,,,7.4
ws_n28_s3,ws,28,84,nan,3,random,bk_basic,0,941,0.009476083097979426,0.0093985830899328,0.009579041972756386,5,12273,9520,0,0,72.1
ws_n28_s3,ws,28,84,nan,3,random,bk_pivot,0,941,0.003010583110153675,0.002969458932057023,0.003212874988093972,5,3215,879,8469,0,70.8
ws_n28_s3,ws,28,84,nan,3,random,bk_tomita,0,941,0.002647707937285304,0.0025936670135706663,0.0028656660579144955,5,1718,19,3369,3369,72.8
ws_n28_s3,ws,28,84,nan,3,random,bk_pivot_p,0,941,0.004225292010232806,0.004178124945610762,0.004455084213986993,5,4929,2490,7206,0,70.8
ws_n28_s3,ws,28,84,nan,3,random,bk_ikgp,0,941,0.0029278749134391546,0.0028905419167131186,0.0031646660063415766,5,1975,257,3581,3581,72.8
ws_n28_s3,ws,28,84,nan,3,random,bk_basic_bit,1,941,0.006482166005298495,0.006434958893805742,0.006500500021502376,5,12273,,,,7.8
ws_n28_s3,ws,28,84,nan,3,random,bk_pivot_bit,1,941,0.0020158339757472277,0.0020099999383091927,0.00203754217363894,5,1935,,,,7.2
ws_n28_s3,ws,28,84,nan,3,random,bk_tomita_bit,1,941,0.0026057499926537275,0.0026013748720288277,0.0026116250082850456,5,1742,,,,7.9
er_n30_p0.3_s1,er,30,138,0.3,1,random,bk_basic,0,371,0.008022792171686888,0.007979708025231957,0.008243207819759846,5,10606,9336,0,0,67.1
er_n30_p0.3_s1,er,30,138,0.3,1,random,bk_pivot,0,371,0.001915459055453539,0.0018405001610517502,0.002078334102407098,5,1833,623,6095,0,66.2
er_n30_p0.3_s1,er,30,138,0.3,1,random,bk_tomita,0,371,0.0016079999040812254,0.0015461668372154236,0.0017669589724391699,5,856,23,2124,2124,68.0
er_n30_p0.3_s1,er,30,138,0.3,1,random,bk_pivot_p,0,371,0.0022422911133617163,0.0021602080669254065,0.002405958017334342,5,2381,1139,4707,0,66.2
er_n30_p0.3_s1,er,30,138,0.3,1,random,bk_ikgp,0,371,0.0017284168861806393,0.0016302079893648624,0.001849333057180047,5,1006,162,2090,2090,68.0
er_n30_p0.3_s1,er,30,138,0.3,1,random,bk_basic_bit,1,371,0.005078874994069338,0.005063082790002227,0.005162250017747283,5,10606,,,,8.4
er_n30_p0.3_s1,er,30,138,0.3,1,random,bk_pivot_bit,1,371,0.0013641670811921358,0.0013557500205934048,0.0013961249496787786,5,1642,,,,8.0
er_n30_p0.3_s1,er,30,138,0.3,1,random,bk_tomita_bit,1,371,0.0013008338864892721,0.0012926249764859676,0.0013317090924829245,5,854,,,,8.9
er_n30_p0.5_s1,er,30,218,0.5,1,random,bk_basic,0,142,0.0008571671787649393,0.0008233329281210899,0.0009954581037163734,5,1240,848,0,0,35.1
er_n30_p0.5_s1,er,30,218,0.5,1,random,bk_pivot,0,142,0.0005132909864187241,0.0004887499380856752,0.0005759578198194504,5,539,158,1344,0,35.2
er_n30_p0.5_s1,er,30,218,0.5,1,random,bk_tomita,0,142,0.0005651249084621668,0.0005415000487118959,0.0006517500150948763,5,340,20,806,806,35.6
er_n30_p0.5_s1,er,30,218,0.5,1,random,bk_pivot_p,0,142,0.0005545420572161674,0.0005396250635385513,0.0006166251841932535,5,650,266,953,0,35.2
er_n30_p0.5_s1,er,30,218,0.5,1,random,bk_ikgp,0,142,0.000614791875705123,0.0005991659127175808,0.0006699580699205399,5,445,127,748,748,35.6
er_n30_p0.5_s1,er,30,218,0.5,1,random,bk_basic_bit,1,142,0.0006862499285489321,0.0006854578386992216,0.0006979999598115683,5,1240,,,,6.7
er_n30_p0.5_s1,er,30,218,0.5,1,random,bk_pivot_bit,1,142,0.00046300003305077553,0.00046095880679786205,0.00048325001262128353,5,559,,,,6.5
er_n30_p0.5_s1,er,30,218,0.5,1,random,bk_tomita_bit,1,142,0.0004971250891685486,0.0004957499913871288,0.0005029579624533653,5,349,,,,7.0
er_n30_p0.7_s1,er,30,304,0.7,1,random,bk_basic,0,85,0.00020245788618922234,0.00019224989227950573,0.0002715000882744789,5,271,109,0,0,32.5
er_n30_p0.7_s1,er,30,304,0.7,1,random,bk_pivot,0,85,0.0002041251864284277,0.0001927497796714306,0.000222708098590374,5,217,58,416,0,32.4
er_n30_p0.7_s1,er,30,304,0.7,1,random,bk_tomita,0,85,0.00021991715766489506,0.00021637510508298874,0.0002543330192565918,5,157,10,274,274,31.9
er_n30_p0.7_s1,er,30,304,0.7,1,random,bk_pivot_p,0,85,0.0001968329306691885,0.00019466690719127655,0.00021133385598659515,5,231,72,268,0,32.4
er_n30_p0.7_s1,er,30,304,0.7,1,random,bk_ikgp,0,85,0.0002168330829590559,0.00021162512712180614,0.00022645806893706322,5,166,18,235,235,31.9
er_n30_p0.7_s1,er,30,304,0.7,1,random,bk_basic_bit,1,85,0.00020920787937939167,0.0002068330068141222,0.0002185001503676176,5,271,,,,4.8
er_n30_p0.7_s1,er,30,304,0.7,1,random,bk_pivot_bit,1,85,0.00019333302043378353,0.00019162497483193874,0.0001991249155253172,5,194,,,,4.8
er_n30_p0.7_s1,er,30,304,0.7,1,random,bk_tomita_bit,1,85,0.00022504106163978577,0.00022362498566508293,0.00023287488147616386,5,153,,,,5.1
er_n30_p0.3_s2,er,30,124,0.3,2,random,bk_basic,0,475,0.011980833951383829,0.011898624943569303,0.01218420802615583,5,15183,13388,0,0,72.2
er_n30_p0.3_s2,er,30,124,0.3,2,random,bk_pivot,0,475,0.002050000010058284,0.0019380829762667418,0.0021672919392585754,5,1977,453,5856,0,72.0
er_n30_p0.3_s2,er,30,124,0.3,2,random,bk_tomita,0,475,0.0018867910839617252,0.001815832918509841,0.002111040987074375,5,1044,16,2453,2453,73.0
er_n30_p0.3_s2,er,30,124,0.3,2,random,bk_pivot_p,0,475,0.002534541068598628,0.002384916180744767,0.0031055419240146875,5,2551,998,4821,0,72.0
er_n30_p0.3_s2,er,30,124,0.3,2,random,bk_ikgp,0,475,0.002218583831563592,0.0020897500216960907,0.0022480408661067486,5,1179,154,2468,2468,73.0
er_n30_p0.3_s2,er,30,124,0.3,2,random,bk_basic_bit,1,475,0.007422249997034669,0.007332291919738054,0.01195483305491507,5,15183,,,,8.0
er_n30_p0.3_s2,er,30,124,0.3,2,random,bk_pivot_bit,1,475,0.001970082987099886,0.0019234169740229845,0.0020607500337064266,5,2403,,,,7.6
er_n30_p0.3_s2,er,30,124,0.3,2,random,bk_tomita_bit,1,475,0.0016331251244992018,0.0016184169799089432,0.0016426669899374247,5,1053,,,,8.4
er_n30_p0.5_s2,er,30,216,0.5,2,random,bk_basic,0,170,0.0008727919775992632,0.0008259580936282873,0.0010431669652462006,5,1249,798,0,0,38.0
er_n30_p0.5_s2,er,30,216,0.5,2,random,bk_pivot,0,170,0.0005474169738590717,0.0005147499032318592,0.0006274580955505371,5,575,135,1354,0,37.6
er_n30_p0.5_s2,er,30,216,0.5,2,random,bk_tomita,0,170,0.0005873749032616615,0.0005429999437183142,0.0006834589876234531,5,361,14,755,755,40.2
er_n30_p0.5_s2,er,30,216,0.5,2,random,bk_pivot_p,0,170,0.0005504579748958349,0.000533208018168807,0.000645708991214633,5,644,209,939,0,37.7
er_n30_p0.5_s2,er,30,216,0.5,2,random,bk_ikgp,0,170,0.0005985840689390898,0.0005684581119567156,0.000657874858006835,5,418,73,697,697,40.2
er_n30_p0.5_s2,er,30,216,0.5,2,random,bk_basic_bit,1,170,0.0007110419683158398,0.0007088750135153532,0.0007492499426007271,5,1249,,,,6.8
er_n30_p0.5_s2,er,30,216,0.5,2,random,bk_pivot_bit,1,170,0.0004729579668492079,0.0004702499136328697,0.0004776669666171074,5,534,,,,6.5
er_n30_p0.5_s2,er,30,216,0.5,2,random,bk_tomita_bit,1,170,0.0005247080698609352,0.0005130418576300144,0.000537708168849349,5,361,,,,7.0
er_n30_p0.7_s2,er,30,301,0.7,2,random,bk_basic,0,86,0.00021041720174252987,0.00019991700537502766,0.00028583407402038574,5,285,118,0,0,31.9
er_n30_p0.7_s2,er,30,301,0.7,2,random,bk_pivot,0,86,0.00020475010387599468,0.00019562500528991222,0.00022979197092354298,5,225,58,399,0,31.4
er_n30_p0.7_s2,er,30,301,0.7,2,random,bk_tomita,0,86,0.00021362514235079288,0.0002055000513792038,0.0002448339946568012,5,154,10,256,256,31.9
er_n30_p0.7_s2,er,30,301,0.7,2,random,bk_pivot_p,0,86,0.00019929115660488605,0.00019166595302522182,0.00021108286455273628,5,234,67,274,0,31.4
er_n30_p0.7_s2,er,30,301,0.7,2,random,bk_ikgp,0,86,0.00020837504416704178,0.0002067089080810547,0.0002163329627364874,5,164,21,228,228,31.9
er_n30_p0.7_s2,er,30,301,0.7,2,random,bk_basic_bit,1,86,0.00022024987265467644,0.0002156661357730627,0.0002363331150263548,5,285,,,,4.8
er_n30_p0.7_s2,er,30,301,0.7,2,random,bk_pivot_bit,1,86,0.0001954580657184124,0.0001935830805450678,0.00019916589371860027,5,194,,,,4.8
er_n30_p0.7_s2,er,30,301,0.7,2,random,bk_tomita_bit,1,86,0.0002252089325338602,0.00022358400747179985,0.00023029092699289322,5,154,,,,5.1
er_n30_p0.3_s3,er,30,122,0.3,3,random,bk_basic,0,506,0.014001291943714023,0.013987459009513259,0.014188083121553063,5,17627,15759,0,0,72.9
er_n30_p0.3_s3,er,30,122,0.3,3,random,bk_pivot,0,506,0.002254459075629711,0.002189624821767211,0.0024397920351475477,5,2171,475,7047,0,70.5
er_n30_p0.3_s3,er,30,122,0.3,3,random,bk_tomita,0,506,0.002102874917909503,0.0020463750697672367,0.0023165831808000803,5,1141,14,2704,2704,74.0
er_n30_p0.3_s3,er,30,122,0.3,3,random,bk_pivot_p,0,506,0.002617125166580081,0.0025530001148581505,0.0027967088390141726,5,2768,1043,5429,0,70.5
er_n30_p0.3_s3,er,30,122,0.3,3,random,bk_ikgp,0,506,0.0024158330634236336,0.0022957499604672194,0.0029317080043256283,5,1374,211,2858,2858,74.0
er_n30_p0.3_s3,er,30,122,0.3,3,random,bk_basic_bit,1,506,0.008420125115662813,0.008384667104110122,0.008523500058799982,5,17627,,,,8.5
er_n30_p0.3_s3,er,30,122,0.3,3,random,bk_pivot_bit,1,506,0.001613458152860403,0.0016045838128775358,0.0018472080118954182,5,1818,,,,8.1
er_n30_p0.3_s3,er,30,122,0.3,3,random,bk_tomita_bit,1,506,0.0017594171222299337,0.0017428339924663305,0.001766707981005311,5,1151,,,,8.9
er_n30_p0.5_s3,er,30,216,0.5,3,random,bk_basic,0,170,0.0009549169335514307,0.0008897078223526478,0.0011374158784747124,5,1348,907,0,0,40.4
er_n30_p0.5_s3,er,30,216,0.5,3,random,bk_pivot,0,170,0.0006120000034570694,0.0005860410165041685,0.0007329159416258335,5,670,235,1756,0,40.3
er_n30_p0.5_s3,er,30,216,0.5,3,random,bk_tomita,0,170,0.0005954999942332506,0.0005672918632626534,0.0006927498616278172,5,365,20,818,818,41.1
er_n30_p0.5_s3,er,30,216,0.5,3,random,bk_pivot_p,0,170,0.0006972919218242168,0.0006660409271717072,0.0008219589944928885,5,803,367,1133,0,40.2
er_n30_p0.5_s3,er,30,216,0.5,3,random,bk_ikgp,0,170,0.0006541667971760035,0.0006123748607933521,0.0007325408514589071,5,440,94,753,753,41.1
er_n30_p0.5_s3,er,30,216,0.5,3,random,bk_basic_bit,1,170,0.0007896670140326023,0.0007782501634210348,0.000989207997918129,5,1348,,,,6.7
er_n30_p0.5_s3,er,30,216,0.5,3,random,bk_pivot_bit,1,170,0.0004594579804688692,0.00045616598799824715,0.0004911250434815884,5,488,,,,6.5
er_n30_p0.5_s3,er,30,216,0.5,3,random,bk_tomita_bit,1,170,0.0005362078081816435,0.0005315830931067467,0.0005420839879661798,5,362,,,,7.0
er_n30_p0.7_s3,er,30,303,0.7,3,random,bk_basic,0,70,0.00023966701701283455,0.0002234999556094408,0.00033670803532004356,5,320,165,0,0,32.0
er_n30_p0.7_s3,er,30,303,0.7,3,random,bk_pivot,0,70,0.00020987517200410366,0.00020175008103251457,0.0002552908845245838,5,216,61,449,0,32.2
er_n30_p0.7_s3,er,30,303,0.7,3,random,bk_tomita,0,70,0.0002340830396860838,0.00022537494078278542,0.0002833330072462559,5,155,13,313,313,32.1
er_n30_p0.7_s3,er,30,303,0.7,3,random,bk_pivot_p,0,70,0.00021249987185001373,0.0002074160147458315,0.00023070909082889557,5,244,90,302,0,32.2
er_n30_p0.7_s3,er,30,303,0.7,3,random,bk_ikgp,0,70,0.00023383297957479954,0.00022816588170826435,0.0002454579807817936,5,178,36,264,264,32.1
er_n30_p0.7_s3,er,30,303,0.7,3,random,bk_basic_bit,1,70,0.0002257500309497118,0.0002232501283288002,0.00024274992756545544,5,320,,,,5.7
er_n30_p0.7_s3,er,30,303,0.7,3,random,bk_pivot_bit,1,70,0.00020229211077094078,0.00019979197531938553,0.00029133306816220284,5,203,,,,5.6
er_n30_p0.7_s3,er,30,303,0.7,3,random,bk_tomita_bit,1,70,0.00021945801563560963,0.0002164999023079872,0.000225916039198637,5,145,,,,6.0
ba_n30_m3_s1,ba,30,81,nan,1,random,bk_basic,0,797,0.1701882081106305,0.16924687498249114,0.17215891601517797,5,208190,203830,0,0,72.5
ba_n30_m3_s1,ba,30,81,nan,1,random,bk_pivot,0,797,0.004482791060581803,0.004376875003799796,0.004635582910850644,5,4251,943,15721,0,69.3
ba_n30_m3_s1,ba,30,81,nan,1,random,bk_tomita,0,797,0.0038592079654335976,0.003729958087205887,0.0040105830412358046,5,1892,8,4954,4954,74.8
ba_n30_m3_s1,ba,30,81,nan,1,random,bk_pivot_p,0,797,0.005796625046059489,0.005742540815845132,0.005928541999310255,5,5931,2537,16229,0,69.3
ba_n30_m3_s1,ba,30,81,nan,1,random,bk_ikgp,0,797,0.003904624842107296,0.003871625056490302,0.004122625105082989,5,2026,115,5024,5024,74.8
ba_n30_m3_s1,ba,30,81,nan,1,random,bk_basic_bit,1,797,0.08852645894512534,0.08801100007258356,0.08928929199464619,5,208190,,,,10.3
ba_n30_m3_s1,ba,30,81,nan,1,random,bk_pivot_bit,1,797,0.003520833095535636,0.00351454084739089,0.0035637079272419214,5,4280,,,,9.5
ba_n30_m3_s1,ba,30,81,nan,1,random,bk_tomita_bit,1,797,0.003152084071189165,0.003147041890770197,0.00318166590295732,5,1918,,,,10.5
ba_n30_m3_s2,ba,30,81,nan,2,random,bk_basic,0,486,0.13292562495917082,0.13263141689822078,0.1332450001500547,5,169094,165837,0,0,75.5
ba_n30_m3_s2,ba,30,81,nan,2,random,bk_pivot,0,486,0.004742333199828863,0.004685833118855953,0.00493783294223249,5,4318,1539,18678,0,74.4
ba_n30_m3_s2,ba,30,81,nan,2,random,bk_tomita,0,486,0.002406874904409051,0.002351833041757345,0.0026164159644395113,5,1189,6,3222,3222,77.3
ba_n30_m3_s2,ba,30,81,nan,2,random,bk_pivot_p,0,486,0.004922457970678806,0.004853582940995693,0.005060707917436957,5,4970,2075,14720,0,74.3
ba_n30_m3_s2,ba,30,81,nan,2,random,bk_ikgp,0,486,0.002446916885674,0.002382333856076002,0.0026599999982863665,5,1216,31,3249,3249,77.3
ba_n30_m3_s2,ba,30,81,nan,2,random,bk_basic_bit,1,486,0.07172029092907906,0.07127974997274578,0.07225037482567132,5,169094,,,,10.3
ba_n30_m3_s2,ba,30,81,nan,2,random,bk_pivot_bit,1,486,0.0019462921191006899,0.0019445409998297691,0.0019684580620378256,5,2244,,,,9.4
ba_n30_m3_s2,ba,30,81,nan,2,random,bk_tomita_bit,1,486,0.0018945420160889626,0.0018755830824375153,0.0019268749747425318,5,1134,,,,10.5
ba_n30_m3_s3,ba,30,81,nan,3,random,bk_basic,0,510,0.2974676250014454,0.2926064159255475,0.3058235419448465,5,385984,383713,0,0,74.4
ba_n30_m3_s3,ba,30,81,nan,3,random,bk_pivot,0,510,0.002576833125203848,0.002554250182583928,0.0027459580451250076,5,2574,539,9939,0,70.2
ba_n30_m3_s3,ba,30,81,nan,3,random,bk_tomita,0,510,0.0026816250756382942,0.002661250066012144,0.002934916177764535,5,1353,17,3877,3877,73.5
ba_n30_m3_s3,ba,30,81,nan,3,random,bk_pivot_p,0,510,0.003453624900430441,0.003421457950025797,0.0035771247930824757,5,3718,1669,10300,0,70.1
ba_n30_m3_s3,ba,30,81,nan,3,random,bk_ikgp,0,510,0.0028761669527739286,0.0027449168264865875,0.003289042040705681,5,1372,36,3937,3937,73.5
ba_n30_m3_s3,ba,30,81,nan,3,random,bk_basic_bit,1,510,0.16204870818182826,0.160327082965523,0.16516004200093448,5,385984,,,,11.0
ba_n30_m3_s3,ba,30,81,nan,3,random,bk_pivot_bit,1,510,0.003373584011569619,0.0033637499436736107,0.003398458007723093,5,4621,,,,10.3
ba_n30_m3_s3,ba,30,81,nan,3,random,bk_tomita_bit,1,510,0.002288042102009058,0.0022762499283999205,0.002345999935641885,5,1355,,,,11.1
ws_n30_s1,ws,30,90,nan,1,random,bk_basic,0,1693,0.01690408308058977,0.01682274998165667,0.01713433302938938,5,21208,16392,0,0,63.9
ws_n30_s1,ws,30,90,nan,1,random,bk_pivot,0,1693,0.004930000053718686,0.004850124940276146,0.0051495840307325125,5,5171,1084,12163,0,62.9
ws_n30_s1,ws,30,90,nan,1,random,bk_tomita,0,1693,0.004443875048309565,0.0044093329925090075,0.004650874994695187,5,2865,47,5412,5412,65.0
ws_n30_s1,ws,30,90,nan,1,random,bk_pivot_p,0,1693,0.006017665844410658,0.005890625063329935,0.006111041875556111,5,6501,2240,9659,0,62.9
ws_n30_s1,ws,30,90,nan,1,random,bk_ikgp,0,1693,0.005424167029559612,0.005371749866753817,0.005509416107088327,5,3530,654,6207,6207,65.0
ws_n30_s1,ws,30,90,nan,1,random,bk_basic_bit,1,1693,0.011152833001688123,0.011129249818623066,0.01127295894548297,5,21208,,,,8.2
ws_n30_s1,ws,30,90,nan,1,random,bk_pivot_bit,1,1693,0.0033409998286515474,0.003323917044326663,0.003352375002577901,5,3024,,,,7.6
ws_n30_s1,ws,30,90,nan,1,random,bk_tomita_bit,1,1693,0.004497542046010494,0.004422958008944988,0.004734166897833347,5,2942,,,,8.4
ws_n30_s2,ws,30,90,nan,2,random,bk_basic,0,1813,0.015416957903653383,0.015354166040197015,0.015503125032410026,5,19258,14141,0,0,59.8
ws_n30_s2,ws,30,90,nan,2,random,bk_pivot,0,1813,0.0047645000740885735,0.004713084083050489,0.0049580419436097145,5,5164,1349,10605,0,59.2
ws_n30_s2,ws,30,90,nan,2,random,bk_tomita,0,1813,0.004741209093481302,0.0047217500396072865,0.00496970908716321,5,3164,34,5476,5476,60.8
ws_n30_s2,ws,30,90,nan,2,random,bk_pivot_p,0,1813,0.005859249969944358,0.005826208973303437,0.006039875093847513,5,6588,2552,10040,0,58.8
ws_n30_s2,ws,30,90,nan,2,random,bk_ikgp,0,1813,0.005031583132222295,0.0050004590302705765,0.005261291982606053,5,3418,288,5656,5656,60.8
ws_n30_s2,ws,30,90,nan,2,random,bk_basic_bit,1,1813,0.014688540948554873,0.010459250072017312,0.01704329182393849,5,19258,,,,7.8
ws_n30_s2,ws,30,90,nan,2,random,bk_pivot_bit,1,1813,0.0036656248848885298,0.0036221249029040337,0.003760749939829111,5,3365,,,,7.2
ws_n30_s2,ws,30,90,nan,2,random,bk_tomita_bit,1,1813,0.004758333088830113,0.004718707874417305,0.004904165863990784,5,3218,,,,8.0
ws_n30_s3,ws,30,90,nan,3,random,bk_basic,0,1458,0.018988250056281686,0.018742499873042107,0.019460042007267475,5,23690,19249,0,0,65.2
ws_n30_s3,ws,30,90,nan,3,random,bk_pivot,0,1458,0.004057415993884206,0.004003666108474135,0.004257791908457875,5,4299,730,9309,0,63.2
ws_n30_s3,ws,30,90,nan,3,random,bk_tomita,0,1458,0.003864290891215205,0.003784417174756527,0.004076458979398012,5,2416,6,4486,4486,65.0
ws_n30_s3,ws,30,90,nan,3,random,bk_pivot_p,0,1458,0.005409374833106995,0.005282416008412838,0.005596125032752752,5,6025,2372,9357,0,63.2
ws_n30_s3,ws,30,90,nan,3,random,bk_ikgp,0,1458,0.004432582994922996,0.004334292141720653,0.004775832872837782,5,2868,341,5069,5069,65.0
ws_n30_s3,ws,30,90,nan,3,random,bk_basic_bit,1,1458,0.011935082962736487,0.011893207905814052,0.012008209014311433,5,23690,,,,8.2
ws_n30_s3,ws,30,90,nan,3,random,bk_pivot_bit,1,1458,0.003053833032026887,0.0030472921207547188,0.003095832886174321,5,2820,,,,7.7
ws_n30_s3,ws,30,90,nan,3,random,bk_tomita_bit,1,1458,0.0037591250147670507,0.0037332079373300076,0.0037823328748345375,5,2437,,,,8.4
er_n32_p0.3_s1,er,32,156,0.3,1,random,bk_basic,0,471,0.01101754093542695,0.010994541924446821,0.011203875066712499,5,14185,12571,0,0,82.5
er_n32_p0.3_s1,er,32,156,0.3,1,random,bk_pivot,0,471,0.0018400000408291817,0.0017622909508645535,0.002048291964456439,5,1743,312,5430,0,81.9
er_n32_p0.3_s1,er,32,156,0.3,1,random,bk_tomita,0,471,0.0022978750057518482,0.0022067909594625235,0.002566165989264846,5,1139,34,3010,3010,83.2
er_n32_p0.3_s1,er,32,156,0.3,1,random,bk_pivot_p,0,471,0.002993334084749222,0.0028610830195248127,0.003818332916125655,5,3004,1536,5632,0,81.9
er_n32_p0.3_s1,er,32,156,0.3,1,random,bk_ikgp,0,471,0.0027387088630348444,0.0026782501954585314,0.0028312080539762974,5,1509,382,3157,3157,83.2
er_n32_p0.3_s1,er,32,156,0.3,1,random,bk_basic_bit,1,471,0.00857687508687377,0.008476332994177938,0.00992995803244412,5,14185,,,,10.6
er_n32_p0.3_s1,er,32,156,0.3,1,random,bk_pivot_bit,1,471,0.0021630830597132444,0.0021440410055220127,0.0022202918771654367,5,2094,,,,10.4
er_n32_p0.3_s1,er,32,156,0.3,1,random,bk_tomita_bit,1,471,0.0022497919853776693,0.0021774580236524343,0.0022645408753305674,5,1167,,,,11.1
er_n32_p0.5_s1,er,32,244,0.5,1,random,bk_basic,0,209,0.00117891700938344,0.001133207930251956,0.00136020896025002,5,1661,1117,0,0,41.3
er_n32_p0.5_s1,er,32,244,0.5,1,random,bk_pivot,0,209,0.0006446659099310637,0.0006182920187711716,0.0007170829921960831,5,653,148,1524,0,41.1
er_n32_p0.5_s1,er,32,244,0.5,1,random,bk_tomita,0,209,0.0008098331745713949,0.0007729579228907824,0.0009522081818431616,5,473,34,1132,1132,42.3
er_n32_p0.5_s1,er,32,244,0.5,1,random,bk_pivot_p,0,209,0.0007085830438882113,0.0006727909203618765,0.000809582881629467,5,788,267,1166,0,41.1
er_n32_p0.5_s1,er,32,244,0.5,1,random,bk_ikgp,0,209,0.0008309998083859682,0.0007971250452101231,0.0009432919323444366,5,581,143,968,968,42.3
er_n32_p0.5_s1,er,32,244,0.5,1,random,bk_basic_bit,1,209,0.0011136250104755163,0.0011020000092685223,0.001150541938841343,5,1661,,,,8.7
er_n32_p0.5_s1,er,32,244,0.5,1,random,bk_pivot_bit,1,209,0.0007697499822825193,0.0007550830487161875,0.0008027090225368738,5,747,,,,8.7
er_n32_p0.5_s1,er,32,244,0.5,1,random,bk_tomita_bit,1,209,0.000836250139400363,0.0008240840397775173,0.0008561250288039446,5,482,,,,9.2
er_n32_p0.7_s1,er,32,341,0.7,1,random,bk_basic,0,108,0.00024991692043840885,0.00023641600273549557,0.00034020887687802315,5,348,140,0,0,33.4
er_n32_p0.7_s1,er,32,341,0.7,1,random,bk_pivot,0,108,0.0002343328669667244,0.00022649997845292091,0.0002803751267492771,5,259,53,474,0,33.3
er_n32_p0.7_s1,er,32,341,0.7,1,random,bk_tomita,0,108,0.0002993750385940075,0.00028908392414450645,0.0003402919974178076,5,204,14,384,384,33.8
er_n32_p0.7_s1,er,32,341,0.7,1,random,bk_pivot_p,0,108,0.00022062496282160282,0.00021179206669330597,0.00024095899425446987,5,254,48,320,0,33.3
er_n32_p0.7_s1,er,32,341,0.7,1,random,bk_ikgp,0,108,0.000278957886621356,0.00027416693046689034,0.0002988330088555813,5,227,40,308,308,33.8
er_n32_p0.7_s1,er,32,341,0.7,1,random,bk_basic_bit,1,108,0.0003035420086234808,0.0002970411442220211,0.00031749997287988663,5,348,,,,6.6
er_n32_p0.7_s1,er,32,341,0.7,1,random,bk_pivot_bit,1,108,0.00030037504620850086,0.0002999999560415745,0.00030891713686287403,5,274,,,,6.5
er_n32_p0.7_s1,er,32,341,0.7,1,random,bk_tomita_bit,1,108,0.0003440838772803545,0.00034183310344815254,0.0003540830221027136,5,206,,,,7.0
er_n32_p0.3_s2,er,32,142,0.3,2,random,bk_basic,0,685,0.01773887500166893,0.017595374956727028,0.017975833034142852,5,22218,19505,0,0,80.0
er_n32_p0.3_s2,er,32,142,0.3,2,random,bk_pivot,0,685,0.003263541031628847,0.0031989580020308495,0.003508542198687792,5,3148,802,10254,0,79.5
er_n32_p0.3_s2,er,32,142,0.3,2,random,bk_tomita,0,685,0.0028873751871287823,0.002796499989926815,0.0030739170033484697,5,1520,26,3673,3673,81.5
er_n32_p0.3_s2,er,32,142,0.3,2,random,bk_pivot_p,0,685,0.004624540917575359,0.0045566249173134565,0.004858542000874877,5,4872,2460,8899,0,79.5
er_n32_p0.3_s2,er,32,142,0.3,2,random,bk_ikgp,0,685,0.0031185841653496027,0.003022833028808236,0.003326042089611292,5,1810,299,3721,3721,81.5
er_n32_p0.3_s2,er,32,142,0.3,2,random,bk_basic_bit,1,685,0.013556249905377626,0.013501625042408705,0.013646291103214025,5,22218,,,,10.9
er_n32_p0.3_s2,er,32,142,0.3,2,random,bk_pivot_bit,1,685,0.003310958854854107,0.00329604116268456,0.0033280830830335617,5,3209,,,,10.5
er_n32_p0.3_s2,er,32,142,0.3,2,random,bk_tomita_bit,1,685,0.002890750067308545,0.002876040991395712,0.00291300006210804,5,1533,,,,11.2
er_n32_p0.5_s2,er,32,249,0.5,2,random,bk_basic,0,202,0.0011862078681588173,0.0011434999760240316,0.0013692500069737434,5,1685,1125,0,0,44.9
er_n32_p0.5_s2,er,32,249,0.5,2,random,bk_pivot,0,202,0.0006952078547328711,0.000683249905705452,0.0007975001353770494,5,732,197,1887,0,44.7
er_n32_p0.5_s2,er,32,249,0.5,2,random,bk_tomita,0,202,0.0007149169687181711,0.0006642087828367949,0.0007942907977849245,5,423,7,927,927,46.9
er_n32_p0.5_s2,er,32,249,0.5,2,random,bk_pivot_p,0,202,0.0008067919407039881,0.0007803330663591623,0.0008806248661130667,5,930,389,1346,0,44.7
er_n32_p0.5_s2,er,32,249,0.5,2,random,bk_ikgp,0,202,0.0007130419835448265,0.000691374996677041,0.0007744589820504189,5,496,78,843,843,46.9
er_n32_p0.5_s2,er,32,249,0.5,2,random,bk_basic_bit,1,202,0.0011394170578569174,0.0011309999972581863,0.0011682920157909393,5,1685,,,,9.2
er_n32_p0.5_s2,er,32,249,0.5,2,random,bk_pivot_bit,1,202,0.0006921249441802502,0.0006848331540822983,0.0007149998564273119,5,665,,,,9.1
er_n32_p0.5_s2,er,32,249,0.5,2,random,bk_tomita_bit,1,202,0.0007316248957067728,0.0007294160313904285,0.000751083018258214,5,419,,,,9.6
er_n32_p0.7_s2,er,32,342,0.7,2,random,bk_basic,0,89,0.00027104117907583714,0.00025987508706748486,0.0003563750069588423,5,373,169,0,0,34.4
er_n32_p0.7_s2,er,32,342,0.7,2,random,bk_pivot,0,89,0.0002469159662723541,0.00023783301003277302,0.0002810000441968441,5,270,72,549,0,33.8
er_n32_p0.7_s2,er,32,342,0.7,2,random,bk_tomita,0,89,0.00027904100716114044,0.00026841601356863976,0.00031816703267395496,5,188,23,352,352,33.8
er_n32_p0.7_s2,er,32,342,0.7,2,random,bk_pivot_p,0,89,0.00025354092940688133,0.0002477499656379223,0.0002751669380813837,5,290,92,357,0,34.3
er_n32_p0.7_s2,er,32,342,0.7,2,random,bk_ikgp,0,89,0.0002711669076234102,0.00027012499049305916,0.0002825420815497637,5,208,44,296,296,33.8
er_n32_p0.7_s2,er,32,342,0.7,2,random,bk_basic_bit,1,89,0.00031916704028844833,0.0003153751604259014,0.0003375830128788948,5,373,,,,6.6
er_n32_p0.7_s2,er,32,342,0.7,2,random,bk_pivot_bit,1,89,0.00029362505301833153,0.00029145809821784496,0.00030262512154877186,5,258,,,,6.6
er_n32_p0.7_s2,er,32,342,0.7,2,random,bk_tomita_bit,1,89,0.0003257079515606165,0.00032237498089671135,0.00034050014801323414,5,184,,,,6.7
er_n32_p0.3_s3,er,32,137,0.3,3,random,bk_basic,0,677,0.015572874806821346,0.015532167162746191,0.01573045807890594,5,20360,18111,0,0,84.6
er_n32_p0.3_s3,er,32,137,0.3,3,random,bk_pivot,0,677,0.0027641658671200275,0.002631333889439702,0.0029115418437868357,5,2612,592,8313,0,83.2
er_n32_p0.3_s3,er,32,137,0.3,3,random,bk_tomita,0,677,0.003048500046133995,0.0029327908996492624,0.0032120421528816223,5,1563,61,3834,3834,85.9
er_n32_p0.3_s3,er,32,137,0.3,3,random,bk_pivot_p,0,677,0.004169374937191606,0.004132000030949712,0.004439332988113165,5,4562,2454,8354,0,83.2
er_n32_p0.3_s3,er,32,137,0.3,3,random,bk_ikgp,0,677,0.003250333946198225,0.0031934590078890324,0.003474750090390444,5,1936,423,3961,3961,85.9
er_n32_p0.3_s3,er,32,137,0.3,3,random,bk_basic_bit,1,677,0.012072916142642498,0.012049499899148941,0.012152666924521327,5,20360,,,,10.7
er_n32_p0.3_s3,er,32,137,0.3,3,random,bk_pivot_bit,1,677,0.002736541908234358,0.002731958869844675,0.002779040951281786,5,2630,,,,10.2
er_n32_p0.3_s3,er,32,137,0.3,3,random,bk_tomita_bit,1,677,0.0029832920990884304,0.002976041054353118,0.0030126660130918026,5,1604,,,,10.8
er_n32_p0.5_s3,er,32,243,0.5,3,random,bk_basic,0,209,0.001276958966627717,0.001225750194862485,0.0014502920676022768,5,1823,1292,0,0,42.8
er_n32_p0.5_s3,er,32,243,0.5,3,random,bk_pivot,0,209,0.0006837500259280205,0.0006578750908374786,0.0007724168244749308,5,704,164,1839,0,44.2
er_n32_p0.5_s3,er,32,243,0.5,3,random,bk_tomita,0,209,0.0007520827930420637,0.0007281659636646509,0.0008531250059604645,5,452,27,1002,1002,45.1
er_n32_p0.5_s3,er,32,243,0.5,3,random,bk_pivot_p,0,209,0.0007452911231666803,0.0007251251954585314,0.0008165840990841389,5,865,331,1309,0,44.2
er_n32_p0.5_s3,er,32,243,0.5,3,random,bk_ikgp,0,209,0.0008001250680536032,0.0007666661404073238,0.0008554579690098763,5,563,137,962,962,45.1
er_n32_p0.5_s3,er,32,243,0.5,3,random,bk_basic_bit,1,209,0.0012036249972879887,0.0011945001315325499,0.00123225012794137,5,1823,,,,8.9
er_n32_p0.5_s3,er,32,243,0.5,3,random,bk_pivot_bit,1,209,0.0006974998395889997,0.000692624831572175,0.0007122079841792583,5,688,,,,8.5
er_n32_p0.5_s3,er,32,243,0.5,3,random,bk_tomita_bit,1,209,0.000785792013630271,0.0007810830138623714,0.0008119160775095224,5,463,,,,9.2
er_n32_p0.7_s3,er,32,345,0.7,3,random,bk_basic,0,92,0.0002647500950843096,0.0002507909666746855,0.00036274990998208523,5,367,177,0,0,34.7
er_n32_p0.7_s3,er,32,345,0.7,3,random,bk_pivot,0,92,0.00022229203023016453,0.00021449988707900047,0.00025262520648539066,5,241,54,459,0,34.1
er_n32_p0.7_s3,er,32,345,0.7,3,random,bk_tomita,0,92,0.000278624938800931,0.00026908284053206444,0.0003174578305333853,5,190,15,364,364,34.8
er_n32_p0.7_s3,er,32,345,0.7,3,random,bk_pivot_p,0,92,0.00022791698575019836,0.0002202501054853201,0.00024212501011788845,5,263,78,330,0,34.1
er_n32_p0.7_s3,er,32,345,0.7,3,random,bk_ikgp,0,92,0.00026520807296037674,0.0002614588011056185,0.0002752910368144512,5,207,31,295,295,34.8
er_n32_p0.7_s3,er,32,345,0.7,3,random,bk_basic_bit,1,92,0.00031254091300070286,0.0003049159422516823,0.00033012498170137405,5,367,,,,7.2
er_n32_p0.7_s3,er,32,345,0.7,3,random,bk_pivot_bit,1,92,0.0002685419749468565,0.0002668339293450117,0.00027849990874528885,5,241,,,,7.1
er_n32_p0.7_s3,er,32,345,0.7,3,random,bk_tomita_bit,1,92,0.000332291005179286,0.0003281659446656704,0.0003472499083727598,5,191,,,,8.0
ba_n32_m3_s1,ba,32,87,nan,1,random,bk_basic,0,1236,0.39784308383241296,0.39468979206867516,0.39917549979873,5,497468,490898,0,0,80.4
ba_n32_m3_s1,ba,32,87,nan,1,random,bk_pivot,0,1236,0.0070595829747617245,0.007034583017230034,0.007266625063493848,5,6573,1565,25631,0,78.7
ba_n32_m3_s1,ba,32,87,nan,1,random,bk_tomita,0,1236,0.005785957910120487,0.005737916799262166,0.005937124835327268,5,2901,4,7321,7321,83.8
ba_n32_m3_s1,ba,32,87,nan,1,random,bk_pivot_p,0,1236,0.009426249889656901,0.009340415941551328,0.00952562503516674,5,9520,4358,24930,0,78.7
ba_n32_m3_s1,ba,32,87,nan,1,random,bk_ikgp,0,1236,0.0062282090075314045,0.006170541048049927,0.006380999926477671,5,3214,259,7722,7722,83.8
ba_n32_m3_s1,ba,32,87,nan,1,random,bk_basic_bit,1,1236,0.2859023748897016,0.2848614170216024,0.293164708185941,5,497468,,,,14.7
ba_n32_m3_s1,ba,32,87,nan,1,random,bk_pivot_bit,1,1236,0.007809000089764595,0.007769583957269788,0.007882958045229316,5,7128,,,,13.3
ba_n32_m3_s1,ba,32,87,nan,1,random,bk_tomita_bit,1,1236,0.006680999882519245,0.006596916122362018,0.006908874958753586,5,2984,,,,14.6
ba_n32_m3_s2,ba,32,87,nan,2,random,bk_basic,0,893,0.2466643329244107,0.2460222919471562,0.25125266588293016,5,311976,306710,0,0,80.7
ba_n32_m3_s2,ba,32,87,nan,2,random,bk_pivot,0,893,0.006979666883125901,0.006892333040013909,0.0071229999884963036,5,6425,2037,25277,0,78.0
ba_n32_m3_s2,ba,32,87,nan,2,random,bk_tomita,0,893,0.004356374964118004,0.004338541999459267,0.004606416914612055,5,2091,16,5400,5400,83.4
ba_n32_m3_s2,ba,32,87,nan,2,random,bk_pivot_p,0,893,0.010235665831714869,0.010213666828349233,0.010395624907687306,5,10405,5697,25972,0,78.0
ba_n32_m3_s2,ba,32,87,nan,2,random,bk_ikgp,0,893,0.004698708187788725,0.004674375057220459,0.004897999810054898,5,2300,209,5785,5785,83.4
ba_n32_m3_s2,ba,32,87,nan,2,random,bk_basic_bit,1,893,0.17616258398629725,0.17475670808926225,0.17756341607309878,5,311976,,,,14.2
ba_n32_m3_s2,ba,32,87,nan,2,random,bk_pivot_bit,1,893,0.004795999964699149,0.004786791047081351,0.004847582895308733,5,4300,,,,13.1
ba_n32_m3_s2,ba,32,87,nan,2,random,bk_tomita_bit,1,893,0.004498291993513703,0.004454958951100707,0.007621166994795203,5,2071,,,,14.4
ba_n32_m3_s3,ba,32,87,nan,3,random,bk_basic,0,808,0.8154617079999298,0.8027028329670429,0.8175831669941545,5,1043424,1037196,0,0,77.9
ba_n32_m3_s3,ba,32,87,nan,3,random,bk_pivot,0,808,0.0088645841460675,0.008702999912202358,0.009092958876863122,5,7814,2649,37914,0,76.2
ba_n32_m3_s3,ba,32,87,nan,3,random,bk_tomita,0,808,0.0046755410730838776,0.00447537493892014,0.005849458044394851,5,2120,29,6033,6033,79.6
ba_n32_m3_s3,ba,32,87,nan,3,random,bk_pivot_p,0,808,0.00938225002028048,0.009156000101938844,0.009518708800897002,5,9055,3616,33091,0,76.1
ba_n32_m3_s3,ba,32,87,nan,3,random,bk_ikgp,0,808,0.004772791871801019,0.0047255828976631165,0.004808417055755854,5,2149,52,6060,6060,79.6
ba_n32_m3_s3,ba,32,87,nan,3,random,bk_basic_bit,1,808,0.6067755830008537,0.6041001251433045,0.6191154581028968,5,1043424,,,,14.7
ba_n32_m3_s3,ba,32,87,nan,3,random,bk_pivot_bit,1,808,0.0066733339335769415,0.0066408750135451555,0.006730374880135059,5,6391,,,,13.9
ba_n32_m3_s3,ba,32,87,nan,3,random,bk_tomita_bit,1,808,0.004812917206436396,0.004786500008776784,0.004836708074435592,5,2082,,,,14.8
ws_n32_s1,ws,32,96,nan,1,random,bk_basic,0,2911,0.033553583081811666,0.03265716694295406,0.034026999957859516,5,40905,31969,0,0,67.8
ws_n32_s1,ws,32,96,nan,1,random,bk_pivot,0,2911,0.008472583023831248,0.008214708883315325,0.00866058305837214,5,8601,1307,19846,0,64.9
ws_n32_s1,ws,32,96,nan,1,random,bk_tomita,0,2911,0.007967374986037612,0.007858957862481475,0.00833550002425909,5,4969,114,8752,8752,68.9
ws_n32_s1,ws,32,96,nan,1,random,bk_pivot_p,0,2911,0.011699416907504201,0.011672583874315023,0.01184870908036828,5,12912,5038,20052,0,65.6
ws_n32_s1,ws,32,96,nan,1,random,bk_ikgp,0,2911,0.008725958876311779,0.008663875050842762,0.008948417147621512,5,5642,728,9515,9515,68.9
ws_n32_s1,ws,32,96,nan,1,random,bk_basic_bit,1,2911,0.026591790840029716,0.026336750015616417,0.026851083151996136,5,40905,,,,10.8
ws_n32_s1,ws,32,96,nan,1,random,bk_pivot_bit,1,2911,0.006922915810719132,0.006893665995448828,0.0069757080636918545,5,5199,,,,10.2
ws_n32_s1,ws,32,96,nan,1,random,bk_tomita_bit,1,2911,0.00877683307044208,0.008753666887059808,0.008847124874591827,5,4960,,,,11.0
ws_n32_s2,ws,32,96,nan,2,random,bk_basic,0,3106,0.031032208120450377,0.03083341591991484,0.031167250126600266,5,38075,28897,0,0,63.3
ws_n32_s2,ws,32,96,nan,2,random,bk_pivot,0,3106,0.007815499790012836,0.007712374906986952,0.008041084045544267,5,8099,540,18554,0,63.3
ws_n32_s2,ws,32,96,nan,2,random,bk_tomita,0,3106,0.008055791025981307,0.007966875098645687,0.008661041036248207,5,5082,29,9058,9058,66.0
ws_n32_s2,ws,32,96,nan,2,random,bk_pivot_p,0,3106,0.01132579194381833,0.011321833124384284,0.011531332973390818,5,12539,4565,19627,0,62.6
ws_n32_s2,ws,32,96,nan,2,random,bk_ikgp,0,3106,0.00923587498255074,0.009128917008638382,0.009376041125506163,5,5939,890,9925,9925,66.0
ws_n32_s2,ws,32,96,nan,2,random,bk_basic_bit,1,3106,0.025373958982527256,0.02536191721446812,0.025499790906906128,5,38075,,,,10.4
ws_n32_s2,ws,32,96,nan,2,random,bk_pivot_bit,1,3106,0.0070349161978811026,0.0070122911129146814,0.0071094578597694635,5,5122,,,,9.7
ws_n32_s2,ws,32,96,nan,2,random,bk_tomita_bit,1,3106,0.009047500090673566,0.008963916916400194,0.009110375074669719,5,5041,,,,10.7
ws_n32_s3,ws,32,96,nan,3,random,bk_basic,0,2407,0.033797417068853974,0.03359291679225862,0.034454958979040384,5,42112,34312,0,0,67.9
ws_n32_s3,ws,32,96,nan,3,random,bk_pivot,0,2407,0.006675750017166138,0.006632166914641857,0.0068632918410003185,5,7111,1416,15084,0,66.9
ws_n32_s3,ws,32,96,nan,3,random,bk_tomita,0,2407,0.006804625038057566,0.006765583995729685,0.007077791029587388,5,4140,74,8080,8080,69.0
ws_n32_s3,ws,32,96,nan,3,random,bk_pivot_p,0,2407,0.010230207815766335,0.010186707833781838,0.010424957843497396,5,11485,5276,17261,0,66.9
ws_n32_s3,ws,32,96,nan,3,random,bk_ikgp,0,2407,0.008635916048660874,0.008576542139053345,0.0088662498164922,5,5638,1394,9801,9801,69.0
ws_n32_s3,ws,32,96,nan,3,random,bk_basic_bit,1,2407,0.02630137512460351,0.026191625045612454,0.026424084091559052,5,42112,,,,10.5
ws_n32_s3,ws,32,96,nan,3,random,bk_pivot_bit,1,2407,0.006131957983598113,0.006096249911934137,0.006200667005032301,5,4562,,,,9.8
ws_n32_s3,ws,32,96,nan,3,random,bk_tomita_bit,1,2407,0.007447666954249144,0.007409832905977964,0.007490667048841715,5,4136,,,,10.9
er_n34_p0.3_s1,er,34,165,0.3,1,random,bk_basic,0,873,0.022792666917666793,0.02266141609288752,0.023014500038698316,5,28240,24862,0,0,95.3
er_n34_p0.3_s1,er,34,165,0.3,1,random,bk_pivot,0,873,0.005070874933153391,0.004974708892405033,0.00527029181830585,5,4585,1718,16971,0,94.9
er_n34_p0.3_s1,er,34,165,0.3,1,random,bk_tomita,0,873,0.0037725830916315317,0.0037314160726964474,0.004046209156513214,5,1989,29,4870,4870,95.9
er_n34_p0.3_s1,er,34,165,0.3,1,random,bk_pivot_p,0,873,0.007004874991253018,0.006884082918986678,0.0071518749464303255,5,7100,4079,12867,0,94.4
er_n34_p0.3_s1,er,34,165,0.3,1,random,bk_ikgp,0,873,0.004247667035087943,0.004203749820590019,0.004523666109889746,5,2461,473,5158,5158,95.9
er_n34_p0.3_s1,er,34,165,0.3,1,random,bk_basic_bit,1,873,0.016949249897152185,0.016901208087801933,0.01703849993646145,5,28240,,,,11.1
er_n34_p0.3_s1,er,34,165,0.3,1,random,bk_pivot_bit,1,873,0.0044466659892350435,0.0044174580834805965,0.004487375030294061,5,4311,,,,10.7
er_n34_p0.3_s1,er,34,165,0.3,1,random,bk_tomita_bit,1,873,0.003970625111833215,0.003945832839235663,0.0040105420630425215,5,2012,,,,11.2
er_n34_p0.5_s1,er,34,271,0.5,1,random,bk_basic,0,291,0.0019078750628978014,0.001726832939311862,0.002119458047673106,5,2326,1503,0,0,62.1
er_n34_p0.5_s1,er,34,271,0.5,1,random,bk_pivot,0,291,0.0010579160880297422,0.0009777499362826347,0.0011937918607145548,5,1019,255,2534,0,61.8
er_n34_p0.5_s1,er,34,271,0.5,1,random,bk_tomita,0,291,0.0011366249527782202,0.001066708005964756,0.0012890000361949205,5,655,31,1500,1500,62.5
er_n34_p0.5_s1,er,34,271,0.5,1,random,bk_pivot_p,0,291,0.001005917089059949,0.0009442910086363554,0.0011001250240951777,5,1133,361,1723,0,61.8
er_n34_p0.5_s1,er,34,271,0.5,1,random,bk_ikgp,0,291,0.0011385001707822084,0.0011117919348180294,0.001321042189374566,5,792,160,1372,1372,62.5
er_n34_p0.5_s1,er,34,271,0.5,1,random,bk_basic_bit,1,291,0.0016886661760509014,0.001654667081311345,0.001762875122949481,5,2326,,,,9.4
er_n34_p0.5_s1,er,34,271,0.5,1,random,bk_pivot_bit,1,291,0.0011482499539852142,0.0011433749459683895,0.0011780408676713705,5,1079,,,,9.3
er_n34_p0.5_s1,er,34,271,0.5,1,random,bk_tomita_bit,1,291,0.0011540839914232492,0.0011485409922897816,0.0011790420394390821,5,629,,,,9.8
er_n34_p0.7_s1,er,34,386,0.7,1,random,bk_basic,0,102,0.00032291701063513756,0.00030341604724526405,0.00042283302173018456,5,434,206,0,0,36.3
er_n34_p0.7_s1,er,34,386,0.7,1,random,bk_pivot,0,102,0.00026695895940065384,0.00025970814749598503,0.0003131250850856304,5,288,70,570,0,35.5
er_n34_p0.7_s1,er,34,386,0.7,1,random,bk_tomita,0,102,0.0003537498414516449,0.00033933320082724094,0.0004005830269306898,5,224,19,484,484,35.5
er_n34_p0.7_s1,er,34,386,0.7,1,random,bk_pivot_p,0,102,0.0002707908861339092,0.00026424997486174107,0.00029662507586181164,5,313,94,401,0,35.5
er_n34_p0.7_s1,er,34,386,0.7,1,random,bk_ikgp,0,102,0.00033958302810788155,0.0003332910127937794,0.00037333392538130283,5,259,56,373,373,35.5
er_n34_p0.7_s1,er,34,386,0.7,1,random,bk_basic_bit,1,102,0.0003862080629914999,0.00038424995727837086,0.0004089998546987772,5,434,,,,7.5
er_n34_p0.7_s1,er,34,386,0.7,1,random,bk_pivot_bit,1,102,0.0003447500057518482,0.00034333299845457077,0.0003588330000638962,5,288,,,,7.6
er_n34_p0.7_s1,er,34,386,0.7,1,random,bk_tomita_bit,1,102,0.0004207079764455557,0.0004194581415504217,0.00045104091987013817,5,226,,,,8.0
er_n34_p0.3_s2,er,34,163,0.3,2,random,bk_basic,0,852,0.026754874968901277,0.026661083102226257,0.03241812507621944,5,33295,30135,0,0,95.7
er_n34_p0.3_s2,er,34,163,0.3,2,random,bk_pivot,0,852,0.004079666920006275,0.004007874988019466,0.004240083042532206,5,3754,1112,11873,0,95.8
er_n34_p0.3_s2,er,34,163,0.3,2,random,bk_tomita,0,852,0.0037622919771820307,0.003643917152658105,0.0040008751675486565,5,1969,54,4708,4708,97.9
er_n34_p0.3_s2,er,34,163,0.3,2,random,bk_pivot_p,0,852,0.00541649991646409,0.005293124821037054,0.005592416971921921,5,5790,3097,10760,0,95.8
er_n34_p0.3_s2,er,34,163,0.3,2,random,bk_ikgp,0,852,0.0040542499627918005,0.003978042164817452,0.004332207841798663,5,2347,408,4836,4836,97.9
er_n34_p0.3_s2,er,34,163,0.3,2,random,bk_basic_bit,1,852,0.020308041013777256,0.02015324984677136,0.020507917040959,5,33295,,,,11.7
er_n34_p0.3_s2,er,34,163,0.3,2,random,bk_pivot_bit,1,852,0.004537374945357442,0.004498166032135487,0.004607750102877617,5,4460,,,,11.3
er_n34_p0.3_s2,er,34,163,0.3,2,random,bk_tomita_bit,1,852,0.003817582968622446,0.0037981669884175062,0.0038389998953789473,5,1980,,,,11.6
er_n34_p0.5_s2,er,34,281,0.5,2,random,bk_basic,0,249,0.0016563748940825462,0.0015888749621808529,0.0018521668389439583,5,2269,1564,0,0,52.8
er_n34_p0.5_s2,er,34,281,0.5,2,random,bk_pivot,0,249,0.0008797079790383577,0.0008507911115884781,0.0009694171603769064,5,909,243,2240,0,52.3
er_n34_p0.5_s2,er,34,281,0.5,2,random,bk_tomita,0,249,0.000972250010818243,0.000930124893784523,0.0011047080624848604,5,552,25,1302,1302,53.3
er_n34_p0.5_s2,er,34,281,0.5,2,random,bk_pivot_p,0,249,0.000916666816920042,0.0008668750524520874,0.0009800419211387634,5,1034,364,1539,0,52.3
er_n34_p0.5_s2,er,34,281,0.5,2,random,bk_ikgp,0,249,0.0009650411084294319,0.0009423750452697277,0.0010445001535117626,5,650,120,1148,1148,53.3
er_n34_p0.5_s2,er,34,281,0.5,2,random,bk_basic_bit,1,249,0.00153954210691154,0.0015244579408317804,0.0015920000150799751,5,2269,,,,9.0
er_n34_p0.5_s2,er,34,281,0.5,2,random,bk_pivot_bit,1,249,0.0009607081301510334,0.0009456658735871315,0.0009813751094043255,5,903,,,,8.9
er_n34_p0.5_s2,er,34,281,0.5,2,random,bk_tomita_bit,1,249,0.001020542113110423,0.0010016250889748335,0.0010407501831650734,5,556,,,,9.3
er_n34_p0.7_s2,er,34,389,0.7,2,random,bk_basic,0,107,0.00031304219737648964,0.0002953330986201763,0.00040716701187193394,5,424,184,0,0,35.3
er_n34_p0.7_s2,er,34,389,0.7,2,random,bk_pivot,0,107,0.00026466697454452515,0.00025462498888373375,0.0002977079711854458,5,283,52,533,0,35.2
er_n34_p0.7_s2,er,34,389,0.7,2,random,bk_tomita,0,107,0.00031933397985994816,0.00030733318999409676,0.0003710829187184572,5,215,16,413,413,35.2
er_n34_p0.7_s2,er,34,389,0.7,2,random,bk_pivot_p,0,107,0.00025899987667798996,0.00025424989871680737,0.0002830841112881899,5,296,66,383,0,35.2
er_n34_p0.7_s2,er,34,389,0.7,2,random,bk_ikgp,0,107,0.00030445889569818974,0.0002988330088555813,0.00032083410769701004,5,232,34,338,338,35.2
er_n34_p0.7_s2,er,34,389,0.7,2,random,bk_basic_bit,1,107,0.00035829213447868824,0.00035695801489055157,0.0003782501444220543,5,424,,,,6.8
er_n34_p0.7_s2,er,34,389,0.7,2,random,bk_pivot_bit,1,107,0.0003299999516457319,0.0003266250714659691,0.00034295814111828804,5,289,,,,6.8
er_n34_p0.7_s2,er,34,389,0.7,2,random,bk_tomita_bit,1,107,0.0003794578369706869,0.0003756249789148569,0.00039791688323020935,5,216,,,,6.9
er_n34_p0.3_s3,er,34,155,0.3,3,random,bk_basic,0,765,0.031225583981722593,0.031162125058472157,0.03126637497916818,5,39358,36285,0,0,98.9
er_n34_p0.3_s3,er,34,155,0.3,3,random,bk_pivot,0,765,0.003960750065743923,0.003770125098526478,0.004428375046700239,5,3628,972,11494,0,98.3
er_n34_p0.3_s3,er,34,155,0.3,3,random,bk_tomita,0,765,0.0038741668686270714,0.0035520000383257866,0.004315708065405488,5,1814,35,4609,4609,99.9
er_n34_p0.3_s3,er,34,155,0.3,3,random,bk_pivot_p,0,765,0.005051124840974808,0.004810082959011197,0.005201708059757948,5,5080,2383,10489,0,97.4
er_n34_p0.3_s3,er,34,155,0.3,3,random,bk_ikgp,0,765,0.004350417060777545,0.004174625035375357,0.005004500038921833,5,2250,434,4877,4877,99.9
er_n34_p0.3_s3,er,34,155,0.3,3,random,bk_basic_bit,1,765,0.024738291976973414,0.024696415988728404,0.025592415826395154,5,39358,,,,11.6
er_n34_p0.3_s3,er,34,155,0.3,3,random,bk_pivot_bit,1,765,0.0038696250412613153,0.0038274999242275953,0.00501033291220665,5,3517,,,,11.0
er_n34_p0.3_s3,er,34,155,0.3,3,random,bk_tomita_bit,1,765,0.003876750124618411,0.0035381249617785215,0.007520916173234582,5,1836,,,,11.8
er_n34_p0.5_s3,er,34,270,0.5,3,random,bk_basic,0,268,0.002052416792139411,0.0019522500224411488,0.002217167057096958,5,2517,1769,0,0,55.3
er_n34_p0.5_s3,er,34,270,0.5,3,random,bk_pivot,0,268,0.0009062078315764666,0.0008079169783741236,0.0010849591344594955,5,868,205,2282,0,54.6
er_n34_p0.5_s3,er,34,270,0.5,3,random,bk_tomita,0,268,0.0011195000261068344,0.000975125003606081,0.0011597501579672098,5,587,26,1282,1282,55.8
er_n34_p0.5_s3,er,34,270,0.5,3,random,bk_pivot_p,0,268,0.0011342079378664494,0.001064457930624485,0.0013552499003708363,5,1236,543,1852,0,54.6
er_n34_p0.5_s3,er,34,270,0.5,3,random,bk_ikgp,0,268,0.0009856659453362226,0.0009456248953938484,0.001145749818533659,5,650,89,1143,1143,55.8
er_n34_p0.5_s3,er,34,270,0.5,3,random,bk_basic_bit,1,268,0.0018053750973194838,0.0017675000708550215,0.0018714589532464743,5,2517,,,,9.5
er_n34_p0.5_s3,er,34,270,0.5,3,random,bk_pivot_bit,1,268,0.001031625084578991,0.0010170419700443745,0.0010408749803900719,5,936,,,,9.3
er_n34_p0.5_s3,er,34,270,0.5,3,random,bk_tomita_bit,1,268,0.0010607920121401548,0.0010528750717639923,0.0011591659858822823,5,582,,,,9.8
er_n34_p0.7_s3,er,34,390,0.7,3,random,bk_basic,0,114,0.00030062487348914146,0.00028312508948147297,0.00041666580364108086,5,399,167,0,0,35.3
er_n34_p0.7_s3,er,34,390,0.7,3,random,bk_pivot,0,114,0.00026449980214238167,0.00025774980895221233,0.00030691688880324364,5,288,64,581,0,35.3
er_n34_p0.7_s3,er,34,390,0.7,3,random,bk_tomita,0,114,0.00032537500374019146,0.0003138328902423382,0.0003856660332530737,5,220,14,416,416,35.3
er_n34_p0.7_s3,er,34,390,0.7,3,random,bk_pivot_p,0,114,0.00027658301405608654,0.0002689578104764223,0.0003086659125983715,5,323,96,383,0,35.3
er_n34_p0.7_s3,er,34,390,0.7,3,random,bk_ikgp,0,114,0.00032599992118775845,0.000321083003655076,0.0003790410701185465,5,238,35,333,333,35.3
er_n34_p0.7_s3,er,34,390,0.7,3,random,bk_basic_bit,1,114,0.00036579184234142303,0.00035966699942946434,0.00039237504824995995,5,399,,,,6.8
er_n34_p0.7_s3,er,34,390,0.7,3,random,bk_pivot_bit,1,114,0.00033470895141363144,0.00033258297480642796,0.000350666930899024,5,283,,,,6.8
er_n34_p0.7_s3,er,34,390,0.7,3,random,bk_tomita_bit,1,114,0.00040129199624061584,0.00039595901034772396,0.0004136250354349613,5,220,,,,7.0
ba_n34_m3_s1,ba,34,93,nan,1,random,bk_basic,0,1563,0.9381415001116693,0.919689292088151,1.0247115411330014,5,1161576,1153044,0,0,113.9
ba_n34_m3_s1,ba,34,93,nan,1,random,bk_pivot,0,1563,0.011084958910942078,0.008999917190521955,0.015243874862790108,5,8387,1716,32260,0,111.1
ba_n34_m3_s1,ba,34,93,nan,1,random,bk_tomita,0,1563,0.007627458078786731,0.0075673749670386314,0.007735499879345298,5,3638,8,9374,9374,114.3
ba_n34_m3_s1,ba,34,93,nan,1,random,bk_pivot_p,0,1563,0.015096624847501516,0.014684457797557116,0.01750091603025794,5,15121,8443,44661,0,111.1
ba_n34_m3_s1,ba,34,93,nan,1,random,bk_ikgp,0,1563,0.007900041062384844,0.007846958003938198,0.008116916986182332,5,3946,299,9537,9537,114.3
ba_n34_m3_s1,ba,34,93,nan,1,random,bk_basic_bit,1,1563,0.6924154171720147,0.6845909580588341,0.7117651670705527,5,1161576,,,,15.2
ba_n34_m3_s1,ba,34,93,nan,1,random,bk_pivot_bit,1,1563,0.01124387513846159,0.011050166096538305,0.011322249891236424,5,9899,,,,13.9
ba_n34_m3_s1,ba,34,93,nan,1,random,bk_tomita_bit,1,1563,0.00931495800614357,0.009194707963615656,0.009447500109672546,5,4010,,,,14.9
ba_n34_m3_s2,ba,34,93,nan,2,random,bk_basic,0,1532,0.5792155000381172,0.5750517079140991,0.5867883339524269,5,718534,710756,0,0,110.8
ba_n34_m3_s2,ba,34,93,nan,2,random,bk_pivot,0,1532,0.012743541970849037,0.01267920807003975,0.012891458114609122,5,11108,4342,54939,0,107.5
ba_n34_m3_s2,ba,34,93,nan,2,random,bk_tomita,0,1532,0.007436957908794284,0.007400834001600742,0.007600292097777128,5,3568,15,9289,9289,111.0
ba_n34_m3_s2,ba,34,93,nan,2,random,bk_pivot_p,0,1532,0.02142112492583692,0.02140754205174744,0.021497499896213412,5,21718,14917,54119,0,107.5
ba_n34_m3_s2,ba,34,93,nan,2,random,bk_ikgp,0,1532,0.007818000158295035,0.007810916053131223,0.008039666805416346,5,3872,289,9628,9628,111.0
ba_n34_m3_s2,ba,34,93,nan,2,random,bk_basic_bit,1,1532,0.42370958300307393,0.4212441248819232,0.42468862514942884,5,718534,,,,14.1
ba_n34_m3_s2,ba,34,93,nan,2,random,bk_pivot_bit,1,1532,0.00868891691789031,0.008657082915306091,0.008740375051274896,5,7199,,,,13.2
ba_n34_m3_s2,ba,34,93,nan,2,random,bk_tomita_bit,1,1532,0.007896416820585728,0.007857332937419415,0.00791437504813075,5,3511,,,,14.4
ba_n34_m3_s3,ba,34,93,nan,3,random,bk_basic,0,1495,1.650438374839723,1.642265582922846,1.6516643748618662,5,2045524,2037698,0,0,112.1
ba_n34_m3_s3,ba,34,93,nan,3,random,bk_pivot,0,1495,0.007897584000602365,0.007828000001609325,0.008025625022128224,5,7513,1952,28830,0,111.7
ba_n34_m3_s3,ba,34,93,nan,3,random,bk_tomita,0,1495,0.008294207975268364,0.008238415932282805,0.008457833202555776,5,3902,77,11113,11113,112.2
ba_n34_m3_s3,ba,34,93,nan,3,random,bk_pivot_p,0,1495,0.01379933301359415,0.013765834039077163,0.013963541947305202,5,14967,9343,40110,0,111.7
ba_n34_m3_s3,ba,34,93,nan,3,random,bk_ikgp,0,1495,0.008379458216950297,0.0082694161683321,0.00843083392828703,5,3981,138,11165,11165,112.2
ba_n34_m3_s3,ba,34,93,nan,3,random,bk_basic_bit,1,1495,1.2459332081489265,1.1870482498779893,1.2951524581294507,5,2045524,,,,15.6
ba_n34_m3_s3,ba,34,93,nan,3,random,bk_pivot_bit,1,1495,0.012060833163559437,0.011966666905209422,0.012173417024314404,5,10628,,,,14.5
ba_n34_m3_s3,ba,34,93,nan,3,random,bk_tomita_bit,1,1495,0.009108500089496374,0.009073625085875392,0.009148333920165896,5,3871,,,,15.6
ws_n34_s1,ws,34,102,nan,1,random,bk_basic,0,4884,0.06521270796656609,0.06483058305457234,0.06582570890896022,5,78822,65033,0,0,100.0
ws_n34_s1,ws,34,102,nan,1,random,bk_pivot,0,4884,0.013271334115415812,0.013211583020165563,0.013498166110366583,5,13750,2351,32459,0,99.4
ws_n34_s1,ws,34,102,nan,1,random,bk_tomita,0,4884,0.012837292160838842,0.012721249833703041,0.012878958135843277,5,8092,78,14451,14451,101.4
ws_n34_s1,ws,34,102,nan,1,random,bk_pivot_p,0,4884,0.017577500082552433,0.017445500008761883,0.017827084055170417,5,19532,8128,30403,0,99.4
ws_n34_s1,ws,34,102,nan,1,random,bk_ikgp,0,4884,0.014413292054086924,0.014392707962542772,0.014573583146557212,5,9324,1146,15906,15906,101.4
ws_n34_s1,ws,34,102,nan,1,random,bk_basic_bit,1,4884,0.05333795794285834,0.05284812510944903,0.05376354092732072,5,78822,,,,11.1
ws_n34_s1,ws,34,102,nan,1,random,bk_pivot_bit,1,4884,0.013064375147223473,0.013052416034042835,0.013182583963498473,5,9002,,,,10.5
ws_n34_s1,ws,34,102,nan,1,random,bk_tomita_bit,1,4884,0.016268708975985646,0.016221290919929743,0.01628762506879866,5,8433,,,,11.6
ws_n34_s2,ws,34,102,nan,2,random,bk_basic,0,5511,0.058807000052183867,0.05868379189632833,0.058884500060230494,5,72887,56792,0,0,98.1
ws_n34_s2,ws,34,102,nan,2,random,bk_pivot,0,5511,0.013288374990224838,0.013280374929308891,0.013505499809980392,5,14525,2686,30612,0,97.0
ws_n34_s2,ws,34,102,nan,2,random,bk_tomita,0,5511,0.013456917135044932,0.013419582974165678,0.013683374971151352,5,8913,181,15747,15747,99.1
ws_n34_s2,ws,34,102,nan,2,random,bk_pivot_p,0,5511,0.01855349983088672,0.01845558313652873,0.018639208981767297,5,21120,8203,32397,0,97.6
ws_n34_s2,ws,34,102,nan,2,random,bk_ikgp,0,5511,0.015417292015627027,0.015335917007178068,0.015539042185992002,5,10669,1881,17962,17962,99.1
ws_n34_s2,ws,34,102,nan,2,random,bk_basic_bit,1,5511,0.05011737486347556,0.050024333875626326,0.050364291993901134,5,72887,,,,10.8
ws_n34_s2,ws,34,102,nan,2,random,bk_pivot_bit,1,5511,0.013854040997102857,0.013819958083331585,0.01387037499807775,5,9053,,,,9.9
ws_n34_s2,ws,34,102,nan,2,random,bk_tomita_bit,1,5511,0.016949540935456753,0.016910457983613014,0.017060084035620093,5,8588,,,,11.1
ws_n34_s3,ws,34,102,nan,3,random,bk_basic,0,3800,0.06828995794057846,0.06804349995218217,0.06844433303922415,5,83824,71020,0,0,100.0
ws_n34_s3,ws,34,102,nan,3,random,bk_pivot,0,3800,0.01228250004351139,0.01185533287934959,0.012472374830394983,5,12528,2905,28657,0,99.4
ws_n34_s3,ws,34,102,nan,3,random,bk_tomita,0,3800,0.011778957908973098,0.01171120791696012,0.012097832979634404,5,7118,236,13729,13729,101.3
ws_n34_s3,ws,34,102,nan,3,random,bk_pivot_p,0,3800,0.01616641692817211,0.01601087488234043,0.01621004194021225,5,17976,8115,27795,0,99.1
ws_n34_s3,ws,34,102,nan,3,random,bk_ikgp,0,3800,0.014196958858519793,0.014119290979579091,0.015559249790385365,5,9157,2168,16220,16220,101.3
ws_n34_s3,ws,34,102,nan,3,random,bk_basic_bit,1,3800,0.05518424999900162,0.054866750026121736,0.05584500008262694,5,83824,,,,11.3
ws_n34_s3,ws,34,102,nan,3,random,bk_pivot_bit,1,3800,0.01244479208253324,0.012120333034545183,0.012704333057627082,5,8721,,,,10.6
ws_n34_s3,ws,34,102,nan,3,random,bk_tomita_bit,1,3800,0.014040916925296187,0.013916041934862733,0.014423082815483212,5,6991,,,,11.5
er_n36_p0.3_s1,er,36,184,0.3,1,random,bk_basic,0,1147,0.026647625025361776,0.026615124894306064,0.026671958854421973,5,33400,29302,0,0,102.3
er_n36_p0.3_s1,er,36,184,0.3,1,random,bk_pivot,0,1147,0.005006791092455387,0.004946500062942505,0.005309832980856299,5,4843,1372,14787,0,103.0
er_n36_p0.3_s1,er,36,184,0.3,1,random,bk_tomita,0,1147,0.005313832778483629,0.005121041089296341,0.005603916943073273,5,2643,66,6597,6597,102.3
er_n36_p0.3_s1,er,36,184,0.3,1,random,bk_pivot_p,0,1147,0.0074010000098496675,0.007212667027488351,0.007468707859516144,5,7556,3888,12963,0,103.1
er_n36_p0.3_s1,er,36,184,0.3,1,random,bk_ikgp,0,1147,0.006726332940161228,0.006557458080351353,0.00721625005826354,5,3661,1003,7419,7419,102.5
er_n36_p0.3_s1,er,36,184,0.3,1,random,bk_basic_bit,1,1147,0.022674957988783717,0.02138341683894396,0.023633416974917054,5,33400,,,,11.4
er_n36_p0.3_s1,er,36,184,0.3,1,random,bk_pivot_bit,1,1147,0.006156000075861812,0.006087457993999124,0.006258792011067271,5,5448,,,,10.6
er_n36_p0.3_s1,er,36,184,0.3,1,random,bk_tomita_bit,1,1147,0.005324291996657848,0.005318208131939173,0.005789291812106967,5,2555,,,,11.6
er_n36_p0.5_s1,er,36,303,0.5,1,random,bk_basic,0,332,0.0026736659929156303,0.0025573340244591236,0.0028969580307602882,5,3344,2387,0,0,68.5
er_n36_p0.5_s1,er,36,303,0.5,1,random,bk_pivot,0,332,0.0012484998442232609,0.0011724999640136957,0.001417582854628563,5,1264,407,3306,0,67.5
er_n36_p0.5_s1,er,36,303,0.5,1,random,bk_tomita,0,332,0.0013840000610798597,0.0013146251440048218,0.0015390000771731138,5,744,35,1666,1666,69.5
er_n36_p0.5_s1,er,36,303,0.5,1,random,bk_pivot_p,0,332,0.0014449169393628836,0.001347915967926383,0.0015887499321252108,5,1557,665,2310,0,67.2
er_n36_p0.5_s1,er,36,303,0.5,1,random,bk_ikgp,0,332,0.0013770000077784061,0.0012593329884111881,0.0014909999445080757,5,850,140,1509,1509,69.5
er_n36_p0.5_s1,er,36,303,0.5,1,random,bk_basic_bit,1,332,0.002433124929666519,0.00239941687323153,0.002511790953576565,5,3344,,,,9.9
er_n36_p0.5_s1,er,36,303,0.5,1,random,bk_pivot_bit,1,332,0.0013746670447289944,0.0013430421240627766,0.0014932090416550636,5,1209,,,,9.7
er_n36_p0.5_s1,er,36,303,0.5,1,random,bk_tomita_bit,1,332,0.0013588331639766693,0.0013281251303851604,0.0014336248859763145,5,740,,,,10.3
er_n36_p0.7_s1,er,36,433,0.7,1,random,bk_basic,0,127,0.00039616692811250687,0.0003700000233948231,0.0005133750382810831,5,518,241,0,0,37.6
er_n36_p0.7_s1,er,36,433,0.7,1,random,bk_pivot,0,127,0.0003209169954061508,0.0003077499568462372,0.0003719588275998831,5,336,67,668,0,38.2
er_n36_p0.7_s1,er,36,433,0.7,1,random,bk_tomita,0,127,0.0004314580000936985,0.00040566688403487206,0.0005336250178515911,5,265,28,541,541,37.5
er_n36_p0.7_s1,er,36,433,0.7,1,random,bk_pivot_p,0,127,0.00033962493762373924,0.0003226669505238533,0.00040658307261765003,5,375,103,469,0,38.2
er_n36_p0.7_s1,er,36,433,0.7,1,random,bk_ikgp,0,127,0.0005305830854922533,0.00041991681791841984,0.0005705421790480614,5,309,71,435,435,37.5
er_n36_p0.7_s1,er,36,433,0.7,1,random,bk_basic_bit,1,127,0.0004564579576253891,0.0004503750242292881,0.0004892910365015268,5,518,,,,7.9
er_n36_p0.7_s1,er,36,433,0.7,1,random,bk_pivot_bit,1,127,0.0004207498859614134,0.00040995795279741287,0.0004402080085128546,5,354,,,,7.7
er_n36_p0.7_s1,er,36,433,0.7,1,random,bk_tomita_bit,1,127,0.0004949171561747789,0.00048229191452264786,0.0005257921293377876,5,263,,,,8.1
er_n36_p0.3_s2,er,36,184,0.3,2,random,bk_basic,0,920,0.03471791697666049,0.03451712499372661,0.0349781250115484,5,43869,40081,0,0,104.4
er_n36_p0.3_s2,er,36,184,0.3,2,random,bk_pivot,0,920,0.004285292001441121,0.004258375149220228,0.004484667209908366,5,3979,722,12203,0,103.3
er_n36_p0.3_s2,er,36,184,0.3,2,random,bk_tomita,0,920,0.004279375076293945,0.004199791932478547,0.004436874995008111,5,2151,53,5256,5256,105.3
er_n36_p0.3_s2,er,36,184,0.3,2,random,bk_pivot_p,0,920,0.005968958139419556,0.005847166990861297,0.006082542007789016,5,6157,2835,11948,0,103.3
er_n36_p0.3_s2,er,36,184,0.3,2,random,bk_ikgp,0,920,0.004683875013142824,0.004591708071529865,0.004800332942977548,5,2463,344,5268,5268,105.3
er_n36_p0.3_s2,er,36,184,0.3,2,random,bk_basic_bit,1,920,0.02780920802615583,0.0277240420691669,0.028789500007405877,5,43869,,,,11.4
er_n36_p0.3_s2,er,36,184,0.3,2,random,bk_pivot_bit,1,920,0.0052041669841855764,0.005166375078260899,0.005263665923848748,5,4736,,,,11.1
er_n36_p0.3_s2,er,36,184,0.3,2,random,bk_tomita_bit,1,920,0.00435470906086266,0.004352291114628315,0.00439166696742177,5,2154,,,,11.8
er_n36_p0.5_s2,er,36,314,0.5,2,random,bk_basic,0,342,0.0018779588863253593,0.0018134580459445715,0.0020801660139113665,5,2513,1626,0,0,60.1
er_n36_p0.5_s2,er,36,314,0.5,2,random,bk_pivot,0,342,0.0009820829145610332,0.0009545409120619297,0.0010681659914553165,5,998,224,2204,0,59.7
er_n36_p0.5_s2,er,36,314,0.5,2,random,bk_tomita,0,342,0.0011744999792426825,0.0011380419600754976,0.0012880000285804272,5,707,31,1483,1483,60.7
er_n36_p0.5_s2,er,36,314,0.5,2,random,bk_pivot_p,0,342,0.0010123748797923326,0.0009547499939799309,0.0010863749776035547,5,1142,349,1610,0,59.7
er_n36_p0.5_s2,er,36,314,0.5,2,random,bk_ikgp,0,342,0.001210459042340517,0.001170292031019926,0.0012891250662505627,5,825,147,1363,1363,60.7
er_n36_p0.5_s2,er,36,314,0.5,2,random,bk_basic_bit,1,342,0.0019011248368769884,0.001883333083242178,0.0019301250576972961,5,2513,,,,9.2
er_n36_p0.5_s2,er,36,314,0.5,2,random,bk_pivot_bit,1,342,0.0012570840772241354,0.0012461671140044928,0.0012779580429196358,5,1112,,,,9.0
er_n36_p0.5_s2,er,36,314,0.5,2,random,bk_tomita_bit,1,342,0.0013240419793874025,0.001312541076913476,0.001343166921287775,5,716,,,,9.9
er_n36_p0.7_s2,er,36,437,0.7,2,random,bk_basic,0,119,0.00036450009793043137,0.00034512486308813095,0.0004782499745488167,5,485,226,0,0,39.3
er_n36_p0.7_s2,er,36,437,0.7,2,random,bk_pivot,0,119,0.00028449995443224907,0.00027437484823167324,0.0003221249207854271,5,301,44,550,0,39.2
er_n36_p0.7_s2,er,36,437,0.7,2,random,bk_tomita,0,119,0.0003777919337153435,0.00036095804534852505,0.00043795909732580185,5,243,20,483,483,39.7
er_n36_p0.7_s2,er,36,437,0.7,2,random,bk_pivot_p,0,119,0.00029458291828632355,0.00028583290986716747,0.00031604222021996975,5,334,83,420,0,39.1
er_n36_p0.7_s2,er,36,437,0.7,2,random,bk_ikgp,0,119,0.00036404095590114594,0.0003580828197300434,0.0003874159883707762,5,271,53,396,396,39.7
er_n36_p0.7_s2,er,36,437,0.7,2,random,bk_basic_bit,1,119,0.0004420420154929161,0.0004381248727440834,0.00046274997293949127,5,485,,,,7.8
er_n36_p0.7_s2,er,36,437,0.7,2,random,bk_pivot_bit,1,119,0.0004036249592900276,0.000399166950955987,0.00041166716255247593,5,332,,,,7.6
er_n36_p0.7_s2,er,36,437,0.7,2,random,bk_tomita_bit,1,119,0.0004645001608878374,0.0004639590624719858,0.00047966581769287586,5,249,,,,8.1
er_n36_p0.3_s3,er,36,182,0.3,3,random,bk_basic,0,1013,0.0403934579808265,0.03950237506069243,0.0406395411118865,5,49682,45736,0,0,104.5
er_n36_p0.3_s3,er,36,182,0.3,3,random,bk_pivot,0,1013,0.00545383314602077,0.0052241249941289425,0.005546625005081296,5,4784,1368,16862,0,103.1
er_n36_p0.3_s3,er,36,182,0.3,3,random,bk_tomita,0,1013,0.004886874929070473,0.004826792050153017,0.005057916976511478,5,2349,30,5946,5946,105.4
er_n36_p0.3_s3,er,36,182,0.3,3,random,bk_pivot_p,0,1013,0.007020999910309911,0.006824708078056574,0.007122874958440661,5,7156,3686,13892,0,103.1
er_n36_p0.3_s3,er,36,182,0.3,3,random,bk_ikgp,0,1013,0.005443959031254053,0.00529391597956419,0.005638499977067113,5,2845,496,6214,6214,105.4
er_n36_p0.3_s3,er,36,182,0.3,3,random,bk_basic_bit,1,1013,0.03262137505225837,0.032285792054608464,0.033131874864920974,5,49682,,,,11.6
er_n36_p0.3_s3,er,36,182,0.3,3,random,bk_pivot_bit,1,1013,0.004966750042513013,0.00491645815782249,0.0050406670197844505,5,4211,,,,11.2
er_n36_p0.3_s3,er,36,182,0.3,3,random,bk_tomita_bit,1,1013,0.005118749802932143,0.004980208119377494,0.006643540924414992,5,2355,,,,12.0
er_n36_p0.5_s3,er,36,318,0.5,3,random,bk_basic,0,292,0.0018740841187536716,0.0017892499454319477,0.002072875155135989,5,2383,1611,0,0,59.3
er_n36_p0.5_s3,er,36,318,0.5,3,random,bk_pivot,0,292,0.0010019999463111162,0.0009246249683201313,0.0011073751375079155,5,958,223,2343,0,58.5
er_n36_p0.5_s3,er,36,318,0.5,3,random,bk_tomita,0,292,0.0012236249167472124,0.0010999999940395355,0.0013606250286102295,5,659,36,1505,1505,59.5
er_n36_p0.5_s3,er,36,318,0.5,3,random,bk_pivot_p,0,292,0.0010112090967595577,0.0009479580912739038,0.0010816249996423721,5,1104,367,1656,0,58.5
er_n36_p0.5_s3,er,36,318,0.5,3,random,bk_ikgp,0,292,0.001165333902463317,0.0010954998433589935,0.0012872081715613604,5,763,143,1295,1295,59.5
er_n36_p0.5_s3,er,36,318,0.5,3,random,bk_basic_bit,1,292,0.001720458036288619,0.0017076670192182064,0.0018607911188155413,5,2383,,,,9.1
er_n36_p0.5_s3,er,36,318,0.5,3,random,bk_pivot_bit,1,292,0.0010154580231755972,0.001009542029350996,0.0010387091897428036,5,916,,,,8.8
er_n36_p0.5_s3,er,36,318,0.5,3,random,bk_tomita_bit,1,292,0.0011997499968856573,0.001183625077828765,0.0012327500153332949,5,648,,,,9.5
er_n36_p0.7_s3,er,36,444,0.7,3,random,bk_basic,0,128,0.00033483305014669895,0.0003150829579681158,0.0004568749573081732,5,428,176,0,0,37.3
er_n36_p0.7_s3,er,36,444,0.7,3,random,bk_pivot,0,128,0.000284791924059391,0.0002685829531401396,0.0003429998178035021,5,296,55,560,0,36.1
er_n36_p0.7_s3,er,36,444,0.7,3,random,bk_tomita,0,128,0.0003666249103844166,0.00035416590981185436,0.00044187484309077263,5,242,12,464,464,36.2
er_n36_p0.7_s3,er,36,444,0.7,3,random,bk_pivot_p,0,128,0.0002861248794943094,0.00027445796877145767,0.00032420805655419827,5,320,75,391,0,36.1
er_n36_p0.7_s3,er,36,444,0.7,3,random,bk_ikgp,0,128,0.00035679107531905174,0.00035116588696837425,0.0003854581154882908,5,276,46,373,373,36.2
er_n36_p0.7_s3,er,36,444,0.7,3,random,bk_basic_bit,1,128,0.0003992500714957714,0.0003975830040872097,0.0004286658950150013,5,428,,,,6.9
er_n36_p0.7_s3,er,36,444,0.7,3,random,bk_pivot_bit,1,128,0.0003726668655872345,0.00036437506787478924,0.00039816717617213726,5,301,,,,6.8
er_n36_p0.7_s3,er,36,444,0.7,3,random,bk_tomita_bit,1,128,0.0004441251512616873,0.00044066598638892174,0.00047224992886185646,5,242,,,,7.2
ba_n36_m3_s1,ba,36,99,nan,1,random,bk_basic,0,2105,2.2554619999136776,2.2477994579821825,2.3039848748594522,5,2794112,2782039,0,0,120.3
ba_n36_m3_s1,ba,36,99,nan,1,random,bk_pivot,0,2105,0.012457666918635368,0.01241745799779892,0.012730292044579983,5,11696,1712,46949,0,119.1
ba_n36_m3_s1,ba,36,99,nan,1,random,bk_tomita,0,2105,0.011556874960660934,0.01151870796456933,0.011638917028903961,5,5113,12,14271,14271,121.2
ba_n36_m3_s1,ba,36,99,nan,1,random,bk_pivot_p,0,2105,0.03024783288128674,0.030226457864046097,0.03047574986703694,5,31560,21243,84768,0,119.1
ba_n36_m3_s1,ba,36,99,nan,1,random,bk_ikgp,0,2105,0.012453875038772821,0.012421207968145609,0.012498707976192236,5,5754,554,15134,15134,121.2
ba_n36_m3_s1,ba,36,99,nan,1,random,bk_basic_bit,1,2105,1.6766746658831835,1.6546918330714107,1.735126624815166,5,2794112,,,,16.0
ba_n36_m3_s1,ba,36,99,nan,1,random,bk_pivot_bit,1,2105,0.01899300003424287,0.018155249999836087,0.01975549990311265,5,15724,,,,14.6
ba_n36_m3_s1,ba,36,99,nan,1,random,bk_tomita_bit,1,2105,0.01317833294160664,0.012964833062142134,0.013199999928474426,5,5340,,,,15.8
ba_n36_m3_s2,ba,36,99,nan,2,random,bk_basic,0,2223,1.4316028750035912,1.41814741701819,1.4366321668494493,5,1748572,1734809,0,0,118.4
ba_n36_m3_s2,ba,36,99,nan,2,random,bk_pivot,0,2223,0.017876208061352372,0.01782112498767674,0.017945042112842202,5,16354,4397,67713,0,116.4
ba_n36_m3_s2,ba,36,99,nan,2,random,bk_tomita,0,2223,0.011489749886095524,0.011410957900807261,0.011630583088845015,5,5235,18,13697,13697,120.4
ba_n36_m3_s2,ba,36,99,nan,2,random,bk_pivot_p,0,2223,0.029275834094733,0.029248416889458895,0.029479583026841283,5,29616,17502,82326,0,116.5
ba_n36_m3_s2,ba,36,99,nan,2,random,bk_ikgp,0,2223,0.012081042164936662,0.012025125091895461,0.012241207994520664,5,5762,517,14457,14457,120.4
ba_n36_m3_s2,ba,36,99,nan,2,random,bk_basic_bit,1,2223,1.0246148339938372,1.0240974170155823,1.0362649590242654,5,1748572,,,,15.0
ba_n36_m3_s2,ba,36,99,nan,2,random,bk_pivot_bit,1,2223,0.014189790934324265,0.01407279190607369,0.014268666040152311,5,11347,,,,14.0
ba_n36_m3_s2,ba,36,99,nan,2,random,bk_tomita_bit,1,2223,0.012391709024086595,0.012269499944522977,0.012667208909988403,5,5221,,,,15.1
ba_n36_m3_s3,ba,36,99,nan,3,random,bk_basic,0,1656,5.216721791075543,5.192094582831487,5.299591541988775,5,6561560,6549728,0,0,125.0
ba_n36_m3_s3,ba,36,99,nan,3,random,bk_pivot,0,1656,0.018566624959930778,0.018485917011275887,0.018907499965280294,5,16391,5875,83115,0,122.6
ba_n36_m3_s3,ba,36,99,nan,3,random,bk_tomita,0,1656,0.010581874987110496,0.01052845804952085,0.0110424580052495,5,4678,8,14898,14898,126.8
ba_n36_m3_s3,ba,36,99,nan,3,random,bk_pivot_p,0,1656,0.035079749999567866,0.034931625006720424,0.03535083308815956,5,34227,23431,113500,0,122.6
ba_n36_m3_s3,ba,36,99,nan,3,random,bk_ikgp,0,1656,0.010926458984613419,0.01090591587126255,0.011168000055477023,5,4761,113,14977,14977,126.8
ba_n36_m3_s3,ba,36,99,nan,3,random,bk_basic_bit,1,1656,3.9620858328416944,3.8845747921150178,4.1655112081207335,5,6561560,,,,16.8
ba_n36_m3_s3,ba,36,99,nan,3,random,bk_pivot_bit,1,1656,0.01868366589769721,0.017066541127860546,0.022315791808068752,5,15560,,,,15.6
ba_n36_m3_s3,ba,36,99,nan,3,random,bk_tomita_bit,1,1656,0.010697250021621585,0.010612708050757647,0.022375707980245352,5,4203,,,,17.0
ws_n36_s1,ws,36,108,nan,1,random,bk_basic,0,7916,0.13181599997915328,0.12999845808371902,0.14663408300839365,5,153627,128469,0,0,104.8
ws_n36_s1,ws,36,108,nan,1,random,bk_pivot,0,7916,0.024166874820366502,0.023349208058789372,0.03566241706721485,5,23773,3885,55701,0,103.8
ws_n36_s1,ws,36,108,nan,1,random,bk_tomita,0,7916,0.02195291710086167,0.021644040942192078,0.022366791032254696,5,13693,429,24454,24454,107.3
ws_n36_s1,ws,36,108,nan,1,random,bk_pivot_p,0,7916,0.028431541053578258,0.028334083035588264,0.03773520793765783,5,30850,10258,52180,0,103.8
ws_n36_s1,ws,36,108,nan,1,random,bk_ikgp,0,7916,0.024856791831552982,0.024795500095933676,0.025442957878112793,5,16133,2714,26939,26939,107.3
ws_n36_s1,ws,36,108,nan,1,random,bk_basic_bit,1,7916,0.10576724982820451,0.1057193330489099,0.17005095910280943,5,153627,,,,11.4
ws_n36_s1,ws,36,108,nan,1,random,bk_pivot_bit,1,7916,0.022153875092044473,0.021911957999691367,0.022273749811574817,5,13225,,,,10.5
ws_n36_s1,ws,36,108,nan,1,random,bk_tomita_bit,1,7916,0.02810304192826152,0.027987707871943712,0.03028458380140364,5,12948,,,,11.3
ws_n36_s2,ws,36,108,nan,2,random,bk_basic,0,9278,0.11840824992395937,0.11817833385430276,0.11889449995942414,5,139678,111147,0,0,104.8
ws_n36_s2,ws,36,108,nan,2,random,bk_pivot,0,9278,0.025683582993224263,0.025293124839663506,0.04244720796123147,5,27071,5864,58552,0,102.4
ws_n36_s2,ws,36,108,nan,2,random,bk_tomita,0,9278,0.024060541996732354,0.02381858299486339,0.02439525001682341,5,14952,200,26501,26501,104.3
ws_n36_s2,ws,36,108,nan,2,random,bk_pivot_p,0,9278,0.032904624938964844,0.03258983395062387,0.04581370810046792,5,36552,14542,55821,0,102.4
ws_n36_s2,ws,36,108,nan,2,random,bk_ikgp,0,9278,0.028021042002364993,0.02768083312548697,0.028438667068257928,5,18056,3179,30503,30503,104.3
ws_n36_s2,ws,36,108,nan,2,random,bk_basic_bit,1,9278,0.09824233292602003,0.09762558317743242,0.12244866695255041,5,139678,,,,10.8
ws_n36_s2,ws,36,108,nan,2,random,bk_pivot_bit,1,9278,0.02531729103066027,0.025184124941006303,0.025430958019569516,5,15010,,,,10.0
ws_n36_s2,ws,36,108,nan,2,random,bk_tomita_bit,1,9278,0.033177874982357025,0.031198541866615415,0.035193041898310184,5,14766,,,,11.1
ws_n36_s3,ws,36,108,nan,3,random,bk_basic,0,5727,0.136708167148754,0.13483795779757202,0.1388155841268599,5,162181,143469,0,0,107.4
ws_n36_s3,ws,36,108,nan,3,random,bk_pivot,0,5727,0.026307708118110895,0.025824416894465685,0.026673499960452318,5,25576,10692,79746,0,106.9
ws_n36_s3,ws,36,108,nan,3,random,bk_tomita,0,5727,0.017636707983911037,0.017465249868109822,0.01806979114189744,5,10490,226,20735,20735,108.9
ws_n36_s3,ws,36,108,nan,3,random,bk_pivot_p,0,5727,0.03464241698384285,0.0345631658565253,0.03496824996545911,5,38837,23794,61199,0,106.9
ws_n36_s3,ws,36,108,nan,3,random,bk_ikgp,0,5727,0.025127208093181252,0.0250965419691056,0.02540433406829834,5,16489,5929,29225,29225,108.9
ws_n36_s3,ws,36,108,nan,3,random,bk_basic_bit,1,5727,0.10765141691081226,0.1057976670563221,0.13667204207740724,5,162181,,,,11.8
ws_n36_s3,ws,36,108,nan,3,random,bk_pivot_bit,1,5727,0.017455791123211384,0.017426665872335434,0.017540999921038747,5,11292,,,,10.9
ws_n36_s3,ws,36,108,nan,3,random,bk_tomita_bit,1,5727,0.021897665923461318,0.021874959114938974,0.021908625029027462,5,10612,,,,12.0
er_n38_p0.3_s1,er,38,209,0.3,1,random,bk_basic,0,1223,0.03938758419826627,0.03937683301046491,0.03969108313322067,5,49836,45211,0,0,108.3
er_n38_p0.3_s1,er,38,209,0.3,1,random,bk_pivot,0,1223,0.006475790869444609,0.006459707859903574,0.006715457886457443,5,6071,1899,19956,0,107.6
er_n38_p0.3_s1,er,38,209,0.3,1,random,bk_tomita,0,1223,0.005781874991953373,0.005712083075195551,0.005874665919691324,5,2861,73,7040,7040,109.7
er_n38_p0.3_s1,er,38,209,0.3,1,random,bk_pivot_p,0,1223,0.008862874936312437,0.008830666076391935,0.009050375083461404,5,9334,5035,16572,0,108.6
er_n38_p0.3_s1,er,38,209,0.3,1,random,bk_ikgp,0,1223,0.006908874958753586,0.006871584104374051,0.00717454100959003,5,3819,948,7844,7844,109.7
er_n38_p0.3_s1,er,38,209,0.3,1,random,bk_basic_bit,1,1223,0.0328665419947356,0.03266345802694559,0.03299225005321205,5,49836,,,,11.7
er_n38_p0.3_s1,er,38,209,0.3,1,random,bk_pivot_bit,1,1223,0.007666416000574827,0.007643291028216481,0.007791541982442141,5,7146,,,,11.2
er_n38_p0.3_s1,er,38,209,0.3,1,random,bk_tomita_bit,1,1223,0.005844791186973453,0.005819583078846335,0.0058871249202638865,5,2864,,,,11.8
er_n38_p0.5_s1,er,38,341,0.5,1,random,bk_basic,0,402,0.00279683293774724,0.0027018748223781586,0.0030246248934417963,5,3689,2601,0,0,74.5
er_n38_p0.5_s1,er,38,341,0.5,1,random,bk_pivot,0,402,0.0013822501059621572,0.0013121669180691242,0.0014918330125510693,5,1386,392,3339,0,74.7
er_n38_p0.5_s1,er,38,341,0.5,1,random,bk_tomita,0,402,0.001626540906727314,0.0015412080101668835,0.0017408749554306269,5,903,44,2039,2039,74.1
er_n38_p0.5_s1,er,38,341,0.5,1,random,bk_pivot_p,0,402,0.0014055001083761454,0.0013382500037550926,0.0015014999080449343,5,1551,562,2306,0,74.1
er_n38_p0.5_s1,er,38,341,0.5,1,random,bk_ikgp,0,402,0.0016621251124888659,0.0015812909696251154,0.0017574999947100878,5,1057,197,1852,1852,74.1
er_n38_p0.5_s1,er,38,341,0.5,1,random,bk_basic_bit,1,402,0.00259612500667572,0.002583875088021159,0.002620458137243986,5,3689,,,,9.7
er_n38_p0.5_s1,er,38,341,0.5,1,random,bk_pivot_bit,1,402,0.0016472081188112497,0.0016338329296559095,0.0016775410622358322,5,1544,,,,9.6
er_n38_p0.5_s1,er,38,341,0.5,1,random,bk_tomita_bit,1,402,0.0016459578182548285,0.0016425000503659248,0.0016675419174134731,5,902,,,,10.0
er_n38_p0.7_s1,er,38,484,0.7,1,random,bk_basic,0,151,0.0004194581415504217,0.00039037480019032955,0.000536999898031354,5,532,225,0,0,38.7
er_n38_p0.7_s1,er,38,484,0.7,1,random,bk_pivot,0,151,0.0003303750418126583,0.0003169160336256027,0.0003830839414149523,5,350,58,628,0,39.1
er_n38_p0.7_s1,er,38,484,0.7,1,random,bk_tomita,0,151,0.0004670410417020321,0.0004478751216083765,0.000533499987795949,5,305,21,577,577,39.7
er_n38_p0.7_s1,er,38,484,0.7,1,random,bk_pivot_p,0,151,0.0003380000125616789,0.00033012498170137405,0.0003779998514801264,5,381,89,474,0,39.1
er_n38_p0.7_s1,er,38,484,0.7,1,random,bk_ikgp,0,151,0.00045441603288054466,0.000441540963947773,0.0004898328334093094,5,338,56,459,459,39.7
er_n38_p0.7_s1,er,38,484,0.7,1,random,bk_basic_bit,1,151,0.0004939169157296419,0.0004908749833703041,0.0005237499717622995,5,532,,,,8.3
er_n38_p0.7_s1,er,38,484,0.7,1,random,bk_pivot_bit,1,151,0.0004801249597221613,0.00047262501902878284,0.0004924160894006491,5,390,,,,8.0
er_n38_p0.7_s1,er,38,484,0.7,1,random,bk_tomita_bit,1,151,0.0005514579825103283,0.000547915929928422,0.0005719158798456192,5,299,,,,8.7
er_n38_p0.3_s2,er,38,206,0.3,2,random,bk_basic,0,975,0.06547279097139835,0.06517499987967312,0.06869020801968873,5,81433,76960,0,0,111.0
er_n38_p0.3_s2,er,38,206,0.3,2,random,bk_pivot,0,975,0.007774333003908396,0.0077332500368356705,0.007964208023622632,5,6817,2740,27417,0,109.2
er_n38_p0.3_s2,er,38,206,0.3,2,random,bk_tomita,0,975,0.0051209579687565565,0.00503020896576345,0.005320125026628375,5,2451,67,6365,6365,112.3
er_n38_p0.3_s2,er,38,206,0.3,2,random,bk_pivot_p,0,975,0.012974375160411,0.01282516703940928,0.01353570818901062,5,13092,8948,25590,0,109.4
er_n38_p0.3_s2,er,38,206,0.3,2,random,bk_ikgp,0,975,0.005390417063608766,0.005364333046600223,0.005629375111311674,5,2793,379,6339,6339,112.3
er_n38_p0.3_s2,er,38,206,0.3,2,random,bk_basic_bit,1,975,0.04926200001500547,0.049193042097613215,0.049432249972596765,5,81433,,,,12.4
er_n38_p0.3_s2,er,38,206,0.3,2,random,bk_pivot_bit,1,975,0.0067392089404165745,0.006589125143364072,0.007225000066682696,5,5985,,,,11.7
er_n38_p0.3_s2,er,38,206,0.3,2,random,bk_tomita_bit,1,975,0.0050911251455545425,0.005026458064094186,0.00526412483304739,5,2435,,,,12.5
er_n38_p0.5_s2,er,38,356,0.5,2,random,bk_basic,0,363,0.0025527500547468662,0.0024512920062988997,0.0028088330291211605,5,3086,2121,0,0,67.8
er_n38_p0.5_s2,er,38,356,0.5,2,random,bk_pivot,0,363,0.0012839159462600946,0.0011967499740421772,0.001431874930858612,5,1174,261,2924,0,67.5
er_n38_p0.5_s2,er,38,356,0.5,2,random,bk_tomita,0,363,0.001373874954879284,0.001347375102341175,0.0015955830458551645,5,780,32,1700,1700,68.1
er_n38_p0.5_s2,er,38,356,0.5,2,random,bk_pivot_p,0,363,0.001750666880980134,0.0016403340268880129,0.0019011248368769884,5,1785,850,2525,0,67.5
er_n38_p0.5_s2,er,38,356,0.5,2,random,bk_ikgp,0,363,0.001526084030047059,0.0014337499160319567,0.002265915973111987,5,901,145,1573,1573,68.1
er_n38_p0.5_s2,er,38,356,0.5,2,random,bk_basic_bit,1,363,0.002303292043507099,0.002287500072270632,0.0028496659360826015,5,3086,,,,9.6
er_n38_p0.5_s2,er,38,356,0.5,2,random,bk_pivot_bit,1,363,0.0014035829808562994,0.0013884170912206173,0.0015065409243106842,5,1207,,,,9.4
er_n38_p0.5_s2,er,38,356,0.5,2,random,bk_tomita_bit,1,363,0.0015223338268697262,0.0014721250627189875,0.0015558339655399323,5,792,,,,10.0
er_n38_p0.7_s2,er,38,493,0.7,2,random,bk_basic,0,142,0.0003830001223832369,0.0003587501123547554,0.0005186249036341906,5,497,214,0,0,40.8
er_n38_p0.7_s2,er,38,493,0.7,2,random,bk_pivot,0,142,0.00034379097633063793,0.00031954189762473106,0.0003958330489695072,5,346,69,661,0,40.7
er_n38_p0.7_s2,er,38,493,0.7,2,random,bk_tomita,0,142,0.0004106659907847643,0.00038916710764169693,0.0005166670307517052,5,274,21,504,504,40.6
er_n38_p0.7_s2,er,38,493,0.7,2,random,bk_pivot_p,0,142,0.00036212499253451824,0.00034908298403024673,0.00040708412416279316,5,398,118,471,0,40.7
er_n38_p0.7_s2,er,38,493,0.7,2,random,bk_ikgp,0,142,0.0004224588628858328,0.0003841670695692301,0.000492708059027791,5,295,44,409,409,40.6
er_n38_p0.7_s2,er,38,493,0.7,2,random,bk_basic_bit,1,142,0.0004700419958680868,0.0004654999356716871,0.0005045419093221426,5,497,,,,7.5
er_n38_p0.7_s2,er,38,493,0.7,2,random,bk_pivot_bit,1,142,0.00044083292596042156,0.00043629202991724014,0.0004772909451276064,5,349,,,,7.6
er_n38_p0.7_s2,er,38,493,0.7,2,random,bk_tomita_bit,1,142,0.0005019160453230143,0.0004978331271559,0.0005232079420238733,5,271,,,,8.0
er_n38_p0.3_s3,er,38,205,0.3,3,random,bk_basic,0,1417,0.046874084044247866,0.04653916717506945,0.047063541831448674,5,58271,53229,0,0,110.5
er_n38_p0.3_s3,er,38,205,0.3,3,random,bk_pivot,0,1417,0.006476250011473894,0.006396833108738065,0.00669925007969141,5,6010,1615,19163,0,109.8
er_n38_p0.3_s3,er,38,205,0.3,3,random,bk_tomita,0,1417,0.006412083050236106,0.006363249849528074,0.006527082994580269,5,3203,70,7799,7799,111.8
er_n38_p0.3_s3,er,38,205,0.3,3,random,bk_pivot_p,0,1417,0.012707709101960063,0.012564542004838586,0.012710334034636617,5,12921,8361,23541,0,109.8
er_n38_p0.3_s3,er,38,205,0.3,3,random,bk_ikgp,0,1417,0.007218875223770738,0.007201374974101782,0.00734241702593863,5,4004,819,8198,8198,111.8
er_n38_p0.3_s3,er,38,205,0.3,3,random,bk_basic_bit,1,1417,0.03678862494416535,0.0366946249268949,0.03689354099333286,5,58271,,,,12.0
er_n38_p0.3_s3,er,38,205,0.3,3,random,bk_pivot_bit,1,1417,0.006496666930615902,0.0064814172219485044,0.006528958911076188,5,5441,,,,11.5
er_n38_p0.3_s3,er,38,205,0.3,3,random,bk_tomita_bit,1,1417,0.006590208038687706,0.0065890830010175705,0.006643624976277351,5,3218,,,,12.5
er_n38_p0.5_s3,er,38,356,0.5,3,random,bk_basic,0,371,0.002179458038881421,0.0021009170450270176,0.0024016250390559435,5,2842,1855,0,0,72.2
er_n38_p0.5_s3,er,38,356,0.5,3,random,bk_pivot,0,371,0.0012000419665127993,0.0011437078937888145,0.0013016669545322657,5,1192,296,2828,0,71.4
er_n38_p0.5_s3,er,38,356,0.5,3,random,bk_tomita,0,371,0.001490958034992218,0.0014202080201357603,0.0016170830931514502,5,831,51,1883,1883,70.9
er_n38_p0.5_s3,er,38,356,0.5,3,random,bk_pivot_p,0,371,0.0013409999664872885,0.0013002909254282713,0.0014382919762283564,5,1475,569,2074,0,71.9
er_n38_p0.5_s3,er,38,356,0.5,3,random,bk_ikgp,0,371,0.001526916865259409,0.001463291933760047,0.0016382080502808094,5,994,214,1673,1673,70.9
er_n38_p0.5_s3,er,38,356,0.5,3,random,bk_basic_bit,1,371,0.002161625074222684,0.002159791998565197,0.0021967089269310236,5,2842,,,,9.3
er_n38_p0.5_s3,er,38,356,0.5,3,random,bk_pivot_bit,1,371,0.0014319159090518951,0.0014249999076128006,0.0014454999472945929,5,1240,,,,9.0
er_n38_p0.5_s3,er,38,356,0.5,3,random,bk_tomita_bit,1,371,0.0016464998479932547,0.0016051670536398888,0.001709790900349617,5,837,,,,9.6
er_n38_p0.7_s3,er,38,492,0.7,3,random,bk_basic,0,123,0.00044154212810099125,0.00041795801371335983,0.000588499940931797,5,588,304,0,0,39.2
er_n38_p0.7_s3,er,38,492,0.7,3,random,bk_pivot,0,123,0.0003593331202864647,0.00034208293072879314,0.0004392080008983612,5,367,89,725,0,39.4
er_n38_p0.7_s3,er,38,492,0.7,3,random,bk_tomita,0,123,0.0004399160388857126,0.0004207498859614134,0.0005259169265627861,5,277,29,569,569,39.4
er_n38_p0.7_s3,er,38,492,0.7,3,random,bk_pivot_p,0,123,0.00035320804454386234,0.0003387089818716049,0.0003904169425368309,5,397,121,518,0,39.1
er_n38_p0.7_s3,er,38,492,0.7,3,random,bk_ikgp,0,123,0.00042741582728922367,0.00041929096914827824,0.00046079186722636223,5,317,68,467,467,39.4
er_n38_p0.7_s3,er,38,492,0.7,3,random,bk_basic_bit,1,123,0.0005200409796088934,0.0005164160393178463,0.0005559579003602266,5,588,,,,7.9
er_n38_p0.7_s3,er,38,492,0.7,3,random,bk_pivot_bit,1,123,0.00044654100202023983,0.000442249933257699,0.00046074995771050453,5,353,,,,7.6
er_n38_p0.7_s3,er,38,492,0.7,3,random,bk_tomita_bit,1,123,0.0005420420784503222,0.0005361658986657858,0.0005653330590575933,5,278,,,,8.3
ba_n38_m3_s1,ba,38,105,nan,1,random,bk_basic,0,3393,4.857068083016202,4.842976207844913,4.906790875131264,5,5983524,5968300,0,0,131.2
ba_n38_m3_s1,ba,38,105,nan,1,random,bk_pivot,0,3393,0.014545457903295755,0.014407709008082747,0.014679291052743793,5,13244,736,47016,0,128.0
ba_n38_m3_s1,ba,38,105,nan,1,random,bk_tomita,0,3393,0.016818332951515913,0.016744541935622692,0.016983082983642817,5,7982,3,20175,20175,134.2
ba_n38_m3_s1,ba,38,105,nan,1,random,bk_pivot_p,0,3393,0.01925770821981132,0.018886708188802004,0.019462374970316887,5,18264,5667,53296,0,128.0
ba_n38_m3_s1,ba,38,105,nan,1,random,bk_ikgp,0,3393,0.01849958300590515,0.01819279184564948,0.019620333099737763,5,9115,1039,21871,21871,134.2
ba_n38_m3_s1,ba,38,105,nan,1,random,bk_basic_bit,1,3393,3.7080089580267668,3.6102922081481665,3.7726741670630872,5,5983524,,,,17.0
ba_n38_m3_s1,ba,38,105,nan,1,random,bk_pivot_bit,1,3393,0.0284274579025805,0.028061416000127792,0.02880724985152483,5,24077,,,,15.4
ba_n38_m3_s1,ba,38,105,nan,1,random,bk_tomita_bit,1,3393,0.020399458007887006,0.020048666978254914,0.020564709091559052,5,8124,,,,17.2
ba_n38_m3_s2,ba,38,105,nan,2,random,bk_basic,0,2861,3.584504625061527,3.54526491696015,3.6152790419291705,5,4434064,4417377,0,0,127.4
ba_n38_m3_s2,ba,38,105,nan,2,random,bk_pivot,0,2861,0.019914083182811737,0.019533874932676554,0.01999604096636176,5,18171,3574,73286,0,127.1
ba_n38_m3_s2,ba,38,105,nan,2,random,bk_tomita,0,2861,0.015240250155329704,0.015194041188806295,0.015388333005830646,5,6915,7,18632,18632,132.9
ba_n38_m3_s2,ba,38,105,nan,2,random,bk_pivot_p,0,2861,0.04896066687069833,0.048053541919216514,0.05276166694238782,5,48983,33863,138391,0,127.1
ba_n38_m3_s2,ba,38,105,nan,2,random,bk_ikgp,0,2861,0.015966208884492517,0.01592887518927455,0.01609095884487033,5,7365,376,19211,19211,132.9
ba_n38_m3_s2,ba,38,105,nan,2,random,bk_basic_bit,1,2861,2.6462211669422686,2.63987712492235,2.6952254169154912,5,4434064,,,,16.2
ba_n38_m3_s2,ba,38,105,nan,2,random,bk_pivot_bit,1,2861,0.021315457997843623,0.02126383315771818,0.021567333955317736,5,18165,,,,14.8
ba_n38_m3_s2,ba,38,105,nan,2,random,bk_tomita_bit,1,2861,0.0162387911695987,0.016158708836883307,0.016320208087563515,5,6787,,,,16.5
ba_n38_m3_s3,ba,38,105,nan,3,random,bk_basic,0,2292,13.032571542076766,12.959219250129536,13.118501499993727,5,15854768,15838696,0,0,134.2
ba_n38_m3_s3,ba,38,105,nan,3,random,bk_pivot,0,2292,0.014598875073716044,0.014572999905794859,0.014785542152822018,5,14010,1932,56181,0,131.6
ba_n38_m3_s3,ba,38,105,nan,3,random,bk_tomita,0,2292,0.014393417164683342,0.014361416921019554,0.01458287495188415,5,6244,23,19255,19255,135.3
ba_n38_m3_s3,ba,38,105,nan,3,random,bk_pivot_p,0,2292,0.024013291113078594,0.023898416897282004,0.024109667167067528,5,24456,12312,74207,0,131.1
ba_n38_m3_s3,ba,38,105,nan,3,random,bk_ikgp,0,2292,0.01449024979956448,0.014452582923695445,0.014658500207588077,5,6250,29,19236,19236,135.3
ba_n38_m3_s3,ba,38,105,nan,3,random,bk_basic_bit,1,2292,9.195665957871825,9.184299708111212,9.336454292060807,5,15854768,,,,20.9
ba_n38_m3_s3,ba,38,105,nan,3,random,bk_pivot_bit,1,2292,0.027667291928082705,0.027166000101715326,0.030430125072598457,5,26200,,,,19.6
ba_n38_m3_s3,ba,38,105,nan,3,random,bk_tomita_bit,1,2292,0.01528945891186595,0.01526133413426578,0.015336374985054135,5,6036,,,,21.0
ws_n38_s1,ws,38,114,nan,1,random,bk_basic,0,13548,0.2574237089138478,0.2513017919845879,0.27562195900827646,5,296954,255199,0,0,111.9
ws_n38_s1,ws,38,114,nan,1,random,bk_pivot,0,13548,0.04097570898011327,0.04067929205484688,0.04111295798793435,5,41858,7793,103356,0,109.7
ws_n38_s1,ws,38,114,nan,1,random,bk_tomita,0,13548,0.038765749894082546,0.03531237505376339,0.04452654090709984,5,22658,75,40318,40318,111.8
ws_n38_s1,ws,38,114,nan,1,random,bk_pivot_p,0,13548,0.06759754195809364,0.0670889588072896,0.07385699986480176,5,72309,34788,125085,0,109.6
ws_n38_s1,ws,38,114,nan,1,random,bk_ikgp,0,13548,0.0441764579154551,0.0429929590318352,0.04901612503454089,5,27699,4675,47469,47469,111.8
ws_n38_s1,ws,38,114,nan,1,random,bk_basic_bit,1,13548,0.21019374998286366,0.20228366693481803,0.21864920784719288,5,296954,,,,11.5
ws_n38_s1,ws,38,114,nan,1,random,bk_pivot_bit,1,13548,0.038508249912410975,0.03816512483172119,0.03968508401885629,5,22566,,,,10.8
ws_n38_s1,ws,38,114,nan,1,random,bk_tomita_bit,1,13548,0.04924437520094216,0.04746345803141594,0.053978499956429005,5,22212,,,,11.7
ws_n38_s2,ws,38,114,nan,2,random,bk_basic,0,15197,0.2693301250692457,0.25767166703008115,0.2766731670126319,5,295693,243695,0,0,112.8
ws_n38_s2,ws,38,114,nan,2,random,bk_pivot,0,15197,0.04795050015673041,0.04781795898452401,0.04817312490195036,5,49256,11143,119273,0,110.2
ws_n38_s2,ws,38,114,nan,2,random,bk_tomita,0,15197,0.039702750043943524,0.03949424996972084,0.0412388329859823,5,24249,19,42233,42233,112.3
ws_n38_s2,ws,38,114,nan,2,random,bk_pivot_p,0,15197,0.06314829108305275,0.06295666703954339,0.06419062498025596,5,69033,28475,108821,0,110.1
ws_n38_s2,ws,38,114,nan,2,random,bk_ikgp,0,15197,0.047356541035696864,0.045132291968911886,0.0524249158333987,5,29250,4893,49021,49021,112.3
ws_n38_s2,ws,38,114,nan,2,random,bk_basic_bit,1,15197,0.21087045781314373,0.2055513330269605,0.22228708397597075,5,295693,,,,11.5
ws_n38_s2,ws,38,114,nan,2,random,bk_pivot_bit,1,15197,0.045002958038821816,0.043442959198728204,0.04747758316807449,5,25468,,,,10.7
ws_n38_s2,ws,38,114,nan,2,random,bk_tomita_bit,1,15197,0.054649666883051395,0.05229916609823704,0.057634541066363454,5,24022,,,,11.8
ws_n38_s3,ws,38,114,nan,3,random,bk_basic,0,9967,0.267479290952906,0.2553479589987546,0.2809960839804262,5,306486,274024,0,0,112.1
ws_n38_s3,ws,38,114,nan,3,random,bk_pivot,0,9967,0.038584208115935326,0.03343175002373755,0.039428459014743567,5,34768,8587,85312,0,111.3
ws_n38_s3,ws,38,114,nan,3,random,bk_tomita,0,9967,0.029835833003744483,0.029407833004370332,0.03242716705426574,5,17438,374,34397,34397,113.9
ws_n38_s3,ws,38,114,nan,3,random,bk_pivot_p,0,9967,0.05507470900192857,0.054991374956443906,0.06036529201082885,5,61040,32983,99404,0,111.3
ws_n38_s3,ws,38,114,nan,3,random,bk_ikgp,0,9967,0.03817416704259813,0.03728758404031396,0.04186579096131027,5,24131,6927,42812,42812,113.9
ws_n38_s3,ws,38,114,nan,3,random,bk_basic_bit,1,9967,0.2102364997845143,0.2065269579179585,0.22296579205431044,5,306486,,,,12.0
ws_n38_s3,ws,38,114,nan,3,random,bk_pivot_bit,1,9967,0.03175437496975064,0.03158687497489154,0.033824291080236435,5,20377,,,,11.2
ws_n38_s3,ws,38,114,nan,3,random,bk_tomita_bit,1,9967,0.04093087511137128,0.038332292111590505,0.042634000070393085,5,18301,,,,12.4
er_n40_p0.3_s1,er,40,228,0.3,1,random,bk_basic,0,1596,0.06435833289287984,0.06368979206308722,0.07072549988515675,5,80483,74087,0,0,114.9
er_n40_p0.3_s1,er,40,228,0.3,1,random,bk_pivot,0,1596,0.013868582900613546,0.010578125016763806,0.016895415959879756,5,8284,2420,30660,0,114.2
er_n40_p0.3_s1,er,40,228,0.3,1,random,bk_tomita,0,1596,0.007665582932531834,0.007638415787369013,0.0078062498942017555,5,3727,97,9387,9387,117.3
er_n40_p0.3_s1,er,40,228,0.3,1,random,bk_pivot_p,0,1596,0.016328749945387244,0.01607941696420312,0.016425458015874028,5,15232,9207,29918,0,114.2
er_n40_p0.3_s1,er,40,228,0.3,1,random,bk_ikgp,0,1596,0.01011725002899766,0.009898832999169827,0.010276541113853455,5,4836,1102,10149,10149,117.3
er_n40_p0.3_s1,er,40,228,0.3,1,random,bk_basic_bit,1,1596,0.05239020800217986,0.05120012490078807,0.05651145800948143,5,80483,,,,12.2
er_n40_p0.3_s1,er,40,228,0.3,1,random,bk_pivot_bit,1,1596,0.010281624970957637,0.010102000087499619,0.010794791160151362,5,8707,,,,11.5
er_n40_p0.3_s1,er,40,228,0.3,1,random,bk_tomita_bit,1,1596,0.009052000008523464,0.008573709055781364,0.009125584037974477,5,3743,,,,12.5
er_n40_p0.5_s1,er,40,378,0.5,1,random,bk_basic,0,442,0.0037254157941788435,0.003648333949968219,0.003975209081545472,5,4956,3600,0,0,89.9
er_n40_p0.5_s1,er,40,378,0.5,1,random,bk_pivot,0,442,0.0019470411352813244,0.0018479169812053442,0.002178208203986287,5,1790,518,5065,0,90.0
er_n40_p0.5_s1,er,40,378,0.5,1,random,bk_tomita,0,442,0.0021221251226961613,0.0019550409633666277,0.002268332988023758,5,1039,56,2497,2497,89.7
er_n40_p0.5_s1,er,40,378,0.5,1,random,bk_pivot_p,0,442,0.002309165894985199,0.002228375058621168,0.0023996250238269567,5,2374,1088,3550,0,90.1
er_n40_p0.5_s1,er,40,378,0.5,1,random,bk_ikgp,0,442,0.00222266698256135,0.002139125019311905,0.002360000042244792,5,1354,353,2432,2432,89.7
er_n40_p0.5_s1,er,40,378,0.5,1,random,bk_basic_bit,1,442,0.003909124992787838,0.0038808330427855253,0.004171458072960377,5,4956,,,,9.9
er_n40_p0.5_s1,er,40,378,0.5,1,random,bk_pivot_bit,1,442,0.0022821249440312386,0.0021511660888791084,0.002295208163559437,5,1932,,,,9.7
er_n40_p0.5_s1,er,40,378,0.5,1,random,bk_tomita_bit,1,442,0.002131666988134384,0.0021180829498916864,0.0021351249888539314,5,1022,,,,10.2
er_n40_p0.7_s1,er,40,534,0.7,1,random,bk_basic,0,165,0.0006146249361336231,0.0005507920868694782,0.000695166876539588,5,724,352,0,0,44.5
er_n40_p0.7_s1,er,40,534,0.7,1,random,bk_pivot,0,165,0.0004753340035676956,0.0004545419942587614,0.0005383340176194906,5,484,123,1026,0,43.8
er_n40_p0.7_s1,er,40,534,0.7,1,random,bk_tomita,0,165,0.0005690408870577812,0.0005440409295260906,0.0006751250475645065,5,355,30,712,712,43.8
er_n40_p0.7_s1,er,40,534,0.7,1,random,bk_pivot_p,0,165,0.0004779158625751734,0.0004627089947462082,0.0005417079664766788,5,526,167,652,0,44.4
er_n40_p0.7_s1,er,40,534,0.7,1,random,bk_ikgp,0,165,0.0005428330041468143,0.0005237499717622995,0.0005828330758959055,5,389,67,570,570,43.8
er_n40_p0.7_s1,er,40,534,0.7,1,random,bk_basic_bit,1,165,0.0006456670816987753,0.0006397499237209558,0.0006606250535696745,5,724,,,,8.6
er_n40_p0.7_s1,er,40,534,0.7,1,random,bk_pivot_bit,1,165,0.0005762910004705191,0.0005742919165641069,0.0005900408141314983,5,472,,,,8.5
er_n40_p0.7_s1,er,40,534,0.7,1,random,bk_tomita_bit,1,165,0.0006520838942378759,0.0006493751425296068,0.0006691250018775463,5,348,,,,8.8
er_n40_p0.3_s2,er,40,226,0.3,2,random,bk_basic,0,1685,0.06564233312383294,0.06546337506733835,0.06635120790451765,5,80850,73780,0,0,115.1
er_n40_p0.3_s2,er,40,226,0.3,2,random,bk_pivot,0,1685,0.011461874935775995,0.011241417145356536,0.012263375101611018,5,9983,3931,36977,0,113.7
er_n40_p0.3_s2,er,40,226,0.3,2,random,bk_tomita,0,1685,0.008998874807730317,0.008663791930302978,0.013231916120275855,5,3920,81,9935,9935,116.2
er_n40_p0.3_s2,er,40,226,0.3,2,random,bk_pivot_p,0,1685,0.015222041169181466,0.014946999959647655,0.015278666047379375,5,15231,9060,28170,0,113.2
er_n40_p0.3_s2,er,40,226,0.3,2,random,bk_ikgp,0,1685,0.009328125044703484,0.00931212492287159,0.009410792030394077,5,5103,1190,10601,10601,116.2
er_n40_p0.3_s2,er,40,226,0.3,2,random,bk_basic_bit,1,1685,0.05232904199510813,0.051629832945764065,0.05636966694146395,5,80850,,,,12.5
er_n40_p0.3_s2,er,40,226,0.3,2,random,bk_pivot_bit,1,1685,0.010759625118225813,0.010646000038832426,0.010868833167478442,5,9167,,,,11.7
er_n40_p0.3_s2,er,40,226,0.3,2,random,bk_tomita_bit,1,1685,0.00878375000320375,0.008745416067540646,0.008885167073458433,5,4021,,,,12.5
er_n40_p0.5_s2,er,40,389,0.5,2,random,bk_basic,0,431,0.002817833097651601,0.002788666868582368,0.002998958108946681,5,3633,2461,0,0,82.9
er_n40_p0.5_s2,er,40,389,0.5,2,random,bk_pivot,0,431,0.001597624970600009,0.0015238749329000711,0.0017245421186089516,5,1582,480,4166,0,82.6
er_n40_p0.5_s2,er,40,389,0.5,2,random,bk_tomita,0,431,0.001826083054766059,0.0017380830831825733,0.001941499998793006,5,988,64,2333,2333,82.6
er_n40_p0.5_s2,er,40,389,0.5,2,random,bk_pivot_p,0,431,0.0018210001289844513,0.0017382500227540731,0.0019362918101251125,5,1961,835,2756,0,82.6
er_n40_p0.5_s2,er,40,389,0.5,2,random,bk_ikgp,0,431,0.001852415967732668,0.001770916860550642,0.0019639579113572836,5,1179,256,2013,2013,82.6
er_n40_p0.5_s2,er,40,389,0.5,2,random,bk_basic_bit,1,431,0.0027633330319076777,0.002754958113655448,0.002770791994407773,5,3633,,,,9.9
er_n40_p0.5_s2,er,40,389,0.5,2,random,bk_pivot_bit,1,431,0.0017769159749150276,0.001772790914401412,0.0017909170128405094,5,1585,,,,9.7
er_n40_p0.5_s2,er,40,389,0.5,2,random,bk_tomita_bit,1,431,0.0018633748404681683,0.001831958070397377,0.0019972501322627068,5,973,,,,10.0
er_n40_p0.7_s2,er,40,546,0.7,2,random,bk_basic,0,159,0.000513915903866291,0.00047112489119172096,0.0006736251525580883,5,612,278,0,0,41.2
er_n40_p0.7_s2,er,40,546,0.7,2,random,bk_pivot,0,159,0.0004211671184748411,0.00040608388371765614,0.00047462480142712593,5,448,120,878,0,40.5
er_n40_p0.7_s2,er,40,546,0.7,2,random,bk_tomita,0,159,0.0005578750278800726,0.0005297081079334021,0.0006489160005003214,5,319,25,624,624,40.8
er_n40_p0.7_s2,er,40,546,0.7,2,random,bk_pivot_p,0,159,0.0004387910012155771,0.0004210839979350567,0.0004713749513030052,5,458,135,565,0,40.5
er_n40_p0.7_s2,er,40,546,0.7,2,random,bk_ikgp,0,159,0.0004878330510109663,0.00047562504187226295,0.0005627907812595367,5,368,74,516,516,40.8
er_n40_p0.7_s2,er,40,546,0.7,2,random,bk_basic_bit,1,159,0.0005828330758959055,0.0005501250270754099,0.0006729168817400932,5,612,,,,8.5
er_n40_p0.7_s2,er,40,546,0.7,2,random,bk_pivot_bit,1,159,0.0005160409491509199,0.0005063749849796295,0.0005277909804135561,5,425,,,,8.3
er_n40_p0.7_s2,er,40,546,0.7,2,random,bk_tomita_bit,1,159,0.0006182501092553139,0.0006057920400053263,0.0006415420211851597,5,316,,,,8.2
er_n40_p0.3_s3,er,40,230,0.3,3,random,bk_basic,0,1661,0.07310625002719462,0.07003850000910461,0.0756047919858247,5,83823,76992,0,0,115.5
er_n40_p0.3_s3,er,40,230,0.3,3,random,bk_pivot,0,1661,0.008150833891704679,0.008093958953395486,0.00832170806825161,5,7705,2024,22951,0,114.3
er_n40_p0.3_s3,er,40,230,0.3,3,random,bk_tomita,0,1661,0.007922708056867123,0.00784408301115036,0.008051167009398341,5,3835,102,9491,9491,117.3
er_n40_p0.3_s3,er,40,230,0.3,3,random,bk_pivot_p,0,1661,0.010937375016510487,0.01039029099047184,0.011191291967406869,5,10525,4679,19585,0,114.2
er_n40_p0.3_s3,er,40,230,0.3,3,random,bk_ikgp,0,1661,0.009486374910920858,0.009318583877757192,0.010252792155370116,5,4907,1053,10329,10329,117.3
er_n40_p0.3_s3,er,40,230,0.3,3,random,bk_basic_bit,1,1661,0.0553618751000613,0.05232591717503965,0.05690487497486174,5,83823,,,,12.9
er_n40_p0.3_s3,er,40,230,0.3,3,random,bk_pivot_bit,1,1661,0.010619416134431958,0.010283458977937698,0.011620207922533154,5,8904,,,,12.1
er_n40_p0.3_s3,er,40,230,0.3,3,random,bk_tomita_bit,1,1661,0.009387708036229014,0.009303541854023933,0.009513084078207612,5,3997,,,,13.1
er_n40_p0.5_s3,er,40,394,0.5,3,random,bk_basic,0,434,0.002704041777178645,0.002658999990671873,0.0031054161954671144,5,3479,2346,0,0,83.4
er_n40_p0.5_s3,er,40,394,0.5,3,random,bk_pivot,0,434,0.0016121661756187677,0.0015692079905420542,0.001698249951004982,5,1384,314,3391,0,82.5
er_n40_p0.5_s3,er,40,394,0.5,3,random,bk_tomita,0,434,0.0018001249991357327,0.0016864580102264881,0.0018541249446570873,5,917,49,2051,2051,83.6
er_n40_p0.5_s3,er,40,394,0.5,3,random,bk_pivot_p,0,434,0.001369750127196312,0.0013167501892894506,0.0014670421369373798,5,1553,468,2384,0,83.1
er_n40_p0.5_s3,er,40,394,0.5,3,random,bk_ikgp,0,434,0.0016602498944848776,0.001581332879140973,0.0017652499955147505,5,1062,200,1801,1801,83.6
er_n40_p0.5_s3,er,40,394,0.5,3,random,bk_basic_bit,1,434,0.0026236248668283224,0.002619124948978424,0.0026409579440951347,5,3479,,,,9.7
er_n40_p0.5_s3,er,40,394,0.5,3,random,bk_pivot_bit,1,434,0.0019707500468939543,0.0017620420549064875,0.0037037909496575594,5,1426,,,,9.4
er_n40_p0.5_s3,er,40,394,0.5,3,random,bk_tomita_bit,1,434,0.0018797910306602716,0.001828750129789114,0.004199750022962689,5,919,,,,9.9
er_n40_p0.7_s3,er,40,547,0.7,3,random,bk_basic,0,148,0.000473707914352417,0.0004333329852670431,0.001748792128637433,5,597,279,0,0,41.2
er_n40_p0.7_s3,er,40,547,0.7,3,random,bk_pivot,0,148,0.0004974999465048313,0.0004535829648375511,0.000528458971530199,5,406,98,783,0,41.8
er_n40_p0.7_s3,er,40,547,0.7,3,random,bk_tomita,0,148,0.000491374870762229,0.0004600000102072954,0.0006452919915318489,5,298,25,597,597,41.1
er_n40_p0.7_s3,er,40,547,0.7,3,random,bk_pivot_p,0,148,0.00039758416824042797,0.0003724158741533756,0.00045220786705613136,5,423,113,536,0,41.8
er_n40_p0.7_s3,er,40,547,0.7,3,random,bk_ikgp,0,148,0.00048091704957187176,0.00046924990601837635,0.0005372499581426382,5,331,58,481,481,41.1
er_n40_p0.7_s3,er,40,547,0.7,3,random,bk_basic_bit,1,148,0.0006049589719623327,0.0005618338473141193,0.0007873750291764736,5,597,,,,8.3
er_n40_p0.7_s3,er,40,547,0.7,3,random,bk_pivot_bit,1,148,0.0004970838781446218,0.0004941660445183516,0.0005331251304596663,5,397,,,,8.3
er_n40_p0.7_s3,er,40,547,0.7,3,random,bk_tomita_bit,1,148,0.0005999589338898659,0.0005854167975485325,0.0006057501304894686,5,305,,,,8.9
ba_n40_m3_s1,ba,40,111,nan,1,random,bk_basic,0,4241,15.294032958103344,15.216081750113517,15.325403249822557,5,17716128,17686513,0,0,139.7
ba_n40_m3_s1,ba,40,111,nan,1,random,bk_pivot,0,4241,0.033606332959607244,0.02871662494726479,0.03445112518966198,5,26851,4211,105225,0,137.1
ba_n40_m3_s1,ba,40,111,nan,1,random,bk_tomita,0,4241,0.025445332983508706,0.023710791021585464,0.027618207968771458,5,10531,42,29496,29496,142.7
ba_n40_m3_s1,ba,40,111,nan,1,random,bk_pivot_p,0,4241,0.05511824996210635,0.05491016688756645,0.055132542038336396,5,55335,32155,160850,0,138.6
ba_n40_m3_s1,ba,40,111,nan,1,random,bk_ikgp,0,4241,0.026594750117510557,0.02426816592924297,0.027366207912564278,5,10856,333,29596,29596,142.7
ba_n40_m3_s1,ba,40,111,nan,1,random,bk_basic_bit,1,4241,10.886357415933162,10.692851208848879,11.084433832904324,5,17716128,,,,21.4
ba_n40_m3_s1,ba,40,111,nan,1,random,bk_pivot_bit,1,4241,0.04202404199168086,0.04085941589437425,0.04448841605335474,5,34562,,,,19.6
ba_n40_m3_s1,ba,40,111,nan,1,random,bk_tomita_bit,1,4241,0.027565459022298455,0.026936333859339356,0.029655500082299113,5,10658,,,,21.2
ba_n40_m3_s2,ba,40,111,nan,2,random,bk_basic,0,3654,9.223265333799645,9.148175375070423,9.26451487513259,5,10939604,10914690,0,0,136.5
ba_n40_m3_s2,ba,40,111,nan,2,random,bk_pivot,0,3654,0.03222945798188448,0.029778750147670507,0.034487250028178096,5,26365,6424,118675,0,136.6
ba_n40_m3_s2,ba,40,111,nan,2,random,bk_tomita,0,3654,0.020376082975417376,0.02030108286999166,0.021851457888260484,5,8984,9,24587,24587,140.7
ba_n40_m3_s2,ba,40,111,nan,2,random,bk_pivot_p,0,3654,0.06510100001469254,0.06505429209209979,0.06553654093295336,5,64926,44693,191168,0,136.6
ba_n40_m3_s2,ba,40,111,nan,2,random,bk_ikgp,0,3654,0.021642667008563876,0.021073499927297235,0.02199904201552272,5,9453,420,25138,25138,140.7
ba_n40_m3_s2,ba,40,111,nan,2,random,bk_basic_bit,1,3654,6.731323749991134,6.690149459056556,6.756003665970638,5,10939604,,,,17.2
ba_n40_m3_s2,ba,40,111,nan,2,random,bk_pivot_bit,1,3654,0.03536825021728873,0.03427237505093217,0.036029916955158114,5,29266,,,,15.6
ba_n40_m3_s2,ba,40,111,nan,2,random,bk_tomita_bit,1,3654,0.022291666129603982,0.022173124831169844,0.025302333058789372,5,9067,,,,17.1
ba_n40_m3_s3,ba,40,111,nan,3,random,bk_basic,0,3229,37.25450904201716,37.25450904201716,37.25450904201716,1,43598464,43569903,0,0,144.8
ba_n40_m3_s3,ba,40,111,nan,3,random,bk_pivot,0,3229,0.04054925008676946,0.038660458056256175,0.04352108296006918,5,30083,6294,179122,0,139.6
ba_n40_m3_s3,ba,40,111,nan,3,random,bk_tomita,0,3229,0.019368458073586226,0.018970750039443374,0.019990459084510803,5,8111,30,22836,22836,145.2
ba_n40_m3_s3,ba,40,111,nan,3,random,bk_pivot_p,0,3229,0.08298474992625415,0.08281899988651276,0.0890001249499619,5,81835,57082,317214,0,139.6
ba_n40_m3_s3,ba,40,111,nan,3,random,bk_ikgp,0,3229,0.018223584163933992,0.018202000064775348,0.018370750127360225,5,8384,303,23393,23393,145.2
ba_n40_m3_s3,ba,40,111,nan,3,random,bk_basic_bit,1,3229,26.29610808310099,26.241193750174716,26.317829416831955,5,43598464,,,,21.8
ba_n40_m3_s3,ba,40,111,nan,3,random,bk_pivot_bit,1,3229,0.05045329104177654,0.050032249884679914,0.055502209113910794,5,51876,,,,20.4
ba_n40_m3_s3,ba,40,111,nan,3,random,bk_tomita_bit,1,3229,0.022843125043436885,0.022831958020105958,0.02290616719983518,5,8922,,,,21.9
ws_n40_s1,ws,40,120,nan,1,random,bk_pivot,0,20508,0.06843400001525879,0.06246299995109439,0.07428854214958847,5,63356,9986,155576,0,116.2
ws_n40_s1,ws,40,120,nan,1,random,bk_tomita,0,20508,0.056595416041091084,0.05653437483124435,0.056669208221137524,5,34995,464,64052,64052,119.8
ws_n40_s1,ws,40,120,nan,1,random,bk_pivot_p,0,20508,0.09609362483024597,0.092858208110556,0.10130195808596909,5,102627,45318,170180,0,116.2
ws_n40_s1,ws,40,120,nan,1,random,bk_ikgp,0,20508,0.069476000033319,0.06773937493562698,0.07295208401046693,5,43556,8835,74606,74606,119.8
ws_n40_s1,ws,40,120,nan,1,random,bk_basic_bit,1,20508,0.40457470808178186,0.3923930840101093,0.42478854209184647,5,594416,,,,12.3
ws_n40_s1,ws,40,120,nan,1,random,bk_pivot_bit,1,20508,0.0691444999538362,0.06485237483866513,0.07521033403463662,5,37737,,,,11.5
ws_n40_s1,ws,40,120,nan,1,random,bk_tomita_bit,1,20508,0.08163012494333088,0.0765642081387341,0.09136783285066485,5,34624,,,,12.5
ws_n40_s2,ws,40,120,nan,2,random,bk_pivot,0,24845,0.07582145812921226,0.07425795798189938,0.08912308304570615,5,77714,20492,186430,0,116.2
ws_n40_s2,ws,40,120,nan,2,random,bk_tomita,0,24845,0.061905625043436885,0.06175424996763468,0.06208812491968274,5,39718,23,70167,70167,119.7
ws_n40_s2,ws,40,120,nan,2,random,bk_pivot_p,0,24845,0.10783175006508827,0.10746550001204014,0.12161029106937349,5,121532,61411,194023,0,117.2
ws_n40_s2,ws,40,120,nan,2,random,bk_ikgp,0,24845,0.06635725009255111,0.0661137499846518,0.06673758407123387,5,43405,3514,72670,72670,119.7
ws_n40_s2,ws,40,120,nan,2,random,bk_basic_bit,1,24845,0.3925368750933558,0.3722887500189245,0.40810437500476837,5,556448,,,,12.2
ws_n40_s2,ws,40,120,nan,2,random,bk_pivot_bit,1,24845,0.07983358297497034,0.07006595795974135,0.08386445813812315,5,40350,,,,11.1
ws_n40_s2,ws,40,120,nan,2,random,bk_tomita_bit,1,24845,0.09366870811209083,0.08598783379420638,0.10195783409290016,5,39386,,,,12.5
ws_n40_s3,ws,40,120,nan,3,random,bk_pivot,0,20293,0.08619262487627566,0.07614424987696111,0.09097137511707842,5,78938,26144,195479,0,116.7
ws_n40_s3,ws,40,120,nan,3,random,bk_tomita,0,20293,0.05481100012548268,0.05458574998192489,0.05992362485267222,5,33583,266,60657,60657,119.8
ws_n40_s3,ws,40,120,nan,3,random,bk_pivot_p,0,20293,0.1091966659296304,0.10901137511245906,0.11923270812258124,5,121283,64325,192501,0,116.7
ws_n40_s3,ws,40,120,nan,3,random,bk_ikgp,0,20293,0.06536383414641023,0.06505716708488762,0.06573729193769395,5,41706,8160,71439,71439,119.8
ws_n40_s3,ws,40,120,nan,3,random,bk_basic_bit,1,20293,0.38697604089975357,0.37756279087625444,0.4037200422026217,5,561887,,,,12.2
ws_n40_s3,ws,40,120,nan,3,random,bk_pivot_bit,1,20293,0.06927666696719825,0.06291483296081424,0.07417320809327066,5,38563,,,,11.3
ws_n40_s3,ws,40,120,nan,3,random,bk_tomita_bit,1,20293,0.08285383298061788,0.07576779089868069,0.0873626668471843,5,34837,,,,12.5
