instance,family,n,m,p,seed,labelling,algorithm,bitset,mis_count,median_seconds,min_seconds,max_seconds,repeats,recursion_nodes,unproductive_calls,pivot_candidates,pivot_intersections,peak_kib
er_n24_p0.3_s1_random,er,24,88,0.3,1,random,bk_basic,0,150,0.0021667080000042915,0.002104915911331773,0.0022963329683989286,3,3101,2579,0,0,34.3
er_n24_p0.3_s1_random,er,24,88,0.3,1,random,bk_pivot,0,150,0.0005285420920699835,0.0005094159860163927,0.0005729168187826872,3,550,87,1414,0,34.4
er_n24_p0.3_s1_random,er,24,88,0.3,1,random,bk_tomita,0,150,0.0005904589779675007,0.0005607919301837683,0.0006538748275488615,3,340,7,792,792,35.9
er_n24_p0.3_s1_random,er,24,88,0.3,1,random,bk_pivot_p,0,150,0.000565290916711092,0.0005546249449253082,0.0006017079576849937,3,662,195,1234,0,34.4
er_n24_p0.3_s1_random,er,24,88,0.3,1,random,bk_ikgp,0,150,0.0006000001449137926,0.0005650001112371683,0.0006177090108394623,3,376,43,779,779,35.9
er_n24_p0.3_s1_random,er,24,88,0.3,1,random,bk_basic_bit,1,150,0.0015525829512625933,0.0015386671293526888,0.0015749160666018724,3,3101,,,,7.4
er_n24_p0.3_s1_random,er,24,88,0.3,1,random,bk_pivot_bit,1,150,0.0004532500170171261,0.0004526670090854168,0.00046487501822412014,3,509,,,,7.2
er_n24_p0.3_s1_random,er,24,88,0.3,1,random,bk_tomita_bit,1,150,0.0005062080454081297,0.0005050839390605688,0.0005193341057747602,3,341,,,,7.8
er_n24_p0.3_s1_native,er,24,88,0.3,1,native,bk_basic,0,150,0.002212541177868843,0.002146083163097501,0.002319999970495701,3,3101,2621,0,0,34.7
er_n24_p0.3_s1_native,er,24,88,0.3,1,native,bk_pivot,0,150,0.0005102499853819609,0.0004907501861453056,0.0005587497726082802,3,509,94,1488,0,34.5
er_n24_p0.3_s1_native,er,24,88,0.3,1,native,bk_tomita,0,150,0.000588082941249013,0.000562791945412755,0.0006404588930308819,3,341,3,804,804,35.9
er_n24_p0.3_s1_native,er,24,88,0.3,1,native,bk_pivot_p,0,150,0.0005406250711530447,0.0005257080774754286,0.0006332909688353539,3,623,206,1133,0,34.5
er_n24_p0.3_s1_native,er,24,88,0.3,1,native,bk_ikgp,0,150,0.000610375078395009,0.0006001661531627178,0.000638958066701889,3,404,60,818,818,35.9
er_n24_p0.3_s1_native,er,24,88,0.3,1,native,bk_basic_bit,1,150,0.0015254169702529907,0.001524417195469141,0.0015382908750325441,3,3101,,,,7.4
er_n24_p0.3_s1_native,er,24,88,0.3,1,native,bk_pivot_bit,1,150,0.0004530840087682009,0.00045120809227228165,0.0004615827929228544,3,509,,,,7.2
er_n24_p0.3_s1_native,er,24,88,0.3,1,native,bk_tomita_bit,1,150,0.0005082499701529741,0.0005056660156697035,0.0005159170832484961,3,341,,,,7.8
er_n24_p0.3_s1_degeneracy,er,24,88,0.3,1,degeneracy,bk_basic,0,150,0.0021570001263171434,0.002107792068272829,0.0022833331022411585,3,3101,2635,0,0,36.2
er_n24_p0.3_s1_degeneracy,er,24,88,0.3,1,degeneracy,bk_pivot,0,150,0.0004458748735487461,0.0004295830149203539,0.0004854579456150532,3,481,84,1065,0,35.4
er_n24_p0.3_s1_degeneracy,er,24,88,0.3,1,degeneracy,bk_tomita,0,150,0.000579542014747858,0.0005550419446080923,0.0006302502006292343,3,347,5,798,798,35.9
er_n24_p0.3_s1_degeneracy,er,24,88,0.3,1,degeneracy,bk_pivot_p,0,150,0.00044291606172919273,0.00043233297765254974,0.0004533750470727682,3,509,114,955,0,35.4
er_n24_p0.3_s1_degeneracy,er,24,88,0.3,1,degeneracy,bk_ikgp,0,150,0.0005887909792363644,0.0005756670143455267,0.0006009580101817846,3,392,45,796,796,35.9
er_n24_p0.3_s1_degeneracy,er,24,88,0.3,1,degeneracy,bk_basic_bit,1,150,0.0015321250539273024,0.0015089171938598156,0.001560332952067256,3,3101,,,,7.4
er_n24_p0.3_s1_degeneracy,er,24,88,0.3,1,degeneracy,bk_pivot_bit,1,150,0.00045604188926517963,0.0004551250021904707,0.00046350015327334404,3,509,,,,7.2
er_n24_p0.3_s1_degeneracy,er,24,88,0.3,1,degeneracy,bk_tomita_bit,1,150,0.0005066250450909138,0.000505249947309494,0.0005147501360625029,3,341,,,,7.8
er_n24_p0.5_s1_random,er,24,139,0.5,1,random,bk_basic,0,86,0.00043762498535215855,0.0004199577961117029,0.00048716715537011623,3,619,380,0,0,30.5
er_n24_p0.5_s1_random,er,24,139,0.5,1,random,bk_pivot,0,86,0.0002567919436842203,0.00023716711439192295,0.00031633302569389343,3,272,49,600,0,29.8
er_n24_p0.5_s1_random,er,24,139,0.5,1,random,bk_tomita,0,86,0.00030120788142085075,0.0002967498730868101,0.0003421669825911522,3,188,4,410,410,30.6
er_n24_p0.5_s1_random,er,24,139,0.5,1,random,bk_pivot_p,0,86,0.00025329110212624073,0.00024800002574920654,0.0002683340571820736,3,305,80,457,0,29.8
er_n24_p0.5_s1_random,er,24,139,0.5,1,random,bk_ikgp,0,86,0.00028966600075364113,0.000285083195194602,0.00029925000853836536,3,211,27,371,371,30.6
er_n24_p0.5_s1_random,er,24,139,0.5,1,random,bk_basic_bit,1,86,0.00035916687920689583,0.00035779201425611973,0.0003701669629663229,3,619,,,,6.0
er_n24_p0.5_s1_random,er,24,139,0.5,1,random,bk_pivot_bit,1,86,0.00023587490431964397,0.0002354169264435768,0.00024158391170203686,3,263,,,,6.3
er_n24_p0.5_s1_random,er,24,139,0.5,1,random,bk_tomita_bit,1,86,0.000274500111117959,0.0002739168703556061,0.0002807921264320612,3,194,,,,6.9
er_n24_p0.5_s1_native,er,24,139,0.5,1,native,bk_basic,0,86,0.0005024580750614405,0.00044258381240069866,0.0005149161443114281,3,619,394,0,0,30.3
er_n24_p0.5_s1_native,er,24,139,0.5,1,native,bk_pivot,0,86,0.0002507499884814024,0.00023699994198977947,0.0002805411349982023,3,263,50,637,0,30.4
er_n24_p0.5_s1_native,er,24,139,0.5,1,native,bk_tomita,0,86,0.00030929106287658215,0.00029554194770753384,0.0003427499905228615,3,194,6,418,418,30.4
er_n24_p0.5_s1_native,er,24,139,0.5,1,native,bk_pivot_p,0,86,0.0002525411546230316,0.0002470000181347132,0.0002679161261767149,3,298,80,463,0,30.4
er_n24_p0.5_s1_native,er,24,139,0.5,1,native,bk_ikgp,0,86,0.0002971249632537365,0.00029629096388816833,0.00030800001695752144,3,216,31,375,375,30.4
er_n24_p0.5_s1_native,er,24,139,0.5,1,native,bk_basic_bit,1,86,0.00036866613663733006,0.0003573328722268343,0.0003697080537676811,3,619,,,,6.0
er_n24_p0.5_s1_native,er,24,139,0.5,1,native,bk_pivot_bit,1,86,0.0002366248518228531,0.0002347910776734352,0.00025104102678596973,3,263,,,,6.3
er_n24_p0.5_s1_native,er,24,139,0.5,1,native,bk_tomita_bit,1,86,0.00028420891612768173,0.0002740409690886736,0.00028679193928837776,3,194,,,,6.9
er_n24_p0.5_s1_degeneracy,er,24,139,0.5,1,degeneracy,bk_basic,0,86,0.0004417907912284136,0.00041379197500646114,0.0005050410982221365,3,619,404,0,0,30.6
er_n24_p0.5_s1_degeneracy,er,24,139,0.5,1,degeneracy,bk_pivot,0,86,0.00020904210396111012,0.0002002918627113104,0.00023366697132587433,3,225,25,462,0,30.4
er_n24_p0.5_s1_degeneracy,er,24,139,0.5,1,degeneracy,bk_tomita,0,86,0.0002961251884698868,0.0002868750598281622,0.00032037519849836826,3,190,6,408,408,30.4
er_n24_p0.5_s1_degeneracy,er,24,139,0.5,1,degeneracy,bk_pivot_p,0,86,0.00022000004537403584,0.00021199998445808887,0.0002222089096903801,3,252,52,390,0,30.4
er_n24_p0.5_s1_degeneracy,er,24,139,0.5,1,degeneracy,bk_ikgp,0,86,0.00030399998649954796,0.000297625083476305,0.0003062079194933176,3,224,37,381,381,30.4
er_n24_p0.5_s1_degeneracy,er,24,139,0.5,1,degeneracy,bk_basic_bit,1,86,0.0003936248831450939,0.0003915829584002495,0.0004065418615937233,3,619,,,,6.0
er_n24_p0.5_s1_degeneracy,er,24,139,0.5,1,degeneracy,bk_pivot_bit,1,86,0.0002643750049173832,0.00026295799762010574,0.00027545797638595104,3,263,,,,6.3
er_n24_p0.5_s1_degeneracy,er,24,139,0.5,1,degeneracy,bk_tomita_bit,1,86,0.0002791669685393572,0.00027454085648059845,0.00030170800164341927,3,194,,,,6.9
er_n24_p0.7_s1_random,er,24,189,0.7,1,random,bk_basic,0,44,0.00016333302482962608,0.000141416909173131,0.0001949160359799862,3,193,92,0,0,25.6
er_n24_p0.7_s1_random,er,24,189,0.7,1,random,bk_pivot,0,44,0.00012933299876749516,0.0001249159686267376,0.0001452078577131033,3,136,33,262,0,25.1
er_n24_p0.7_s1_random,er,24,189,0.7,1,random,bk_tomita,0,44,0.00015266588889062405,0.0001457498874515295,0.00017250003293156624,3,99,10,189,189,25.6
er_n24_p0.7_s1_random,er,24,189,0.7,1,random,bk_pivot_p,0,44,0.00012008403427898884,0.00011958298273384571,0.00012537487782537937,3,135,33,177,0,25.1
er_n24_p0.7_s1_random,er,24,189,0.7,1,random,bk_ikgp,0,44,0.00014712498523294926,0.00014583300799131393,0.00015374994836747646,3,111,23,163,163,25.6
er_n24_p0.7_s1_random,er,24,189,0.7,1,random,bk_basic_bit,1,44,0.00013937498442828655,0.00013833306729793549,0.00014558294788002968,3,193,,,,4.6
er_n24_p0.7_s1_random,er,24,189,0.7,1,random,bk_pivot_bit,1,44,0.00011845887638628483,0.00011695805005729198,0.00012162490747869015,3,119,,,,4.5
er_n24_p0.7_s1_random,er,24,189,0.7,1,random,bk_tomita_bit,1,44,0.00014429097063839436,0.00014329212717711926,0.00015316600911319256,3,97,,,,4.9
er_n24_p0.7_s1_native,er,24,189,0.7,1,native,bk_basic,0,44,0.00014845817349851131,0.00014062481932342052,0.000175457913428545,3,193,90,0,0,25.1
er_n24_p0.7_s1_native,er,24,189,0.7,1,native,bk_pivot,0,44,0.00011754198931157589,0.00011641695164144039,0.0001343749463558197,3,119,17,231,0,25.1
er_n24_p0.7_s1_native,er,24,189,0.7,1,native,bk_tomita,0,44,0.00015479186549782753,0.00014825002290308475,0.00017058313824236393,3,97,6,195,195,25.6
er_n24_p0.7_s1_native,er,24,189,0.7,1,native,bk_pivot_p,0,44,0.00011366698890924454,0.00011145812459290028,0.00012033386155962944,3,126,24,168,0,25.1
er_n24_p0.7_s1_native,er,24,189,0.7,1,native,bk_ikgp,0,44,0.00014925003051757812,0.00014699995517730713,0.00015533296391367912,3,115,26,164,164,25.6
er_n24_p0.7_s1_native,er,24,189,0.7,1,native,bk_basic_bit,1,44,0.0001375421416014433,0.00013745902106165886,0.0001449580304324627,3,193,,,,4.6
er_n24_p0.7_s1_native,er,24,189,0.7,1,native,bk_pivot_bit,1,44,0.00012004212476313114,0.00011933408677577972,0.00012149987742304802,3,119,,,,4.5
er_n24_p0.7_s1_native,er,24,189,0.7,1,native,bk_tomita_bit,1,44,0.00014375010505318642,0.00014320877380669117,0.0001504998654127121,3,97,,,,4.9
er_n24_p0.7_s1_degeneracy,er,24,189,0.7,1,degeneracy,bk_basic,0,44,0.00014704209752380848,0.00013733305968344212,0.0001867909450083971,3,193,107,0,0,25.2
er_n24_p0.7_s1_degeneracy,er,24,189,0.7,1,degeneracy,bk_pivot,0,44,0.00010729208588600159,0.00010358309373259544,0.00012129195965826511,3,108,21,211,0,25.1
er_n24_p0.7_s1_degeneracy,er,24,189,0.7,1,degeneracy,bk_tomita,0,44,0.00014370819553732872,0.00013995799235999584,0.00016070809215307236,3,95,11,189,189,25.1
er_n24_p0.7_s1_degeneracy,er,24,189,0.7,1,degeneracy,bk_pivot_p,0,44,0.00010783295147120953,0.00010587484575808048,0.00011229212395846844,3,122,36,167,0,25.1
er_n24_p0.7_s1_degeneracy,er,24,189,0.7,1,degeneracy,bk_ikgp,0,44,0.0001481659710407257,0.00014787493273615837,0.0001526661217212677,3,114,30,163,163,25.1
er_n24_p0.7_s1_degeneracy,er,24,189,0.7,1,degeneracy,bk_basic_bit,1,44,0.00013916706666350365,0.0001390830148011446,0.0001463328953832388,3,193,,,,4.6
er_n24_p0.7_s1_degeneracy,er,24,189,0.7,1,degeneracy,bk_pivot_bit,1,44,0.0001171668991446495,0.00011641695164144039,0.00012195901945233345,3,119,,,,4.5
er_n24_p0.7_s1_degeneracy,er,24,189,0.7,1,degeneracy,bk_tomita_bit,1,44,0.00014370796270668507,0.00014287512749433517,0.00014708400703966618,3,97,,,,4.9
er_n24_p0.3_s2_random,er,24,86,0.3,2,random,bk_basic,0,164,0.0028806249611079693,0.002804666990414262,0.003034499939531088,3,3926,3331,0,0,37.2
er_n24_p0.3_s2_random,er,24,86,0.3,2,random,bk_pivot,0,164,0.0006085829809308052,0.0005857909563928843,0.0007141251116991043,3,582,93,1419,0,36.9
er_n24_p0.3_s2_random,er,24,86,0.3,2,random,bk_tomita,0,164,0.0007719171699136496,0.0006990409456193447,0.0008640419691801071,3,389,4,918,918,37.0
er_n24_p0.3_s2_random,er,24,86,0.3,2,random,bk_pivot_p,0,164,0.0007323748432099819,0.000688791973516345,0.0007786250207573175,3,753,258,1325,0,36.9
er_n24_p0.3_s2_random,er,24,86,0.3,2,random,bk_ikgp,0,164,0.000808625016361475,0.000687458086758852,0.0008968329057097435,3,423,37,904,904,37.0
er_n24_p0.3_s2_random,er,24,86,0.3,2,random,bk_basic_bit,1,164,0.0021313331089913845,0.002125500002875924,0.0021912080701440573,3,3926,,,,7.4
er_n24_p0.3_s2_random,er,24,86,0.3,2,random,bk_pivot_bit,1,164,0.0006198338232934475,0.0006130419205874205,0.0006527088116854429,3,690,,,,7.0
er_n24_p0.3_s2_random,er,24,86,0.3,2,random,bk_tomita_bit,1,164,0.0006544589996337891,0.0006513749249279499,0.000655291136354208,3,393,,,,7.8
er_n24_p0.3_s2_native,er,24,86,0.3,2,native,bk_basic,0,164,0.0027903749141842127,0.0027607500087469816,0.0031838330905884504,3,3926,3342,0,0,35.7
er_n24_p0.3_s2_native,er,24,86,0.3,2,native,bk_pivot,0,164,0.0008172499947249889,0.0007395839784294367,0.0008406250271946192,3,690,178,1841,0,35.4
er_n24_p0.3_s2_native,er,24,86,0.3,2,native,bk_tomita,0,164,0.0008330419659614563,0.0007594579365104437,0.000899334205314517,3,393,6,943,943,36.9
er_n24_p0.3_s2_native,er,24,86,0.3,2,native,bk_pivot_p,0,164,0.0007001250050961971,0.000662707956507802,0.0007495838217437267,3,717,203,1380,0,35.3
er_n24_p0.3_s2_native,er,24,86,0.3,2,native,bk_ikgp,0,164,0.0008617499843239784,0.0008167501073330641,0.0008928750175982714,3,448,59,941,941,36.9
er_n24_p0.3_s2_native,er,24,86,0.3,2,native,bk_basic_bit,1,164,0.002165667014196515,0.00206379103474319,0.0022982500959187746,3,3926,,,,7.4
er_n24_p0.3_s2_native,er,24,86,0.3,2,native,bk_pivot_bit,1,164,0.0005810421425849199,0.0005778749473392963,0.0005945002194494009,3,690,,,,7.0
er_n24_p0.3_s2_native,er,24,86,0.3,2,native,bk_tomita_bit,1,164,0.000576874939724803,0.0005764579400420189,0.000585916917771101,3,393,,,,7.8
er_n24_p0.3_s2_degeneracy,er,24,86,0.3,2,degeneracy,bk_basic,0,164,0.0031891248654574156,0.002922666957601905,0.0033732501324266195,3,3926,3470,0,0,37.3
er_n24_p0.3_s2_degeneracy,er,24,86,0.3,2,degeneracy,bk_pivot,0,164,0.000544459093362093,0.000493000028654933,0.0005962499417364597,3,457,47,1045,0,36.9
er_n24_p0.3_s2_degeneracy,er,24,86,0.3,2,degeneracy,bk_tomita,0,164,0.0008536248933523893,0.0007499579805880785,0.0009774998761713505,3,388,8,933,933,37.0
er_n24_p0.3_s2_degeneracy,er,24,86,0.3,2,degeneracy,bk_pivot_p,0,164,0.0006862499285489321,0.0005946250166743994,0.0007172501645982265,3,614,197,1152,0,36.9
er_n24_p0.3_s2_degeneracy,er,24,86,0.3,2,degeneracy,bk_ikgp,0,164,0.0008517920505255461,0.0007350000087171793,0.0009613330475986004,3,460,78,951,951,37.0
er_n24_p0.3_s2_degeneracy,er,24,86,0.3,2,degeneracy,bk_basic_bit,1,164,0.002342458115890622,0.002220582915470004,0.00239229085855186,3,3926,,,,7.4
er_n24_p0.3_s2_degeneracy,er,24,86,0.3,2,degeneracy,bk_pivot_bit,1,164,0.0008089998736977577,0.0007796250283718109,0.0008103749714791775,3,690,,,,7.0
er_n24_p0.3_s2_degeneracy,er,24,86,0.3,2,degeneracy,bk_tomita_bit,1,164,0.000724834157153964,0.0005910000763833523,0.0007776250131428242,3,393,,,,7.8
er_n24_p0.5_s2_random,er,24,140,0.5,2,random,bk_basic,0,85,0.0005864170379936695,0.0005250410176813602,0.0006403750739991665,3,595,382,0,0,30.5
er_n24_p0.5_s2_random,er,24,140,0.5,2,random,bk_pivot,0,85,0.0003376249223947525,0.0002842498943209648,0.0003392500802874565,3,261,58,567,0,30.3
er_n24_p0.5_s2_random,er,24,140,0.5,2,random,bk_tomita,0,85,0.0003661250229924917,0.00031875004060566425,0.00041624996811151505,3,187,10,390,390,30.3
er_n24_p0.5_s2_random,er,24,140,0.5,2,random,bk_pivot_p,0,85,0.00029337499290704727,0.00027595902793109417,0.0003054169937968254,3,296,93,431,0,30.3
er_n24_p0.5_s2_random,er,24,140,0.5,2,random,bk_ikgp,0,85,0.00032420805655419827,0.0003107499796897173,0.00035170908086001873,3,225,48,368,368,30.3
er_n24_p0.5_s2_random,er,24,140,0.5,2,random,bk_basic_bit,1,85,0.0003937908913940191,0.00038841599598526955,0.0004013751167804003,3,595,,,,6.0
er_n24_p0.5_s2_random,er,24,140,0.5,2,random,bk_pivot_bit,1,85,0.0002764998935163021,0.00025858404114842415,0.00028279097750782967,3,252,,,,5.9
er_n24_p0.5_s2_random,er,24,140,0.5,2,random,bk_tomita_bit,1,85,0.0003345839213579893,0.0003252921160310507,0.00034545897506177425,3,186,,,,6.8
er_n24_p0.5_s2_native,er,24,140,0.5,2,native,bk_basic,0,85,0.00041958410292863846,0.0003933750558644533,0.00047316704876720905,3,595,376,0,0,29.8
er_n24_p0.5_s2_native,er,24,140,0.5,2,native,bk_pivot,0,85,0.00023333309218287468,0.00022329180501401424,0.0002594580873847008,3,252,49,533,0,29.6
er_n24_p0.5_s2_native,er,24,140,0.5,2,native,bk_tomita,0,85,0.00029258313588798046,0.0002753748558461666,0.00032708304934203625,3,186,10,386,386,30.8
er_n24_p0.5_s2_native,er,24,140,0.5,2,native,bk_pivot_p,0,85,0.0002529581543058157,0.00025199982337653637,0.0002669999375939369,3,304,97,451,0,29.6
er_n24_p0.5_s2_native,er,24,140,0.5,2,native,bk_ikgp,0,85,0.0003275421913713217,0.00032449979335069656,0.00036870804615318775,3,219,42,364,364,30.8
er_n24_p0.5_s2_native,er,24,140,0.5,2,native,bk_basic_bit,1,85,0.0003592087887227535,0.00034787505865097046,0.0003631250001490116,3,595,,,,6.0
er_n24_p0.5_s2_native,er,24,140,0.5,2,native,bk_pivot_bit,1,85,0.000228166114538908,0.0002259998582303524,0.00023329188115894794,3,252,,,,5.9
er_n24_p0.5_s2_native,er,24,140,0.5,2,native,bk_tomita_bit,1,85,0.00026470795273780823,0.0002615000121295452,0.0002697079908102751,3,186,,,,6.8
er_n24_p0.5_s2_degeneracy,er,24,140,0.5,2,degeneracy,bk_basic,0,85,0.00042341696098446846,0.0003942078910768032,0.0004766660276800394,3,595,390,0,0,30.5
er_n24_p0.5_s2_degeneracy,er,24,140,0.5,2,degeneracy,bk_pivot,0,85,0.0002102500293403864,0.0002051249612122774,0.0002401669044047594,3,227,34,483,0,30.3
er_n24_p0.5_s2_degeneracy,er,24,140,0.5,2,degeneracy,bk_tomita,0,85,0.00028166710399091244,0.0002654590643942356,0.0003261670935899019,3,178,7,378,378,30.3
er_n24_p0.5_s2_degeneracy,er,24,140,0.5,2,degeneracy,bk_pivot_p,0,85,0.00022891699336469173,0.0002227500081062317,0.00024879188276827335,3,269,74,411,0,30.3
er_n24_p0.5_s2_degeneracy,er,24,140,0.5,2,degeneracy,bk_ikgp,0,85,0.0002906250301748514,0.0002794591709971428,0.0002972909715026617,3,215,42,365,365,30.3
er_n24_p0.5_s2_degeneracy,er,24,140,0.5,2,degeneracy,bk_basic_bit,1,85,0.0003460829611867666,0.0003454168327152729,0.00035808305256068707,3,595,,,,6.0
er_n24_p0.5_s2_degeneracy,er,24,140,0.5,2,degeneracy,bk_pivot_bit,1,85,0.00022666691802442074,0.00022620894014835358,0.0002380420919507742,3,252,,,,5.9
er_n24_p0.5_s2_degeneracy,er,24,140,0.5,2,degeneracy,bk_tomita_bit,1,85,0.0002655419521033764,0.0002643750049173832,0.0002780419308692217,3,186,,,,6.8
er_n24_p0.7_s2_random,er,24,195,0.7,2,random,bk_basic,0,43,0.0001366669312119484,0.00012637488543987274,0.00016979104839265347,3,171,83,0,0,24.7
er_n24_p0.7_s2_random,er,24,195,0.7,2,random,bk_pivot,0,43,0.0001051661092787981,0.00010091601870954037,0.00011841580271720886,3,108,21,183,0,24.6
er_n24_p0.7_s2_random,er,24,195,0.7,2,random,bk_tomita,0,43,0.00014124996960163116,0.00013579195365309715,0.00015720794908702374,3,94,10,173,173,24.6
er_n24_p0.7_s2_random,er,24,195,0.7,2,random,bk_pivot_p,0,43,0.00010554189793765545,0.00010354188270866871,0.00011112494394183159,3,117,29,154,0,24.6
er_n24_p0.7_s2_random,er,24,195,0.7,2,random,bk_ikgp,0,43,0.00013745902106165886,0.00013687508180737495,0.00014183297753334045,3,106,23,147,147,24.6
er_n24_p0.7_s2_random,er,24,195,0.7,2,random,bk_basic_bit,1,43,0.00013233302161097527,0.00013091694563627243,0.00014220806770026684,3,171,,,,4.6
er_n24_p0.7_s2_random,er,24,195,0.7,2,random,bk_pivot_bit,1,43,0.0001235839445143938,0.00012008287012577057,0.00012670806609094143,3,119,,,,4.6
er_n24_p0.7_s2_random,er,24,195,0.7,2,random,bk_tomita_bit,1,43,0.00014262506738305092,0.0001418751198798418,0.0001474579330533743,3,94,,,,4.9
er_n24_p0.7_s2_native,er,24,195,0.7,2,native,bk_basic,0,43,0.0001343749463558197,0.0001249168999493122,0.0001602501142770052,3,171,79,0,0,25.1
er_n24_p0.7_s2_native,er,24,195,0.7,2,native,bk_pivot,0,43,0.00011562486179172993,0.00011358293704688549,0.00012954184785485268,3,119,26,215,0,24.6
er_n24_p0.7_s2_native,er,24,195,0.7,2,native,bk_tomita,0,43,0.00014599994756281376,0.00014295917935669422,0.00016287504695355892,3,94,8,179,179,24.6
er_n24_p0.7_s2_native,er,24,195,0.7,2,native,bk_pivot_p,0,43,0.0001099579967558384,0.00010950001887977123,0.00011274986900389194,3,119,26,154,0,24.6
er_n24_p0.7_s2_native,er,24,195,0.7,2,native,bk_ikgp,0,43,0.0001425000373274088,0.00014054193161427975,0.00015204213559627533,3,109,23,149,149,24.6
er_n24_p0.7_s2_native,er,24,195,0.7,2,native,bk_basic_bit,1,43,0.00012983288615942,0.00012900005094707012,0.0001392909325659275,3,171,,,,4.6
er_n24_p0.7_s2_native,er,24,195,0.7,2,native,bk_pivot_bit,1,43,0.00011941604316234589,0.00011862511746585369,0.00012466683983802795,3,119,,,,4.6
er_n24_p0.7_s2_native,er,24,195,0.7,2,native,bk_tomita_bit,1,43,0.0001385000068694353,0.0001377500593662262,0.00014541717246174812,3,94,,,,4.9
er_n24_p0.7_s2_degeneracy,er,24,195,0.7,2,degeneracy,bk_basic,0,43,0.00013404106721282005,0.00012491620145738125,0.0001657500397413969,3,171,89,0,0,24.2
er_n24_p0.7_s2_degeneracy,er,24,195,0.7,2,degeneracy,bk_pivot,0,43,0.00010075001046061516,9.754113852977753e-05,0.00011124997399747372,3,104,20,183,0,24.1
er_n24_p0.7_s2_degeneracy,er,24,195,0.7,2,degeneracy,bk_tomita,0,43,0.00013308296911418438,0.00012912508100271225,0.00014870800077915192,3,92,11,166,166,24.6
er_n24_p0.7_s2_degeneracy,er,24,195,0.7,2,degeneracy,bk_pivot_p,0,43,0.00010737497359514236,0.00010479078628122807,0.00011604209430515766,3,124,40,153,0,24.1
er_n24_p0.7_s2_degeneracy,er,24,195,0.7,2,degeneracy,bk_ikgp,0,43,0.00013558403588831425,0.00013370811939239502,0.0001394171267747879,3,108,26,147,147,24.6
er_n24_p0.7_s2_degeneracy,er,24,195,0.7,2,degeneracy,bk_basic_bit,1,43,0.00013200007379055023,0.00012866593897342682,0.00013645808212459087,3,171,,,,4.6
er_n24_p0.7_s2_degeneracy,er,24,195,0.7,2,degeneracy,bk_pivot_bit,1,43,0.00011820904910564423,0.00011712522245943546,0.00012199999764561653,3,119,,,,4.6
er_n24_p0.7_s2_degeneracy,er,24,195,0.7,2,degeneracy,bk_tomita_bit,1,43,0.00014087487943470478,0.00013745902106165886,0.0001420830376446247,3,94,,,,4.9
ba_n24_m3_s1_random,ba,24,63,nan,1,random,bk_basic,0,240,0.015637417091056705,0.014148249989375472,0.01666958420537412,3,18778,17630,0,0,46.2
ba_n24_m3_s1_random,ba,24,63,nan,1,random,bk_pivot,0,240,0.0011289590038359165,0.001105958828702569,0.001162082888185978,3,1110,88,3121,0,45.7
ba_n24_m3_s1_random,ba,24,63,nan,1,random,bk_tomita,0,240,0.0010398752056062222,0.0009640420321375132,0.001211040886119008,3,544,1,1297,1297,47.8
ba_n24_m3_s1_random,ba,24,63,nan,1,random,bk_pivot_p,0,240,0.0026074170600622892,0.0021520000882446766,0.0027174591086804867,3,1886,844,4227,0,45.7
ba_n24_m3_s1_random,ba,24,63,nan,1,random,bk_ikgp,0,240,0.0011392501182854176,0.0010955000761896372,0.001330208033323288,3,572,25,1305,1305,47.8
ba_n24_m3_s1_random,ba,24,63,nan,1,random,bk_basic_bit,1,240,0.008296916959807277,0.00811508297920227,0.008310874924063683,3,18778,,,,8.4
ba_n24_m3_s1_random,ba,24,63,nan,1,random,bk_pivot_bit,1,240,0.000801584217697382,0.0007919580675661564,0.0008132499642670155,3,861,,,,7.9
ba_n24_m3_s1_random,ba,24,63,nan,1,random,bk_tomita_bit,1,240,0.0008223329205065966,0.0008187079802155495,0.0008314161095768213,3,514,,,,8.7
ba_n24_m3_s1_native,ba,24,63,nan,1,native,bk_basic,0,240,0.013611000031232834,0.013421833049505949,0.013648125110194087,3,18778,18028,0,0,46.2
ba_n24_m3_s1_native,ba,24,63,nan,1,native,bk_pivot,0,240,0.0008206670172512531,0.000797665910795331,0.000885500106960535,3,861,114,2485,0,45.8
ba_n24_m3_s1_native,ba,24,63,nan,1,native,bk_tomita,0,240,0.0008756669703871012,0.0008497079834342003,0.0009405419696122408,3,514,0,1204,1204,47.8
ba_n24_m3_s1_native,ba,24,63,nan,1,native,bk_pivot_p,0,240,0.0020212079398334026,0.0019767500925809145,0.002074832795187831,3,2270,1526,4589,0,45.8
ba_n24_m3_s1_native,ba,24,63,nan,1,native,bk_ikgp,0,240,0.0009228750132024288,0.0008970419876277447,0.0009739170782268047,3,554,39,1268,1268,47.8
ba_n24_m3_s1_native,ba,24,63,nan,1,native,bk_basic_bit,1,240,0.008137541823089123,0.008130125002935529,0.008143916027620435,3,18778,,,,8.4
ba_n24_m3_s1_native,ba,24,63,nan,1,native,bk_pivot_bit,1,240,0.0007899999618530273,0.0007897920440882444,0.0008014168124645948,3,861,,,,7.9
ba_n24_m3_s1_native,ba,24,63,nan,1,native,bk_tomita_bit,1,240,0.0008275420404970646,0.0008252908010035753,0.0008282910566776991,3,514,,,,8.7
ba_n24_m3_s1_degeneracy,ba,24,63,nan,1,degeneracy,bk_basic,0,240,0.013315208023414016,0.013175040949136019,0.013507874915376306,3,18778,18173,0,0,48.2
ba_n24_m3_s1_degeneracy,ba,24,63,nan,1,degeneracy,bk_pivot,0,240,0.0005750828422605991,0.0005209168884903193,0.0005789578426629305,3,572,16,1469,0,47.7
ba_n24_m3_s1_degeneracy,ba,24,63,nan,1,degeneracy,bk_tomita,0,240,0.0008927499875426292,0.0008293748833239079,0.0009021658916026354,3,516,0,1206,1206,47.8
ba_n24_m3_s1_degeneracy,ba,24,63,nan,1,degeneracy,bk_pivot_p,0,240,0.0005830000154674053,0.0005746670067310333,0.0006117499433457851,3,651,95,1493,0,47.7
ba_n24_m3_s1_degeneracy,ba,24,63,nan,1,degeneracy,bk_ikgp,0,240,0.0008825000841170549,0.0008768748957663774,0.0009116670116782188,3,569,52,1280,1280,47.8
ba_n24_m3_s1_degeneracy,ba,24,63,nan,1,degeneracy,bk_basic_bit,1,240,0.00893570901826024,0.008341499837115407,0.008950457908213139,3,18778,,,,8.4
ba_n24_m3_s1_degeneracy,ba,24,63,nan,1,degeneracy,bk_pivot_bit,1,240,0.0008306670933961868,0.000829207943752408,0.0008691251277923584,3,861,,,,7.9
ba_n24_m3_s1_degeneracy,ba,24,63,nan,1,degeneracy,bk_tomita_bit,1,240,0.000868750037625432,0.0008443749975413084,0.0008740830235183239,3,514,,,,8.7
ba_n24_m3_s2_random,ba,24,63,nan,2,random,bk_basic,0,186,0.009992334060370922,0.009892875095829368,0.01000049989670515,3,12396,11620,0,0,46.4
ba_n24_m3_s2_random,ba,24,63,nan,2,random,bk_pivot,0,186,0.0008339169435203075,0.0007981250528246164,0.0009012920781970024,3,802,176,2513,0,45.7
ba_n24_m3_s2_random,ba,24,63,nan,2,random,bk_tomita,0,186,0.0007477498147636652,0.000730500090867281,0.0008242910262197256,3,413,1,997,997,46.2
ba_n24_m3_s2_random,ba,24,63,nan,2,random,bk_pivot_p,0,186,0.0010054169688373804,0.0009795420337468386,0.0010529998689889908,3,1089,451,2205,0,45.7
ba_n24_m3_s2_random,ba,24,63,nan,2,random,bk_ikgp,0,186,0.0007499998901039362,0.0007226660382002592,0.0008364170789718628,3,413,1,972,972,46.2
ba_n24_m3_s2_random,ba,24,63,nan,2,random,bk_basic_bit,1,186,0.005596125032752752,0.005579083925113082,0.0056262079160660505,3,12396,,,,8.3
ba_n24_m3_s2_random,ba,24,63,nan,2,random,bk_pivot_bit,1,186,0.0006060830783098936,0.0006028339266777039,0.0006215840112417936,3,673,,,,7.9
ba_n24_m3_s2_random,ba,24,63,nan,2,random,bk_tomita_bit,1,186,0.0006472920067608356,0.0006468330975621939,0.0006522089242935181,3,407,,,,8.8
ba_n24_m3_s2_native,ba,24,63,nan,2,native,bk_basic,0,186,0.009232749929651618,0.009219500003382564,0.012282083043828607,3,12396,11770,0,0,46.2
ba_n24_m3_s2_native,ba,24,63,nan,2,native,bk_pivot,0,186,0.0007698750123381615,0.0006778750102967024,0.0007729160133749247,3,673,94,1908,0,45.7
ba_n24_m3_s2_native,ba,24,63,nan,2,native,bk_tomita,0,186,0.0007202501874417067,0.0006858748383820057,0.0008039169479161501,3,407,1,989,989,46.3
ba_n24_m3_s2_native,ba,24,63,nan,2,native,bk_pivot_p,0,186,0.0022191668394953012,0.002135833026841283,0.0023541669361293316,3,2316,1709,4267,0,45.7
ba_n24_m3_s2_native,ba,24,63,nan,2,native,bk_ikgp,0,186,0.000771624967455864,0.0007334589026868343,0.0008609169162809849,3,419,10,980,980,46.3
ba_n24_m3_s2_native,ba,24,63,nan,2,native,bk_basic_bit,1,186,0.005567125044763088,0.005431790836155415,0.0059122079983353615,3,12396,,,,8.3
ba_n24_m3_s2_native,ba,24,63,nan,2,native,bk_pivot_bit,1,186,0.0006177912000566721,0.0006160000339150429,0.0006401250138878822,3,673,,,,7.9
ba_n24_m3_s2_native,ba,24,63,nan,2,native,bk_tomita_bit,1,186,0.0006612499710172415,0.0006558750756084919,0.001514042029157281,3,407,,,,8.8
ba_n24_m3_s2_degeneracy,ba,24,63,nan,2,degeneracy,bk_basic,0,186,0.008711624890565872,0.008709916844964027,0.008921250002458692,3,12396,11801,0,0,46.8
ba_n24_m3_s2_degeneracy,ba,24,63,nan,2,degeneracy,bk_pivot,0,186,0.00047725019976496696,0.00046395789831876755,0.0005228328518569469,3,489,14,1138,0,46.2
ba_n24_m3_s2_degeneracy,ba,24,63,nan,2,degeneracy,bk_tomita,0,186,0.0007408750243484974,0.0007301250007003546,0.0007967078126966953,3,425,1,1015,1015,46.2
ba_n24_m3_s2_degeneracy,ba,24,63,nan,2,degeneracy,bk_pivot_p,0,186,0.00046125007793307304,0.0004597089719027281,0.0004751670639961958,3,510,35,1102,0,46.2
ba_n24_m3_s2_degeneracy,ba,24,63,nan,2,degeneracy,bk_ikgp,0,186,0.0007234159857034683,0.0007134168408811092,0.0007484580855816603,3,435,10,1015,1015,46.2
ba_n24_m3_s2_degeneracy,ba,24,63,nan,2,degeneracy,bk_basic_bit,1,186,0.005489750066772103,0.005443500122055411,0.0055384160950779915,3,12396,,,,8.3
ba_n24_m3_s2_degeneracy,ba,24,63,nan,2,degeneracy,bk_pivot_bit,1,186,0.0006182908546179533,0.0006099590100347996,0.0006239591166377068,3,673,,,,7.9
ba_n24_m3_s2_degeneracy,ba,24,63,nan,2,degeneracy,bk_tomita_bit,1,186,0.0006393750663846731,0.0006361249834299088,0.000655916053801775,3,407,,,,8.8
ws_n24_s1_random,ws,24,72,nan,1,random,bk_basic,0,377,0.0019984999671578407,0.0019599590450525284,0.002125500002875924,3,2848,1942,0,0,32.9
ws_n24_s1_random,ws,24,72,nan,1,random,bk_pivot,0,377,0.0007831249386072159,0.0007627920713275671,0.0008457091171294451,3,909,164,1919,0,32.6
ws_n24_s1_random,ws,24,72,nan,1,random,bk_tomita,0,377,0.0008772090077400208,0.000863624969497323,0.0009385000448673964,3,638,11,1166,1166,32.7
ws_n24_s1_random,ws,24,72,nan,1,random,bk_pivot_p,0,377,0.001018499955534935,0.000991750042885542,0.0010884169023483992,3,1238,430,1807,0,32.6
ws_n24_s1_random,ws,24,72,nan,1,random,bk_ikgp,0,377,0.0009631249122321606,0.0009395000524818897,0.0009929160587489605,3,738,106,1230,1230,32.7
ws_n24_s1_random,ws,24,72,nan,1,random,bk_basic_bit,1,377,0.001632791943848133,0.0016078748740255833,0.0016747089102864265,3,2848,,,,7.0
ws_n24_s1_random,ws,24,72,nan,1,random,bk_pivot_bit,1,377,0.0007706668693572283,0.0007683748845010996,0.0007794580888003111,3,758,,,,6.7
ws_n24_s1_random,ws,24,72,nan,1,random,bk_tomita_bit,1,377,0.0009183338843286037,0.0009163750801235437,0.0009218750055879354,3,643,,,,7.3
ws_n24_s1_native,ws,24,72,nan,1,native,bk_basic,0,377,0.001817458774894476,0.0018002500291913748,0.0019008750095963478,3,2848,2119,0,0,32.5
ws_n24_s1_native,ws,24,72,nan,1,native,bk_pivot,0,377,0.0006294171325862408,0.0006126249209046364,0.0006538748275488615,3,758,56,1502,0,32.9
ws_n24_s1_native,ws,24,72,nan,1,native,bk_tomita,0,377,0.0008626251947134733,0.0008522088173776865,0.0009033340029418468,3,643,12,1167,1167,32.7
ws_n24_s1_native,ws,24,72,nan,1,native,bk_pivot_p,0,377,0.0007377499714493752,0.000736583024263382,0.0007607920560985804,3,939,226,1525,0,32.1
ws_n24_s1_native,ws,24,72,nan,1,native,bk_ikgp,0,377,0.0009621670469641685,0.0009558750316500664,0.000992832938209176,3,752,109,1274,1274,32.7
ws_n24_s1_native,ws,24,72,nan,1,native,bk_basic_bit,1,377,0.0015898749697953463,0.0015771249309182167,0.0015932500828057528,3,2848,,,,7.0
ws_n24_s1_native,ws,24,72,nan,1,native,bk_pivot_bit,1,377,0.000753333093598485,0.0007477081380784512,0.0007697499822825193,3,758,,,,6.7
ws_n24_s1_native,ws,24,72,nan,1,native,bk_tomita_bit,1,377,0.0009108330123126507,0.00090637500397861,0.0009213751181960106,3,643,,,,7.3
ws_n24_s1_degeneracy,ws,24,72,nan,1,degeneracy,bk_basic,0,377,0.0018213330768048763,0.0017886250279843807,0.0018826250452548265,3,2848,2120,0,0,32.5
ws_n24_s1_degeneracy,ws,24,72,nan,1,degeneracy,bk_pivot,0,377,0.0005625409539788961,0.0005520421545952559,0.0005853341426700354,3,704,21,1201,0,32.2
ws_n24_s1_degeneracy,ws,24,72,nan,1,degeneracy,bk_tomita,0,377,0.0008384159300476313,0.0008225420024245977,0.0008710420224815607,3,640,13,1144,1144,32.7
ws_n24_s1_degeneracy,ws,24,72,nan,1,degeneracy,bk_pivot_p,0,377,0.0006897919811308384,0.0006826671306043863,0.0007068330887705088,3,876,169,1377,0,32.2
ws_n24_s1_degeneracy,ws,24,72,nan,1,degeneracy,bk_ikgp,0,377,0.0009836668614298105,0.0009673750028014183,0.0009914159309118986,3,784,139,1301,1301,32.7
ws_n24_s1_degeneracy,ws,24,72,nan,1,degeneracy,bk_basic_bit,1,377,0.0015952500980347395,0.001582833006978035,0.0015999581664800644,3,2848,,,,7.0
ws_n24_s1_degeneracy,ws,24,72,nan,1,degeneracy,bk_pivot_bit,1,377,0.0007557501085102558,0.0007552499882876873,0.0007699159905314445,3,758,,,,6.7
ws_n24_s1_degeneracy,ws,24,72,nan,1,degeneracy,bk_tomita_bit,1,377,0.0009122921619564295,0.0009097501169890165,0.0009166249074041843,3,643,,,,7.3
ws_n24_s2_random,ws,24,72,nan,2,random,bk_basic,0,404,0.0017845418769866228,0.0017475830391049385,0.0019004999194294214,3,2570,1680,0,0,32.1
ws_n24_s2_random,ws,24,72,nan,2,random,bk_pivot,0,404,0.0007753749378025532,0.0007511668372899294,0.0008216251153498888,3,932,210,1640,0,31.3
ws_n24_s2_random,ws,24,72,nan,2,random,bk_tomita,0,404,0.0008654170669615269,0.0008490839973092079,0.0009167080279439688,3,641,0,1100,1100,31.4
ws_n24_s2_random,ws,24,72,nan,2,random,bk_pivot_p,0,404,0.0008862090762704611,0.0008813750464469194,0.0009113750420510769,3,1116,369,1541,0,31.3
ws_n24_s2_random,ws,24,72,nan,2,random,bk_ikgp,0,404,0.0009425419848412275,0.0009211250580847263,0.0009663340169936419,3,736,93,1187,1187,31.4
ws_n24_s2_random,ws,24,72,nan,2,random,bk_basic_bit,1,404,0.001564625184983015,0.0015311248134821653,0.0015954161062836647,3,2570,,,,6.6
ws_n24_s2_random,ws,24,72,nan,2,random,bk_pivot_bit,1,404,0.0008668750524520874,0.0007647918537259102,0.0009025409817695618,3,735,,,,6.3
ws_n24_s2_random,ws,24,72,nan,2,random,bk_tomita_bit,1,404,0.001030332874506712,0.000980457989498973,0.0010621249675750732,3,696,,,,6.8
ws_n24_s2_native,ws,24,72,nan,2,native,bk_basic,0,404,0.00198854086920619,0.0019630000460892916,0.001988957868888974,3,2570,1818,0,0,31.2
ws_n24_s2_native,ws,24,72,nan,2,native,bk_pivot,0,404,0.0007164999842643738,0.0007029999978840351,0.0007219580002129078,3,735,27,1225,0,30.9
ws_n24_s2_native,ws,24,72,nan,2,native,bk_tomita,0,404,0.0010222920682281256,0.0009665000252425671,0.001030749874189496,3,696,13,1128,1128,31.4
ws_n24_s2_native,ws,24,72,nan,2,native,bk_pivot_p,0,404,0.0007841249462217093,0.0007515838369727135,0.0008127500768750906,3,951,203,1451,0,30.9
ws_n24_s2_native,ws,24,72,nan,2,native,bk_ikgp,0,404,0.0009611670393496752,0.0009499159641563892,0.0010486249811947346,3,752,56,1181,1181,31.4
ws_n24_s2_native,ws,24,72,nan,2,native,bk_basic_bit,1,404,0.0015052079688757658,0.0014856669586151838,0.0016078329645097256,3,2570,,,,6.6
ws_n24_s2_native,ws,24,72,nan,2,native,bk_pivot_bit,1,404,0.0007382091134786606,0.0007359159644693136,0.0007480420172214508,3,735,,,,6.3
ws_n24_s2_native,ws,24,72,nan,2,native,bk_tomita_bit,1,404,0.0009486249182373285,0.0009438339620828629,0.0010489581618458033,3,696,,,,6.8
ws_n24_s2_degeneracy,ws,24,72,nan,2,degeneracy,bk_basic,0,404,0.0019305001478642225,0.00186625006608665,0.00196245894767344,3,2570,1822,0,0,31.2
ws_n24_s2_degeneracy,ws,24,72,nan,2,degeneracy,bk_pivot,0,404,0.0007091669831424952,0.0006724160630255938,0.0008339998312294483,3,710,18,1138,0,30.9
ws_n24_s2_degeneracy,ws,24,72,nan,2,degeneracy,bk_tomita,0,404,0.0010630839969962835,0.0010379999876022339,0.0011178329586982727,3,696,13,1132,1132,30.9
ws_n24_s2_degeneracy,ws,24,72,nan,2,degeneracy,bk_pivot_p,0,404,0.0007205831352621317,0.0006899998988956213,0.0008187920320779085,3,779,80,1208,0,30.9
ws_n24_s2_degeneracy,ws,24,72,nan,2,degeneracy,bk_ikgp,0,404,0.0010360421147197485,0.0010285000316798687,0.0010842920746654272,3,767,69,1202,1202,30.9
ws_n24_s2_degeneracy,ws,24,72,nan,2,degeneracy,bk_basic_bit,1,404,0.0016624578274786472,0.0015990410465747118,0.0017009999137371778,3,2570,,,,6.6
ws_n24_s2_degeneracy,ws,24,72,nan,2,degeneracy,bk_pivot_bit,1,404,0.0008398750796914101,0.0008342079818248749,0.0008617918938398361,3,735,,,,6.3
ws_n24_s2_degeneracy,ws,24,72,nan,2,degeneracy,bk_tomita_bit,1,404,0.00105291698127985,0.00100762490183115,0.0010722910519689322,3,696,,,,6.8
er_n26_p0.3_s1_random,er,26,104,0.3,1,random,bk_basic,0,224,0.0035972921177744865,0.0035789581015706062,0.003774582874029875,3,4653,3887,0,0,42.4
er_n26_p0.3_s1_random,er,26,104,0.3,1,random,bk_pivot,0,224,0.0009586659725755453,0.0008898749947547913,0.0010853749699890614,3,899,199,2368,0,43.3
er_n26_p0.3_s1_random,er,26,104,0.3,1,random,bk_tomita,0,224,0.0010522499214857817,0.0009936669375747442,0.0010697499383240938,3,516,10,1188,1188,43.8
er_n26_p0.3_s1_random,er,26,104,0.3,1,random,bk_pivot_p,0,224,0.0011254171840846539,0.001096291933208704,0.0011672500986605883,3,1157,459,2133,0,43.3
er_n26_p0.3_s1_random,er,26,104,0.3,1,random,bk_ikgp,0,224,0.0013323328457772732,0.0011544590815901756,0.0014538338873535395,3,676,155,1343,1343,43.8
er_n26_p0.3_s1_random,er,26,104,0.3,1,random,bk_basic_bit,1,224,0.0025904588401317596,0.0025249579921364784,0.0027572500985115767,3,4653,,,,7.5
er_n26_p0.3_s1_random,er,26,104,0.3,1,random,bk_pivot_bit,1,224,0.0008307078387588263,0.0008207918144762516,0.0008341248612850904,3,996,,,,7.1
er_n26_p0.3_s1_random,er,26,104,0.3,1,random,bk_tomita_bit,1,224,0.0007832080591470003,0.000777499983087182,0.0007937080226838589,3,528,,,,7.8
er_n26_p0.3_s1_native,er,26,104,0.3,1,native,bk_basic,0,224,0.0034634589683264494,0.0034056250005960464,0.003701167181134224,3,4653,3838,0,0,44.2
er_n26_p0.3_s1_native,er,26,104,0.3,1,native,bk_pivot,0,224,0.0010375420097261667,0.0009674159809947014,0.001089584082365036,3,996,289,2911,0,42.3
er_n26_p0.3_s1_native,er,26,104,0.3,1,native,bk_tomita,0,224,0.0009572498966008425,0.0009503329638391733,0.0010294169187545776,3,528,16,1218,1218,43.8
er_n26_p0.3_s1_native,er,26,104,0.3,1,native,bk_pivot_p,0,224,0.00108149996958673,0.0010484170634299517,0.001150541938841343,3,1163,464,2057,0,42.3
er_n26_p0.3_s1_native,er,26,104,0.3,1,native,bk_ikgp,0,224,0.0012631670106202364,0.0012458749115467072,0.001307375030592084,3,721,197,1436,1436,43.8
er_n26_p0.3_s1_native,er,26,104,0.3,1,native,bk_basic_bit,1,224,0.002414833987131715,0.002392292022705078,0.0024301670491695404,3,4653,,,,7.5
er_n26_p0.3_s1_native,er,26,104,0.3,1,native,bk_pivot_bit,1,224,0.0008242500480264425,0.0008207499049603939,0.0008319590706378222,3,996,,,,7.1
er_n26_p0.3_s1_native,er,26,104,0.3,1,native,bk_tomita_bit,1,224,0.0007807498332113028,0.0007786250207573175,0.0007912090513855219,3,528,,,,7.8
er_n26_p0.3_s1_degeneracy,er,26,104,0.3,1,degeneracy,bk_basic,0,224,0.003339999821037054,0.003261416917666793,0.0034863329492509365,3,4653,4015,0,0,44.3
er_n26_p0.3_s1_degeneracy,er,26,104,0.3,1,degeneracy,bk_pivot,0,224,0.0006210831925272942,0.0005859998054802418,0.0006669580470770597,3,635,70,1492,0,43.9
er_n26_p0.3_s1_degeneracy,er,26,104,0.3,1,degeneracy,bk_tomita,0,224,0.0009055000264197588,0.0008687910158187151,0.0009649579878896475,3,510,14,1204,1204,43.9
er_n26_p0.3_s1_degeneracy,er,26,104,0.3,1,degeneracy,bk_pivot_p,0,224,0.000883542001247406,0.0008512500207871199,0.0010534999892115593,3,957,375,1666,0,43.9
er_n26_p0.3_s1_degeneracy,er,26,104,0.3,1,degeneracy,bk_ikgp,0,224,0.0014517500530928373,0.0013977920170873404,0.0015037499833852053,3,718,213,1432,1432,43.9
er_n26_p0.3_s1_degeneracy,er,26,104,0.3,1,degeneracy,bk_basic_bit,1,224,0.002747457940131426,0.0025989171117544174,0.0027835420332849026,3,4653,,,,7.5
er_n26_p0.3_s1_degeneracy,er,26,104,0.3,1,degeneracy,bk_pivot_bit,1,224,0.0009356250520795584,0.0009280410595238209,0.0009530831594020128,3,996,,,,7.1
er_n26_p0.3_s1_degeneracy,er,26,104,0.3,1,degeneracy,bk_tomita_bit,1,224,0.0008631250821053982,0.0008581660222262144,0.000882208114489913,3,528,,,,7.8
er_n26_p0.5_s1_random,er,26,166,0.5,1,random,bk_basic,0,109,0.0005970420315861702,0.000555375125259161,0.0007030409760773182,3,746,462,0,0,32.5
er_n26_p0.5_s1_random,er,26,166,0.5,1,random,bk_pivot,0,109,0.0003002078738063574,0.0002870839089155197,0.0003487500362098217,3,292,28,598,0,31.3
er_n26_p0.5_s1_random,er,26,166,0.5,1,random,bk_tomita,0,109,0.0003289170563220978,0.0003135830629616976,0.00036625005304813385,3,213,4,419,419,32.3
er_n26_p0.5_s1_random,er,26,166,0.5,1,random,bk_pivot_p,0,109,0.00028508296236395836,0.00027670920826494694,0.00030608405359089375,3,316,49,496,0,31.3
er_n26_p0.5_s1_random,er,26,166,0.5,1,random,bk_ikgp,0,109,0.00033804099075496197,0.00033120810985565186,0.00035437499172985554,3,231,22,402,402,32.3
er_n26_p0.5_s1_random,er,26,166,0.5,1,random,bk_basic_bit,1,109,0.00047624995931982994,0.00045254197902977467,0.00048620812594890594,3,746,,,,6.5
er_n26_p0.5_s1_random,er,26,166,0.5,1,random,bk_pivot_bit,1,109,0.00034374999813735485,0.0003315410576760769,0.0003580409102141857,3,367,,,,6.3
er_n26_p0.5_s1_random,er,26,166,0.5,1,random,bk_tomita_bit,1,109,0.00035258405841886997,0.00035204202868044376,0.0003619168419390917,3,224,,,,6.9
er_n26_p0.5_s1_native,er,26,166,0.5,1,native,bk_basic,0,109,0.0005862908437848091,0.0005324590019881725,0.0006582089699804783,3,746,468,0,0,31.5
er_n26_p0.5_s1_native,er,26,166,0.5,1,native,bk_pivot,0,109,0.00039291614666581154,0.00038704206235706806,0.0005253329873085022,3,367,105,848,0,33.0
er_n26_p0.5_s1_native,er,26,166,0.5,1,native,bk_tomita,0,109,0.00040374998934566975,0.0003934998530894518,0.00047816592268645763,3,224,10,454,454,32.8
er_n26_p0.5_s1_native,er,26,166,0.5,1,native,bk_pivot_p,0,109,0.00040316605009138584,0.0003819589037448168,0.0004421249032020569,3,378,121,571,0,32.5
er_n26_p0.5_s1_native,er,26,166,0.5,1,native,bk_ikgp,0,109,0.00042208400554955006,0.0004067497793585062,0.00045983283780515194,3,239,24,414,414,32.8
er_n26_p0.5_s1_native,er,26,166,0.5,1,native,bk_basic_bit,1,109,0.0005487080197781324,0.0005353749729692936,0.0005717920139431953,3,746,,,,6.5
er_n26_p0.5_s1_native,er,26,166,0.5,1,native,bk_pivot_bit,1,109,0.00036174990236759186,0.0003463330212980509,0.0003697499632835388,3,367,,,,6.3
er_n26_p0.5_s1_native,er,26,166,0.5,1,native,bk_tomita_bit,1,109,0.0003721248358488083,0.00035624997690320015,0.000395334092900157,3,224,,,,6.9
er_n26_p0.5_s1_degeneracy,er,26,166,0.5,1,degeneracy,bk_basic,0,109,0.0005291251000016928,0.000490209087729454,0.0006075829733163118,3,746,501,0,0,32.5
er_n26_p0.5_s1_degeneracy,er,26,166,0.5,1,degeneracy,bk_pivot,0,109,0.0002310420386493206,0.00022170902229845524,0.00026466697454452515,3,249,27,483,0,32.3
er_n26_p0.5_s1_degeneracy,er,26,166,0.5,1,degeneracy,bk_tomita,0,109,0.0003514590207487345,0.0003404580056667328,0.0003871670924127102,3,222,10,446,446,32.3
er_n26_p0.5_s1_degeneracy,er,26,166,0.5,1,degeneracy,bk_pivot_p,0,109,0.00022883410565555096,0.00022491579875349998,0.0002435001078993082,3,268,46,422,0,32.3
er_n26_p0.5_s1_degeneracy,er,26,166,0.5,1,degeneracy,bk_ikgp,0,109,0.00032279198057949543,0.00031645921990275383,0.0003287498839199543,3,236,23,405,405,32.3
er_n26_p0.5_s1_degeneracy,er,26,166,0.5,1,degeneracy,bk_basic_bit,1,109,0.000435458030551672,0.00043058302253484726,0.00044575007632374763,3,746,,,,6.5
er_n26_p0.5_s1_degeneracy,er,26,166,0.5,1,degeneracy,bk_pivot_bit,1,109,0.00031708297319710255,0.00031466688960790634,0.0003267920110374689,3,367,,,,6.3
er_n26_p0.5_s1_degeneracy,er,26,166,0.5,1,degeneracy,bk_tomita_bit,1,109,0.0003197910264134407,0.0003154999576508999,0.00032654195092618465,3,224,,,,6.9
er_n26_p0.7_s1_random,er,26,229,0.7,1,random,bk_basic,0,49,0.000171625055372715,0.00015895883552730083,0.00020958390086889267,3,213,103,0,0,27.7
er_n26_p0.7_s1_random,er,26,229,0.7,1,random,bk_pivot,0,49,0.00012679211795330048,0.00012424984015524387,0.0001411670818924904,3,128,20,224,0,27.6
er_n26_p0.7_s1_random,er,26,229,0.7,1,random,bk_tomita,0,49,0.00017312518320977688,0.00016175000928342342,0.00018804194405674934,3,108,9,201,201,28.3
er_n26_p0.7_s1_random,er,26,229,0.7,1,random,bk_pivot_p,0,49,0.0001277918927371502,0.00012258393689990044,0.0001349588856101036,3,137,28,178,0,27.6
er_n26_p0.7_s1_random,er,26,229,0.7,1,random,bk_ikgp,0,49,0.00015758303925395012,0.00015483307652175426,0.0001632501371204853,3,115,16,172,172,28.3
er_n26_p0.7_s1_random,er,26,229,0.7,1,random,bk_basic_bit,1,49,0.00015849992632865906,0.00015204213559627533,0.00016154185868799686,3,213,,,,5.6
er_n26_p0.7_s1_random,er,26,229,0.7,1,random,bk_pivot_bit,1,49,0.00014245789498090744,0.0001379160676151514,0.00014266697689890862,3,140,,,,5.4
er_n26_p0.7_s1_random,er,26,229,0.7,1,random,bk_tomita_bit,1,49,0.00015645800158381462,0.0001527499407529831,0.00015770900063216686,3,101,,,,5.9
er_n26_p0.7_s1_native,er,26,229,0.7,1,native,bk_basic,0,49,0.00016820780001580715,0.00015925010666251183,0.00020208396017551422,3,213,111,0,0,28.4
er_n26_p0.7_s1_native,er,26,229,0.7,1,native,bk_pivot,0,49,0.00013633305206894875,0.00013062497600913048,0.00015304097905755043,3,140,34,252,0,27.8
er_n26_p0.7_s1_native,er,26,229,0.7,1,native,bk_tomita,0,49,0.00015591713599860668,0.00015254109166562557,0.00017345789819955826,3,101,8,182,182,28.3
er_n26_p0.7_s1_native,er,26,229,0.7,1,native,bk_pivot_p,0,49,0.00012916699051856995,0.00012754090130329132,0.000134333036839962,3,144,40,190,0,28.3
er_n26_p0.7_s1_native,er,26,229,0.7,1,native,bk_ikgp,0,49,0.00015158392488956451,0.00014983303844928741,0.00015624985098838806,3,112,19,160,160,28.3
er_n26_p0.7_s1_native,er,26,229,0.7,1,native,bk_basic_bit,1,49,0.00016033300198614597,0.00015295809134840965,0.00016233394853770733,3,213,,,,5.6
er_n26_p0.7_s1_native,er,26,229,0.7,1,native,bk_pivot_bit,1,49,0.00014050002209842205,0.00013816705904901028,0.00014291680417954922,3,140,,,,5.4
er_n26_p0.7_s1_native,er,26,229,0.7,1,native,bk_tomita_bit,1,49,0.0001529159490019083,0.00015125004574656487,0.00015695905312895775,3,101,,,,5.9
er_n26_p0.7_s1_degeneracy,er,26,229,0.7,1,degeneracy,bk_basic,0,49,0.00017404090613126755,0.00015699979849159718,0.0003973341081291437,3,213,114,0,0,27.7
er_n26_p0.7_s1_degeneracy,er,26,229,0.7,1,degeneracy,bk_pivot,0,49,0.00011354195885360241,0.00010962504893541336,0.00012900005094707012,3,115,16,190,0,27.6
er_n26_p0.7_s1_degeneracy,er,26,229,0.7,1,degeneracy,bk_tomita,0,49,0.00021995906718075275,0.00016724993474781513,0.0002721250057220459,3,101,9,178,178,27.8
er_n26_p0.7_s1_degeneracy,er,26,229,0.7,1,degeneracy,bk_pivot_p,0,49,0.00011708401143550873,0.00011116685345768929,0.00012537511065602303,3,122,23,163,0,27.6
er_n26_p0.7_s1_degeneracy,er,26,229,0.7,1,degeneracy,bk_ikgp,0,49,0.00017195800319314003,0.00015400000847876072,0.0001911658328026533,3,111,19,159,159,27.8
er_n26_p0.7_s1_degeneracy,er,26,229,0.7,1,degeneracy,bk_basic_bit,1,49,0.0001582498662173748,0.00015249988064169884,0.0001699170097708702,3,213,,,,5.6
er_n26_p0.7_s1_degeneracy,er,26,229,0.7,1,degeneracy,bk_pivot_bit,1,49,0.00013770791701972485,0.00013654190115630627,0.00014412496238946915,3,140,,,,5.4
er_n26_p0.7_s1_degeneracy,er,26,229,0.7,1,degeneracy,bk_tomita_bit,1,49,0.0001546668354421854,0.0001507920678704977,0.00015924987383186817,3,101,,,,5.9
er_n26_p0.3_s2_random,er,26,95,0.3,2,random,bk_basic,0,195,0.005902083124965429,0.0058373750653117895,0.006095957942306995,3,7915,7135,0,0,45.3
er_n26_p0.3_s2_random,er,26,95,0.3,2,random,bk_pivot,0,195,0.0009539581369608641,0.0009065000340342522,0.0010231251362711191,3,906,221,2899,0,45.2
er_n26_p0.3_s2_random,er,26,95,0.3,2,random,bk_tomita,0,195,0.0009930420201271772,0.0009796658996492624,0.0010748750064522028,3,506,13,1307,1307,46.9
er_n26_p0.3_s2_random,er,26,95,0.3,2,random,bk_pivot_p,0,195,0.00128454202786088,0.0012494581751525402,0.0013402081094682217,3,1377,681,2704,0,45.1
er_n26_p0.3_s2_random,er,26,95,0.3,2,random,bk_ikgp,0,195,0.0010445420630276203,0.0010015410371124744,0.0011039578821510077,3,591,99,1327,1327,46.9
er_n26_p0.3_s2_random,er,26,95,0.3,2,random,bk_basic_bit,1,195,0.0035692499950528145,0.0035305831115692854,0.0035710001830011606,3,7915,,,,7.9
er_n26_p0.3_s2_random,er,26,95,0.3,2,random,bk_pivot_bit,1,195,0.0007114589679986238,0.0007057078182697296,0.0007271659560501575,3,844,,,,7.5
er_n26_p0.3_s2_random,er,26,95,0.3,2,random,bk_tomita_bit,1,195,0.0007647091988474131,0.0007626251317560673,0.0007737919222563505,3,507,,,,8.3
er_n26_p0.3_s2_native,er,26,95,0.3,2,native,bk_basic,0,195,0.005828833905979991,0.0057650001253932714,0.006020334083586931,3,7915,7100,0,0,45.5
er_n26_p0.3_s2_native,er,26,95,0.3,2,native,bk_pivot,0,195,0.0008303751237690449,0.0008184169419109821,0.0009372499771416187,3,844,150,2250,0,45.1
er_n26_p0.3_s2_native,er,26,95,0.3,2,native,bk_tomita,0,195,0.000988083891570568,0.0009510419331490993,0.0010737499687820673,3,507,15,1312,1312,47.1
er_n26_p0.3_s2_native,er,26,95,0.3,2,native,bk_pivot_p,0,195,0.0008965409360826015,0.0008872498292475939,0.0009327500592917204,3,972,271,1992,0,45.1
er_n26_p0.3_s2_native,er,26,95,0.3,2,native,bk_ikgp,0,195,0.0009933339897543192,0.0009778751991689205,0.0010393750853836536,3,576,81,1277,1277,47.1
er_n26_p0.3_s2_native,er,26,95,0.3,2,native,bk_basic_bit,1,195,0.0035323749762028456,0.0035314171109348536,0.003544291015714407,3,7915,,,,7.9
er_n26_p0.3_s2_native,er,26,95,0.3,2,native,bk_pivot_bit,1,195,0.0007072919979691505,0.0007022079080343246,0.0007198329549282789,3,844,,,,7.5
er_n26_p0.3_s2_native,er,26,95,0.3,2,native,bk_tomita_bit,1,195,0.0007636668160557747,0.0007607501465827227,0.0007694591768085957,3,507,,,,8.3
er_n26_p0.3_s2_degeneracy,er,26,95,0.3,2,degeneracy,bk_basic,0,195,0.005705750081688166,0.005608708132058382,0.005924375029280782,3,7915,7251,0,0,47.6
er_n26_p0.3_s2_degeneracy,er,26,95,0.3,2,degeneracy,bk_pivot,0,195,0.0006200829520821571,0.0005979170091450214,0.0006843330338597298,3,644,77,1560,0,47.1
er_n26_p0.3_s2_degeneracy,er,26,95,0.3,2,degeneracy,bk_tomita,0,195,0.0009758749511092901,0.0009251250885426998,0.001041957875713706,3,511,17,1302,1302,46.9
er_n26_p0.3_s2_degeneracy,er,26,95,0.3,2,degeneracy,bk_pivot_p,0,195,0.000794833991676569,0.0007891659624874592,0.0008375418838113546,3,898,316,1670,0,47.1
er_n26_p0.3_s2_degeneracy,er,26,95,0.3,2,degeneracy,bk_ikgp,0,195,0.0010460419580340385,0.001017916016280651,0.001092416001483798,3,630,127,1354,1354,46.9
er_n26_p0.3_s2_degeneracy,er,26,95,0.3,2,degeneracy,bk_basic_bit,1,195,0.0035590839106589556,0.0035548328887671232,0.0035834170412272215,3,7915,,,,7.9
er_n26_p0.3_s2_degeneracy,er,26,95,0.3,2,degeneracy,bk_pivot_bit,1,195,0.0007029578555375338,0.0007019999902695417,0.0007162911351770163,3,844,,,,7.5
er_n26_p0.3_s2_degeneracy,er,26,95,0.3,2,degeneracy,bk_tomita_bit,1,195,0.0007595841307193041,0.0007567089051008224,0.0007699998095631599,3,507,,,,8.3
er_n26_p0.5_s2_random,er,26,158,0.5,2,random,bk_basic,0,122,0.0007107499986886978,0.0006989999674260616,0.0007439171895384789,3,848,520,0,0,31.7
er_n26_p0.5_s2_random,er,26,158,0.5,2,random,bk_pivot,0,122,0.0003784580621868372,0.00035929190926253796,0.0004238749388605356,3,409,99,929,0,31.8
er_n26_p0.5_s2_random,er,26,158,0.5,2,random,bk_tomita,0,122,0.0004245841410011053,0.00040200003422796726,0.00046545802615582943,3,265,13,561,561,32.0
er_n26_p0.5_s2_random,er,26,158,0.5,2,random,bk_pivot_p,0,122,0.0004137079231441021,0.0004049160052090883,0.00044599990360438824,3,491,172,712,0,32.0
er_n26_p0.5_s2_random,er,26,158,0.5,2,random,bk_ikgp,0,122,0.0004360000602900982,0.0004284998867660761,0.00045125000178813934,3,324,70,538,538,32.0
er_n26_p0.5_s2_random,er,26,158,0.5,2,random,bk_basic_bit,1,122,0.0005157499108463526,0.0005053330678492785,0.000518792076036334,3,848,,,,6.5
er_n26_p0.5_s2_random,er,26,158,0.5,2,random,bk_pivot_bit,1,122,0.00034370901994407177,0.0003379171248525381,0.0003500839229673147,3,376,,,,6.3
er_n26_p0.5_s2_random,er,26,158,0.5,2,random,bk_tomita_bit,1,122,0.0003823328297585249,0.000382124911993742,0.00039029214531183243,3,271,,,,6.9
er_n26_p0.5_s2_native,er,26,158,0.5,2,native,bk_basic,0,122,0.0006567910313606262,0.0006134998984634876,0.0007834588177502155,3,848,509,0,0,31.9
er_n26_p0.5_s2_native,er,26,158,0.5,2,native,bk_pivot,0,122,0.00034783314913511276,0.00032899994403123856,0.00039295805618166924,3,376,74,835,0,31.4
er_n26_p0.5_s2_native,er,26,158,0.5,2,native,bk_tomita,0,122,0.0004282919690012932,0.00040845898911356926,0.0004728750791400671,3,271,16,576,576,31.8
er_n26_p0.5_s2_native,er,26,158,0.5,2,native,bk_pivot_p,0,122,0.00045883399434387684,0.0004264158196747303,0.00048091704957187176,3,428,123,634,0,31.4
er_n26_p0.5_s2_native,er,26,158,0.5,2,native,bk_ikgp,0,122,0.0005105000454932451,0.0004925420507788658,0.00059720897115767,3,310,51,527,527,31.8
er_n26_p0.5_s2_native,er,26,158,0.5,2,native,bk_basic_bit,1,122,0.0006082500331103802,0.0005652499385178089,0.0006084998603910208,3,848,,,,6.5
er_n26_p0.5_s2_native,er,26,158,0.5,2,native,bk_pivot_bit,1,122,0.00047808303497731686,0.00037066685035824776,0.0004880828782916069,3,376,,,,6.3
er_n26_p0.5_s2_native,er,26,158,0.5,2,native,bk_tomita_bit,1,122,0.0004655420780181885,0.0004504169337451458,0.0005009160377085209,3,271,,,,6.9
er_n26_p0.5_s2_degeneracy,er,26,158,0.5,2,degeneracy,bk_basic,0,122,0.0007260830607265234,0.0005847080610692501,0.0007763751782476902,3,848,549,0,0,32.0
er_n26_p0.5_s2_degeneracy,er,26,158,0.5,2,degeneracy,bk_pivot,0,122,0.0003790410701185465,0.00036450009793043137,0.0004192921333014965,3,339,69,681,0,31.8
er_n26_p0.5_s2_degeneracy,er,26,158,0.5,2,degeneracy,bk_tomita,0,122,0.0005105000454932451,0.00047983299009501934,0.0005524998996406794,3,267,14,565,565,31.8
er_n26_p0.5_s2_degeneracy,er,26,158,0.5,2,degeneracy,bk_pivot_p,0,122,0.00037062494084239006,0.0003235829062759876,0.0004126247949898243,3,386,113,572,0,31.8
er_n26_p0.5_s2_degeneracy,er,26,158,0.5,2,degeneracy,bk_ikgp,0,122,0.0005189578514546156,0.0005088751204311848,0.0005317081231623888,3,328,70,533,533,31.8
er_n26_p0.5_s2_degeneracy,er,26,158,0.5,2,degeneracy,bk_basic_bit,1,122,0.00060458411462605,0.0005991249345242977,0.0006216249894350767,3,848,,,,6.5
er_n26_p0.5_s2_degeneracy,er,26,158,0.5,2,degeneracy,bk_pivot_bit,1,122,0.00042116688564419746,0.00041870796121656895,0.00042150006629526615,3,376,,,,6.3
er_n26_p0.5_s2_degeneracy,er,26,158,0.5,2,degeneracy,bk_tomita_bit,1,122,0.00038162502460181713,0.0003792080096900463,0.0003895831760019064,3,271,,,,6.9
er_n26_p0.7_s2_random,er,26,223,0.7,2,random,bk_basic,0,64,0.00018341699615120888,0.0001694587990641594,0.00022208294831216335,3,224,86,0,0,28.1
er_n26_p0.7_s2_random,er,26,223,0.7,2,random,bk_pivot,0,64,0.00015254179015755653,0.00014691706746816635,0.0001697090920060873,3,159,25,307,0,28.1
er_n26_p0.7_s2_random,er,26,223,0.7,2,random,bk_tomita,0,64,0.0001812910195440054,0.0001744171604514122,0.00020141713321208954,3,122,5,224,224,28.0
er_n26_p0.7_s2_random,er,26,223,0.7,2,random,bk_pivot_p,0,64,0.00015620910562574863,0.0001510828733444214,0.00016079191118478775,3,177,41,216,0,28.1
er_n26_p0.7_s2_random,er,26,223,0.7,2,random,bk_ikgp,0,64,0.0001794169656932354,0.00017433403991162777,0.00018408289179205894,3,137,20,194,194,28.0
er_n26_p0.7_s2_random,er,26,223,0.7,2,random,bk_basic_bit,1,64,0.00017341598868370056,0.00016720895655453205,0.00017612497322261333,3,224,,,,4.7
er_n26_p0.7_s2_random,er,26,223,0.7,2,random,bk_pivot_bit,1,64,0.00016408413648605347,0.0001585830468684435,0.0001752499956637621,3,151,,,,4.6
er_n26_p0.7_s2_random,er,26,223,0.7,2,random,bk_tomita_bit,1,64,0.0001793750561773777,0.00017850007861852646,0.00018454203382134438,3,122,,,,4.9
er_n26_p0.7_s2_native,er,26,223,0.7,2,native,bk_basic,0,64,0.0001748749054968357,0.00016270787455141544,0.00020929216407239437,3,224,84,0,0,28.1
er_n26_p0.7_s2_native,er,26,223,0.7,2,native,bk_pivot,0,64,0.00014424999244511127,0.00013774982653558254,0.00016333302482962608,3,151,20,282,0,28.0
er_n26_p0.7_s2_native,er,26,223,0.7,2,native,bk_tomita,0,64,0.00020183296874165535,0.0001805420033633709,0.00020700017921626568,3,122,7,224,224,28.0
er_n26_p0.7_s2_native,er,26,223,0.7,2,native,bk_pivot_p,0,64,0.000136291841045022,0.00013341708108782768,0.00014387513510882854,3,154,23,208,0,28.0
er_n26_p0.7_s2_native,er,26,223,0.7,2,native,bk_ikgp,0,64,0.00016791606321930885,0.00016416702419519424,0.00017395778559148312,3,128,13,189,189,28.0
er_n26_p0.7_s2_native,er,26,223,0.7,2,native,bk_basic_bit,1,64,0.00016945903189480305,0.00016695796512067318,0.00017754198051989079,3,224,,,,4.7
er_n26_p0.7_s2_native,er,26,223,0.7,2,native,bk_pivot_bit,1,64,0.00018162489868700504,0.00017875013872981071,0.0001888750120997429,3,151,,,,4.6
er_n26_p0.7_s2_native,er,26,223,0.7,2,native,bk_tomita_bit,1,64,0.00022320798598229885,0.00020862487144768238,0.00023154099471867085,3,122,,,,4.9
er_n26_p0.7_s2_degeneracy,er,26,223,0.7,2,degeneracy,bk_basic,0,64,0.00026712496764957905,0.0002657498698681593,0.0002797078341245651,3,224,110,0,0,27.7
er_n26_p0.7_s2_degeneracy,er,26,223,0.7,2,degeneracy,bk_pivot,0,64,0.00020466698333621025,0.00016058282926678658,0.00022037513554096222,3,128,15,219,0,27.5
er_n26_p0.7_s2_degeneracy,er,26,223,0.7,2,degeneracy,bk_tomita,0,64,0.0001987079158425331,0.00019362499006092548,0.0002645000349730253,3,123,11,220,220,27.5
er_n26_p0.7_s2_degeneracy,er,26,223,0.7,2,degeneracy,bk_pivot_p,0,64,0.00014350004494190216,0.00014133285731077194,0.00014816690236330032,3,142,29,191,0,27.5
er_n26_p0.7_s2_degeneracy,er,26,223,0.7,2,degeneracy,bk_ikgp,0,64,0.00017158291302621365,0.00016850000247359276,0.00017316685989499092,3,138,26,191,191,27.5
er_n26_p0.7_s2_degeneracy,er,26,223,0.7,2,degeneracy,bk_basic_bit,1,64,0.00017187511548399925,0.00016541685909032822,0.00018583307974040508,3,224,,,,4.7
er_n26_p0.7_s2_degeneracy,er,26,223,0.7,2,degeneracy,bk_pivot_bit,1,64,0.0001496670302003622,0.00014833291061222553,0.00015579117462038994,3,151,,,,4.6
er_n26_p0.7_s2_degeneracy,er,26,223,0.7,2,degeneracy,bk_tomita_bit,1,64,0.00023041688837110996,0.00021837488748133183,0.00030820793472230434,3,122,,,,4.9
ba_n26_m3_s1_random,ba,26,69,nan,1,random,bk_basic,0,363,0.04036016692407429,0.03639162518084049,0.041547708911821246,3,44852,43288,0,0,59.2
ba_n26_m3_s1_random,ba,26,69,nan,1,random,bk_pivot,0,363,0.0020582920406013727,0.0019249580800533295,0.0020601670257747173,3,1802,390,6761,0,57.7
ba_n26_m3_s1_random,ba,26,69,nan,1,random,bk_tomita,0,363,0.0013751250226050615,0.0013096670154482126,0.0014855419285595417,3,747,0,1786,1786,60.8
ba_n26_m3_s1_random,ba,26,69,nan,1,random,bk_pivot_p,0,363,0.003851792076602578,0.0038340419996529818,0.0040565000381320715,3,3792,2372,9567,0,57.7
ba_n26_m3_s1_random,ba,26,69,nan,1,random,bk_ikgp,0,363,0.0014019159134477377,0.0013503748923540115,0.0014999168924987316,3,785,36,1792,1792,60.8
ba_n26_m3_s1_random,ba,26,69,nan,1,random,bk_basic_bit,1,363,0.019135958049446344,0.01912529207766056,0.019427582854405046,3,44852,,,,8.9
ba_n26_m3_s1_random,ba,26,69,nan,1,random,bk_pivot_bit,1,363,0.0014579999260604382,0.0014477921649813652,0.001482292078435421,3,1740,,,,8.4
ba_n26_m3_s1_random,ba,26,69,nan,1,random,bk_tomita_bit,1,363,0.0013095831964164972,0.001301957992836833,0.001319583971053362,3,801,,,,9.3
ba_n26_m3_s1_native,ba,26,69,nan,1,native,bk_basic,0,363,0.033210041001439095,0.03301754198037088,0.03334420779719949,3,44852,43340,0,0,59.2
ba_n26_m3_s1_native,ba,26,69,nan,1,native,bk_pivot,0,363,0.0022389169316738844,0.0018537919968366623,0.0022980000358074903,3,1740,381,6011,0,58.4
ba_n26_m3_s1_native,ba,26,69,nan,1,native,bk_tomita,0,363,0.0017667498905211687,0.0016181671526283026,0.001861749915406108,3,801,0,2036,2036,59.8
ba_n26_m3_s1_native,ba,26,69,nan,1,native,bk_pivot_p,0,363,0.0038840421475470066,0.003825291059911251,0.003984958864748478,3,3656,2198,8408,0,58.8
ba_n26_m3_s1_native,ba,26,69,nan,1,native,bk_ikgp,0,363,0.0018658330664038658,0.0016567909624427557,0.0022482089698314667,3,863,63,2082,2082,59.8
ba_n26_m3_s1_native,ba,26,69,nan,1,native,bk_basic_bit,1,363,0.02334762504324317,0.021919459104537964,0.02454895805567503,3,44852,,,,8.9
ba_n26_m3_s1_native,ba,26,69,nan,1,native,bk_pivot_bit,1,363,0.0014620409347116947,0.001456208061426878,0.0014765840023756027,3,1740,,,,8.4
ba_n26_m3_s1_native,ba,26,69,nan,1,native,bk_tomita_bit,1,363,0.0013058329932391644,0.00130191701464355,0.0013210419565439224,3,801,,,,9.3
ba_n26_m3_s1_degeneracy,ba,26,69,nan,1,degeneracy,bk_basic,0,363,0.03483262495137751,0.033123624976724386,0.03518204088322818,3,44852,43657,0,0,59.9
ba_n26_m3_s1_degeneracy,ba,26,69,nan,1,degeneracy,bk_pivot,0,363,0.0009305840358138084,0.0009092090185731649,0.0009969999082386494,3,992,10,2380,0,59.3
ba_n26_m3_s1_degeneracy,ba,26,69,nan,1,degeneracy,bk_tomita,0,363,0.0014083751011639833,0.0013707501348108053,0.0014862078242003918,3,772,2,1892,1892,59.8
ba_n26_m3_s1_degeneracy,ba,26,69,nan,1,degeneracy,bk_pivot_p,0,363,0.001078957924619317,0.0010613331105560064,0.0011238749139010906,3,1178,189,2628,0,59.3
ba_n26_m3_s1_degeneracy,ba,26,69,nan,1,degeneracy,bk_ikgp,0,363,0.0014934169594198465,0.001486457884311676,0.0015263750683516264,3,855,76,2050,2050,59.8
ba_n26_m3_s1_degeneracy,ba,26,69,nan,1,degeneracy,bk_basic_bit,1,363,0.019050499889999628,0.018992458004504442,0.019132333109155297,3,44852,,,,8.9
ba_n26_m3_s1_degeneracy,ba,26,69,nan,1,degeneracy,bk_pivot_bit,1,363,0.0014549170155078173,0.0014521658886224031,0.001466916874051094,3,1740,,,,8.4
ba_n26_m3_s1_degeneracy,ba,26,69,nan,1,degeneracy,bk_tomita_bit,1,363,0.0013142910320311785,0.0013127918355166912,0.0013225420843809843,3,801,,,,9.3
ba_n26_m3_s2_random,ba,26,69,nan,2,random,bk_basic,0,255,0.02336370898410678,0.0231371249537915,0.023541459115222096,3,29623,28327,0,0,52.9
ba_n26_m3_s2_random,ba,26,69,nan,2,random,bk_pivot,0,255,0.0019541250076144934,0.0019455419387668371,0.0021153748966753483,3,1698,626,6528,0,51.7
ba_n26_m3_s2_random,ba,26,69,nan,2,random,bk_tomita,0,255,0.0011176669504493475,0.001063707983121276,0.0013036660384386778,3,574,1,1463,1463,53.3
ba_n26_m3_s2_random,ba,26,69,nan,2,random,bk_pivot_p,0,255,0.0024844580329954624,0.0023677500430494547,0.002526415977627039,3,2327,1197,5594,0,51.7
ba_n26_m3_s2_random,ba,26,69,nan,2,random,bk_ikgp,0,255,0.0015446250326931477,0.0014132498763501644,0.0015732920728623867,3,574,1,1455,1455,53.3
ba_n26_m3_s2_random,ba,26,69,nan,2,random,bk_basic_bit,1,255,0.014354666927829385,0.014334541046991944,0.016354500083252788,3,29623,,,,8.9
ba_n26_m3_s2_random,ba,26,69,nan,2,random,bk_pivot_bit,1,255,0.0009052080567926168,0.0008939171675592661,0.0009200421627610922,3,1026,,,,8.4
ba_n26_m3_s2_random,ba,26,69,nan,2,random,bk_tomita_bit,1,255,0.0009087920188903809,0.0009013330563902855,0.0009092502295970917,3,577,,,,9.3
ba_n26_m3_s2_native,ba,26,69,nan,2,native,bk_basic,0,255,0.022309750085696578,0.02201566705480218,0.023155540926381946,3,29623,28715,0,0,54.0
ba_n26_m3_s2_native,ba,26,69,nan,2,native,bk_pivot,0,255,0.0011889589950442314,0.0011348340194672346,0.0013378330040723085,3,1026,183,3124,0,53.2
ba_n26_m3_s2_native,ba,26,69,nan,2,native,bk_tomita,0,255,0.0010947079863399267,0.0010602499824017286,0.0011732499115169048,3,577,1,1438,1438,53.3
ba_n26_m3_s2_native,ba,26,69,nan,2,native,bk_pivot_p,0,255,0.0037904169876128435,0.003699749941006303,0.003910416970029473,3,3890,3010,7763,0,53.2
ba_n26_m3_s2_native,ba,26,69,nan,2,native,bk_ikgp,0,255,0.0011465838178992271,0.0010969580616801977,0.0012159161269664764,3,577,1,1433,1433,53.3
ba_n26_m3_s2_native,ba,26,69,nan,2,native,bk_basic_bit,1,255,0.012552875094115734,0.01252470794133842,0.012769874883815646,3,29623,,,,8.9
ba_n26_m3_s2_native,ba,26,69,nan,2,native,bk_pivot_bit,1,255,0.0009076669812202454,0.0009001248981803656,0.0009083340410143137,3,1026,,,,8.4
ba_n26_m3_s2_native,ba,26,69,nan,2,native,bk_tomita_bit,1,255,0.0009104590862989426,0.0009039998985826969,0.0009168749675154686,3,577,,,,9.3
ba_n26_m3_s2_degeneracy,ba,26,69,nan,2,degeneracy,bk_basic,0,255,0.021626458037644625,0.02157724997960031,0.021794250002130866,3,29623,28728,0,0,53.9
ba_n26_m3_s2_degeneracy,ba,26,69,nan,2,degeneracy,bk_pivot,0,255,0.000677832867950201,0.0006507080979645252,0.0007314169779419899,3,705,24,1769,0,53.3
ba_n26_m3_s2_degeneracy,ba,26,69,nan,2,degeneracy,bk_tomita,0,255,0.0010638751555234194,0.0010348749347031116,0.0011367499828338623,3,577,1,1468,1468,53.3
ba_n26_m3_s2_degeneracy,ba,26,69,nan,2,degeneracy,bk_pivot_p,0,255,0.0006645000539720058,0.0006513749249279499,0.000683249905705452,3,720,39,1690,0,53.3
ba_n26_m3_s2_degeneracy,ba,26,69,nan,2,degeneracy,bk_ikgp,0,255,0.0010395830031484365,0.0010296660475432873,0.0010745830368250608,3,591,14,1474,1474,53.3
ba_n26_m3_s2_degeneracy,ba,26,69,nan,2,degeneracy,bk_basic_bit,1,255,0.012728082947432995,0.012712916126474738,0.012729667127132416,3,29623,,,,8.9
ba_n26_m3_s2_degeneracy,ba,26,69,nan,2,degeneracy,bk_pivot_bit,1,255,0.001020458061248064,0.0009139999747276306,0.0010506249964237213,3,1026,,,,8.4
ba_n26_m3_s2_degeneracy,ba,26,69,nan,2,degeneracy,bk_tomita_bit,1,255,0.0010552911553531885,0.0009131671395152807,0.0010626250877976418,3,577,,,,9.3
ws_n26_s1_random,ws,26,78,nan,1,random,bk_basic,0,590,0.004766708007082343,0.004725499777123332,0.005243666935712099,3,5929,4262,0,0,65.1
ws_n26_s1_random,ws,26,78,nan,1,random,bk_pivot,0,590,0.0019377500284463167,0.0017186249606311321,0.0021275838371366262,3,1913,455,4349,0,64.4
ws_n26_s1_random,ws,26,78,nan,1,random,bk_tomita,0,590,0.0017560420092195272,0.0016581250820308924,0.001884582918137312,3,1000,7,1912,1912,65.4
ws_n26_s1_random,ws,26,78,nan,1,random,bk_pivot_p,0,590,0.0021170000545680523,0.0019900829065591097,0.0022835000418126583,3,2236,758,3453,0,64.4
ws_n26_s1_random,ws,26,78,nan,1,random,bk_ikgp,0,590,0.002290750155225396,0.0022892500273883343,0.0023754159919917583,3,1153,152,2056,2056,65.4
ws_n26_s1_random,ws,26,78,nan,1,random,bk_basic_bit,1,590,0.003974625142291188,0.0035384169314056635,0.004003416979685426,3,5929,,,,7.5
ws_n26_s1_random,ws,26,78,nan,1,random,bk_pivot_bit,1,590,0.0014025841373950243,0.001342125004157424,0.0014961250126361847,3,1241,,,,7.1
ws_n26_s1_random,ws,26,78,nan,1,random,bk_tomita_bit,1,590,0.0018005832098424435,0.0016227089799940586,0.001869166037067771,3,1075,,,,7.8
ws_n26_s1_native,ws,26,78,nan,1,native,bk_basic,0,590,0.004237207816913724,0.004075957927852869,0.004337084013968706,3,5929,4747,0,0,64.8
ws_n26_s1_native,ws,26,78,nan,1,native,bk_pivot,0,590,0.0011540420819073915,0.0011167500633746386,0.0012053749524056911,3,1241,107,2555,0,64.3
ws_n26_s1_native,ws,26,78,nan,1,native,bk_tomita,0,590,0.001767332898452878,0.001747374888509512,0.001849208027124405,3,1075,29,2028,2028,65.4
ws_n26_s1_native,ws,26,78,nan,1,native,bk_pivot_p,0,590,0.001355291111394763,0.0013340001460164785,0.0014008749276399612,3,1666,512,2818,0,64.3
ws_n26_s1_native,ws,26,78,nan,1,native,bk_ikgp,0,590,0.001551707973703742,0.0015381250996142626,0.001596124842762947,3,1146,94,2050,2050,65.4
ws_n26_s1_native,ws,26,78,nan,1,native,bk_basic_bit,1,590,0.00310729187913239,0.0031041670590639114,0.003124792128801346,3,5929,,,,7.5
ws_n26_s1_native,ws,26,78,nan,1,native,bk_pivot_bit,1,590,0.0012438748963177204,0.0012328329030424356,0.0012668329291045666,3,1241,,,,7.1
ws_n26_s1_native,ws,26,78,nan,1,native,bk_tomita_bit,1,590,0.0015429169870913029,0.0015370410401374102,0.0015745831187814474,3,1075,,,,7.8
ws_n26_s1_degeneracy,ws,26,78,nan,1,degeneracy,bk_basic,0,590,0.003927167039364576,0.003883332945406437,0.004057375015690923,3,5929,4849,0,0,65.2
ws_n26_s1_degeneracy,ws,26,78,nan,1,degeneracy,bk_pivot,0,590,0.0008628750219941139,0.0008417910430580378,0.0009237078484147787,3,1034,3,1946,0,64.9
ws_n26_s1_degeneracy,ws,26,78,nan,1,degeneracy,bk_tomita,0,590,0.001382916932925582,0.0013391249813139439,0.0013866671361029148,3,970,6,1868,1868,65.4
ws_n26_s1_degeneracy,ws,26,78,nan,1,degeneracy,bk_pivot_p,0,590,0.0010462498757988214,0.0010099171195179224,0.0010476659517735243,3,1256,224,2139,0,64.9
ws_n26_s1_degeneracy,ws,26,78,nan,1,degeneracy,bk_ikgp,0,590,0.0015620419289916754,0.0015258749481290579,0.0015727919526398182,3,1170,205,2053,2053,65.4
ws_n26_s1_degeneracy,ws,26,78,nan,1,degeneracy,bk_basic_bit,1,590,0.003120915964245796,0.0031157080084085464,0.003143582958728075,3,5929,,,,7.5
ws_n26_s1_degeneracy,ws,26,78,nan,1,degeneracy,bk_pivot_bit,1,590,0.0014209998771548271,0.0014136249665170908,0.0014622921589761972,3,1241,,,,7.1
ws_n26_s1_degeneracy,ws,26,78,nan,1,degeneracy,bk_tomita_bit,1,590,0.0018636251334100962,0.0017715829890221357,0.001875125104561448,3,1075,,,,7.8
ws_n26_s2_random,ws,26,78,nan,2,random,bk_basic,0,679,0.0038799999747425318,0.0036287091206759214,0.004258499946445227,3,5022,3239,0,0,68.9
ws_n26_s2_random,ws,26,78,nan,2,random,bk_pivot,0,679,0.001548707950860262,0.0015074580442160368,0.0016385829076170921,3,1609,300,3072,0,69.6
ws_n26_s2_random,ws,26,78,nan,2,random,bk_tomita,0,679,0.001838458003476262,0.0017709999810904264,0.0020198749843984842,3,1121,6,1906,1906,69.6
ws_n26_s2_random,ws,26,78,nan,2,random,bk_pivot_p,0,679,0.002122167032212019,0.002013707999140024,0.0023670829832553864,3,2213,818,3103,0,69.6
ws_n26_s2_random,ws,26,78,nan,2,random,bk_ikgp,0,679,0.0018970000091940165,0.001875000074505806,0.0019804169423878193,3,1255,134,2036,2036,69.6
ws_n26_s2_random,ws,26,78,nan,2,random,bk_basic_bit,1,679,0.002795084146782756,0.0027798342052847147,0.0028278748504817486,3,5022,,,,7.2
ws_n26_s2_random,ws,26,78,nan,2,random,bk_pivot_bit,1,679,0.0012577921152114868,0.0012511250097304583,0.0012746250722557306,3,1222,,,,6.7
ws_n26_s2_random,ws,26,78,nan,2,random,bk_tomita_bit,1,679,0.0015982079785317183,0.0015969581436365843,0.0016001248732209206,3,1130,,,,7.3
ws_n26_s2_native,ws,26,78,nan,2,native,bk_basic,0,679,0.0031883339397609234,0.00315241701900959,0.00335929193533957,3,5022,3810,0,0,70.0
ws_n26_s2_native,ws,26,78,nan,2,native,bk_pivot,0,679,0.0010109159629791975,0.0010052078869193792,0.001031958032399416,3,1222,55,2137,0,69.6
ws_n26_s2_native,ws,26,78,nan,2,native,bk_tomita,0,679,0.0014281671028584242,0.0014225831255316734,0.001476125093176961,3,1130,23,1894,1894,69.6
ws_n26_s2_native,ws,26,78,nan,2,native,bk_pivot_p,0,679,0.0013219581451267004,0.0012287921272218227,0.0013765001203864813,3,1543,340,2464,0,69.6
ws_n26_s2_native,ws,26,78,nan,2,native,bk_ikgp,0,679,0.0015814169310033321,0.0015631250571459532,0.0016240000259131193,3,1264,123,2040,2040,69.6
ws_n26_s2_native,ws,26,78,nan,2,native,bk_basic_bit,1,679,0.0028039589524269104,0.002796958899125457,0.002812958089634776,3,5022,,,,7.2
ws_n26_s2_native,ws,26,78,nan,2,native,bk_pivot_bit,1,679,0.0012630419805645943,0.0012576249428093433,0.001272709108889103,3,1222,,,,6.7
ws_n26_s2_native,ws,26,78,nan,2,native,bk_tomita_bit,1,679,0.0015980000607669353,0.00159287522546947,0.001598999835550785,3,1130,,,,7.3
ws_n26_s2_degeneracy,ws,26,78,nan,2,degeneracy,bk_basic,0,679,0.0032307079527527094,0.003206874942407012,0.0033077921252697706,3,5022,3814,0,0,70.0
ws_n26_s2_degeneracy,ws,26,78,nan,2,degeneracy,bk_pivot,0,679,0.0009674581233412027,0.0009369170293211937,0.0009868750348687172,3,1180,37,1958,0,69.6
ws_n26_s2_degeneracy,ws,26,78,nan,2,degeneracy,bk_tomita,0,679,0.0015067500062286854,0.001488375011831522,0.001644291914999485,3,1150,27,1940,1940,69.6
ws_n26_s2_degeneracy,ws,26,78,nan,2,degeneracy,bk_pivot_p,0,679,0.001038665883243084,0.001022416865453124,0.0010515418834984303,3,1297,153,2076,0,69.6
ws_n26_s2_degeneracy,ws,26,78,nan,2,degeneracy,bk_ikgp,0,679,0.001583124976605177,0.0015716669149696827,0.0016144579276442528,3,1285,142,2070,2070,69.6
ws_n26_s2_degeneracy,ws,26,78,nan,2,degeneracy,bk_basic_bit,1,679,0.0027802500408142805,0.0027772500179708004,0.002795750042423606,3,5022,,,,7.2
ws_n26_s2_degeneracy,ws,26,78,nan,2,degeneracy,bk_pivot_bit,1,679,0.0012658750638365746,0.0012625830713659525,0.001280374825000763,3,1222,,,,6.7
ws_n26_s2_degeneracy,ws,26,78,nan,2,degeneracy,bk_tomita_bit,1,679,0.0015780001413077116,0.0015777088701725006,0.0015882088337093592,3,1130,,,,7.3
er_n28_p0.3_s1_random,er,28,121,0.3,1,random,bk_basic,0,331,0.004319666884839535,0.004272959195077419,0.004524500109255314,3,5802,4733,0,0,57.6
er_n28_p0.3_s1_random,er,28,121,0.3,1,random,bk_pivot,0,331,0.0013821250759065151,0.001345708966255188,0.0014815411996096373,3,1396,383,3731,0,56.8
er_n28_p0.3_s1_random,er,28,121,0.3,1,random,bk_tomita,0,331,0.0011730000842362642,0.0011327080428600311,0.0012542500626295805,3,665,11,1490,1490,59.3
er_n28_p0.3_s1_random,er,28,121,0.3,1,random,bk_pivot_p,0,331,0.0015753330662846565,0.0015246670227497816,0.0016340839210897684,3,1719,711,2807,0,56.8
er_n28_p0.3_s1_random,er,28,121,0.3,1,random,bk_ikgp,0,331,0.0011860411614179611,0.0011595420073717833,0.0012544170022010803,3,738,79,1444,1444,59.3
er_n28_p0.3_s1_random,er,28,121,0.3,1,random,bk_basic_bit,1,331,0.00279983296059072,0.002799249952659011,0.0028259579557925463,3,5802,,,,7.5
er_n28_p0.3_s1_random,er,28,121,0.3,1,random,bk_pivot_bit,1,331,0.0010191670153290033,0.0010182501282542944,0.0010347079951316118,3,1193,,,,7.2
er_n28_p0.3_s1_random,er,28,121,0.3,1,random,bk_tomita_bit,1,331,0.0010289170313626528,0.0010260830167680979,0.0010403331834822893,3,705,,,,7.9
er_n28_p0.3_s1_native,er,28,121,0.3,1,native,bk_basic,0,331,0.004308582982048392,0.004239583853632212,0.004522250033915043,3,5802,4676,0,0,58.1
er_n28_p0.3_s1_native,er,28,121,0.3,1,native,bk_pivot,0,331,0.0012095829006284475,0.0012061670422554016,0.001296167029067874,3,1193,279,2867,0,57.3
er_n28_p0.3_s1_native,er,28,121,0.3,1,native,bk_tomita,0,331,0.001301000127568841,0.0012118748854845762,0.0014759160112589598,3,705,16,1544,1544,59.3
er_n28_p0.3_s1_native,er,28,121,0.3,1,native,bk_pivot_p,0,331,0.0016502088401466608,0.0015660831704735756,0.0018850411288440228,3,1607,678,2659,0,57.3
er_n28_p0.3_s1_native,er,28,121,0.3,1,native,bk_ikgp,0,331,0.0013669589534401894,0.0013049589470028877,0.0015080829616636038,3,783,92,1485,1485,59.3
er_n28_p0.3_s1_native,er,28,121,0.3,1,native,bk_basic_bit,1,331,0.0030484579037874937,0.0029778338503092527,0.0031565839890390635,3,5802,,,,7.5
er_n28_p0.3_s1_native,er,28,121,0.3,1,native,bk_pivot_bit,1,331,0.0011562919244170189,0.0011354999151080847,0.001227000029757619,3,1193,,,,7.2
er_n28_p0.3_s1_native,er,28,121,0.3,1,native,bk_tomita_bit,1,331,0.0012445419561117887,0.0011591250076889992,0.001247250009328127,3,705,,,,7.9
er_n28_p0.3_s1_degeneracy,er,28,121,0.3,1,degeneracy,bk_basic,0,331,0.004634707933291793,0.0045862081460654736,0.0047590420581400394,3,5802,4984,0,0,59.2
er_n28_p0.3_s1_degeneracy,er,28,121,0.3,1,degeneracy,bk_pivot,0,331,0.00101500004529953,0.0009554170537739992,0.001067624893039465,3,849,102,1859,0,59.3
er_n28_p0.3_s1_degeneracy,er,28,121,0.3,1,degeneracy,bk_tomita,0,331,0.0012944999616593122,0.0012194998562335968,0.0013297079131007195,3,688,12,1504,1504,58.8
er_n28_p0.3_s1_degeneracy,er,28,121,0.3,1,degeneracy,bk_pivot_p,0,331,0.0011263329070061445,0.0010187909938395023,0.0011799579951912165,3,1043,278,1715,0,58.8
er_n28_p0.3_s1_degeneracy,er,28,121,0.3,1,degeneracy,bk_ikgp,0,331,0.0012464998289942741,0.00118274986743927,0.0013539581559598446,3,772,97,1480,1480,58.8
er_n28_p0.3_s1_degeneracy,er,28,121,0.3,1,degeneracy,bk_basic_bit,1,331,0.0028164160903543234,0.002804500050842762,0.002844541799277067,3,5802,,,,7.5
er_n28_p0.3_s1_degeneracy,er,28,121,0.3,1,degeneracy,bk_pivot_bit,1,331,0.0010715420357882977,0.0010535831097513437,0.0010915829334408045,3,1193,,,,7.2
er_n28_p0.3_s1_degeneracy,er,28,121,0.3,1,degeneracy,bk_tomita_bit,1,331,0.0011598749551922083,0.001108249882236123,0.0012267499696463346,3,705,,,,7.9
er_n28_p0.5_s1_random,er,28,191,0.5,1,random,bk_basic,0,122,0.0008071251213550568,0.0007450408302247524,0.0009064590558409691,3,1030,711,0,0,35.5
er_n28_p0.5_s1_random,er,28,191,0.5,1,random,bk_pivot,0,122,0.0005542500875890255,0.0005482078995555639,0.0005580841097980738,3,476,157,1188,0,35.2
er_n28_p0.5_s1_random,er,28,191,0.5,1,random,bk_tomita,0,122,0.0005646250210702419,0.0005191250238567591,0.0006131669506430626,3,269,8,586,586,36.4
er_n28_p0.5_s1_random,er,28,191,0.5,1,random,bk_pivot_p,0,122,0.0006004171445965767,0.0005350839346647263,0.0006576250307261944,3,587,271,829,0,35.3
er_n28_p0.5_s1_random,er,28,191,0.5,1,random,bk_ikgp,0,122,0.00042270892299711704,0.0004136660136282444,0.00044958293437957764,3,301,43,528,528,36.4
er_n28_p0.5_s1_random,er,28,191,0.5,1,random,bk_basic_bit,1,122,0.0005799580831080675,0.0005737501196563244,0.0005885830614715815,3,1030,,,,6.6
er_n28_p0.5_s1_random,er,28,191,0.5,1,random,bk_pivot_bit,1,122,0.0003761660773307085,0.00037270900793373585,0.00038225017488002777,3,443,,,,6.4
er_n28_p0.5_s1_random,er,28,191,0.5,1,random,bk_tomita_bit,1,122,0.0003903750330209732,0.0003850420471280813,0.0003940409515053034,3,272,,,,6.9
er_n28_p0.5_s1_native,er,28,191,0.5,1,native,bk_basic,0,122,0.0008306659292429686,0.0007622090633958578,0.0008738748729228973,3,1030,685,0,0,35.5
er_n28_p0.5_s1_native,er,28,191,0.5,1,native,bk_pivot,0,122,0.0004413751885294914,0.00041433307342231274,0.0004994580522179604,3,443,118,1086,0,35.8
er_n28_p0.5_s1_native,er,28,191,0.5,1,native,bk_tomita,0,122,0.00045958301052451134,0.00042824982665479183,0.000501333037391305,3,272,7,584,584,36.7
er_n28_p0.5_s1_native,er,28,191,0.5,1,native,bk_pivot_p,0,122,0.0004223750438541174,0.00040975003503262997,0.0004450839478522539,3,480,150,736,0,35.5
er_n28_p0.5_s1_native,er,28,191,0.5,1,native,bk_ikgp,0,122,0.00043495907448232174,0.0004240421112626791,0.00045633292756974697,3,303,36,533,533,36.7
er_n28_p0.5_s1_native,er,28,191,0.5,1,native,bk_basic_bit,1,122,0.0005756670143455267,0.0005710001569241285,0.0005982499569654465,3,1030,,,,6.6
er_n28_p0.5_s1_native,er,28,191,0.5,1,native,bk_pivot_bit,1,122,0.0003856660332530737,0.00037441588938236237,0.00038858293555676937,3,443,,,,6.4
er_n28_p0.5_s1_native,er,28,191,0.5,1,native,bk_tomita_bit,1,122,0.0003899999428540468,0.0003882921300828457,0.00040129199624061584,3,272,,,,6.9
er_n28_p0.5_s1_degeneracy,er,28,191,0.5,1,degeneracy,bk_basic,0,122,0.00075683300383389,0.000710667110979557,0.0008352091535925865,3,1030,735,0,0,37.0
er_n28_p0.5_s1_degeneracy,er,28,191,0.5,1,degeneracy,bk_pivot,0,122,0.00029900018125772476,0.0002885828725993633,0.0003334169741719961,3,322,52,621,0,36.7
er_n28_p0.5_s1_degeneracy,er,28,191,0.5,1,degeneracy,bk_tomita,0,122,0.0004327499773353338,0.00041762483306229115,0.00046950019896030426,3,272,19,575,575,36.7
er_n28_p0.5_s1_degeneracy,er,28,191,0.5,1,degeneracy,bk_pivot_p,0,122,0.0002863749396055937,0.00028354208916425705,0.00030170916579663754,3,336,65,528,0,36.7
er_n28_p0.5_s1_degeneracy,er,28,191,0.5,1,degeneracy,bk_ikgp,0,122,0.000416165916249156,0.0004152499604970217,0.00042491708882153034,3,295,42,518,518,36.7
er_n28_p0.5_s1_degeneracy,er,28,191,0.5,1,degeneracy,bk_basic_bit,1,122,0.0005753748118877411,0.0005734579171985388,0.0005928750615566969,3,1030,,,,6.6
er_n28_p0.5_s1_degeneracy,er,28,191,0.5,1,degeneracy,bk_pivot_bit,1,122,0.0003766249865293503,0.0003737499937415123,0.00038062501698732376,3,443,,,,6.4
er_n28_p0.5_s1_degeneracy,er,28,191,0.5,1,degeneracy,bk_tomita_bit,1,122,0.0003862499725073576,0.00038237497210502625,0.00039304187521338463,3,272,,,,6.9
er_n28_p0.7_s1_random,er,28,263,0.7,1,random,bk_basic,0,64,0.00019708299078047276,0.00018874998204410076,0.00024816696532070637,3,256,129,0,0,29.6
er_n28_p0.7_s1_random,er,28,263,0.7,1,random,bk_pivot,0,64,0.0001843748614192009,0.0001777918078005314,0.0002170829102396965,3,200,73,372,0,30.0
er_n28_p0.7_s1_random,er,28,263,0.7,1,random,bk_tomita,0,64,0.00019175000488758087,0.00018533319234848022,0.00021245796233415604,3,131,10,231,231,29.5
er_n28_p0.7_s1_random,er,28,263,0.7,1,random,bk_pivot_p,0,64,0.00019445805810391903,0.00017870799638330936,0.00020733289420604706,3,214,88,249,0,29.6
er_n28_p0.7_s1_random,er,28,263,0.7,1,random,bk_ikgp,0,64,0.00019104196690022945,0.00018437509424984455,0.00019354186952114105,3,142,21,202,202,29.5
er_n28_p0.7_s1_random,er,28,263,0.7,1,random,bk_basic_bit,1,64,0.00019233417697250843,0.0001843329519033432,0.0002155839465558529,3,256,,,,4.7
er_n28_p0.7_s1_random,er,28,263,0.7,1,random,bk_pivot_bit,1,64,0.00017675012350082397,0.0001759580336511135,0.00023695803247392178,3,181,,,,4.7
er_n28_p0.7_s1_random,er,28,263,0.7,1,random,bk_tomita_bit,1,64,0.0002412910107523203,0.0001924580428749323,0.0002547500189393759,3,129,,,,5.0
er_n28_p0.7_s1_native,er,28,263,0.7,1,native,bk_basic,0,64,0.00020316708832979202,0.00018845894373953342,0.0002418749500066042,3,256,117,0,0,30.5
er_n28_p0.7_s1_native,er,28,263,0.7,1,native,bk_pivot,0,64,0.00019120913930237293,0.00017220783047378063,0.00024458300322294235,3,181,44,323,0,30.0
er_n28_p0.7_s1_native,er,28,263,0.7,1,native,bk_tomita,0,64,0.00019400008022785187,0.000187999801710248,0.00024966709315776825,3,129,9,227,227,29.5
er_n28_p0.7_s1_native,er,28,263,0.7,1,native,bk_pivot_p,0,64,0.00016229203902184963,0.00016091694124042988,0.00017058290541172028,3,183,45,232,0,29.5
er_n28_p0.7_s1_native,er,28,263,0.7,1,native,bk_ikgp,0,64,0.00019150017760694027,0.00018404191359877586,0.00019383314065635204,3,140,23,202,202,29.5
er_n28_p0.7_s1_native,er,28,263,0.7,1,native,bk_basic_bit,1,64,0.00019033299759030342,0.0001843748614192009,0.0001954580657184124,3,256,,,,4.7
er_n28_p0.7_s1_native,er,28,263,0.7,1,native,bk_pivot_bit,1,64,0.000177707988768816,0.00017416710034012794,0.00019724993035197258,3,181,,,,4.7
er_n28_p0.7_s1_native,er,28,263,0.7,1,native,bk_tomita_bit,1,64,0.00019845785573124886,0.00019112508744001389,0.00021399999968707561,3,129,,,,5.0
er_n28_p0.7_s1_degeneracy,er,28,263,0.7,1,degeneracy,bk_basic,0,64,0.0002471660263836384,0.00022795796394348145,0.0002505001612007618,3,256,131,0,0,29.6
er_n28_p0.7_s1_degeneracy,er,28,263,0.7,1,degeneracy,bk_pivot,0,64,0.00014725001528859138,0.00014129094779491425,0.00016466714441776276,3,153,33,253,0,29.0
er_n28_p0.7_s1_degeneracy,er,28,263,0.7,1,degeneracy,bk_tomita,0,64,0.0002002918627113104,0.00018866616301238537,0.0002118751872330904,3,132,16,239,239,29.5
er_n28_p0.7_s1_degeneracy,er,28,263,0.7,1,degeneracy,bk_pivot_p,0,64,0.0001424590591341257,0.00014120782725512981,0.000146874925121665,3,163,43,210,0,29.0
er_n28_p0.7_s1_degeneracy,er,28,263,0.7,1,degeneracy,bk_ikgp,0,64,0.00018704100511968136,0.00018404098227620125,0.0001907499972730875,3,146,30,203,203,29.5
er_n28_p0.7_s1_degeneracy,er,28,263,0.7,1,degeneracy,bk_basic_bit,1,64,0.00018720794469118118,0.00018662516959011555,0.0001952920574694872,3,256,,,,4.7
er_n28_p0.7_s1_degeneracy,er,28,263,0.7,1,degeneracy,bk_pivot_bit,1,64,0.00017729098908603191,0.00017287489026784897,0.0001782919280230999,3,181,,,,4.7
er_n28_p0.7_s1_degeneracy,er,28,263,0.7,1,degeneracy,bk_tomita_bit,1,64,0.00019254209473729134,0.00019095907919108868,0.00019279192201793194,3,129,,,,5.0
er_n28_p0.3_s2_random,er,28,111,0.3,2,random,bk_basic,0,285,0.008259333204478025,0.00822324980981648,0.008512333035469055,3,10681,9617,0,0,69.7
er_n28_p0.3_s2_random,er,28,111,0.3,2,random,bk_pivot,0,285,0.0017009999137371778,0.0016013330314308405,0.0018028751946985722,3,1429,442,4811,0,70.1
er_n28_p0.3_s2_random,er,28,111,0.3,2,random,bk_tomita,0,285,0.0014522499404847622,0.001363416202366352,0.0015515000559389591,3,692,20,1785,1785,70.1
er_n28_p0.3_s2_random,er,28,111,0.3,2,random,bk_pivot_p,0,285,0.002595209050923586,0.002420665929093957,0.0026872088201344013,3,2441,1430,4669,0,70.1
er_n28_p0.3_s2_random,er,28,111,0.3,2,random,bk_ikgp,0,285,0.0016876249574124813,0.0016040829941630363,0.001799791818484664,3,825,145,1823,1823,70.1
er_n28_p0.3_s2_random,er,28,111,0.3,2,random,bk_basic_bit,1,285,0.005443832837045193,0.005417332984507084,0.005511207971721888,3,10681,,,,8.0
er_n28_p0.3_s2_random,er,28,111,0.3,2,random,bk_pivot_bit,1,285,0.0011227920185774565,0.0010286248289048672,0.0011370829306542873,3,1140,,,,7.5
er_n28_p0.3_s2_random,er,28,111,0.3,2,random,bk_tomita_bit,1,285,0.001159583916887641,0.0010712500661611557,0.0011833750177174807,3,682,,,,8.3
er_n28_p0.3_s2_native,er,28,111,0.3,2,native,bk_basic,0,285,0.008151583839207888,0.008066457929089665,0.008276917040348053,3,10681,9617,0,0,71.0
er_n28_p0.3_s2_native,er,28,111,0.3,2,native,bk_pivot,0,285,0.0011277080047875643,0.0010881249327212572,0.0012040829751640558,3,1140,312,2804,0,70.0
er_n28_p0.3_s2_native,er,28,111,0.3,2,native,bk_tomita,0,285,0.001326708123087883,0.0012768330052495003,0.0014107499737292528,3,682,18,1741,1741,70.1
er_n28_p0.3_s2_native,er,28,111,0.3,2,native,bk_pivot_p,0,285,0.0012029579374939203,0.001170207979157567,0.0012515420094132423,3,1320,479,2369,0,69.5
er_n28_p0.3_s2_native,er,28,111,0.3,2,native,bk_ikgp,0,285,0.0014319170732051134,0.0013807909563183784,0.0014929999597370625,3,848,167,1810,1810,70.1
er_n28_p0.3_s2_native,er,28,111,0.3,2,native,bk_basic_bit,1,285,0.004790375009179115,0.004787292098626494,0.004939167061820626,3,10681,,,,8.0
er_n28_p0.3_s2_native,er,28,111,0.3,2,native,bk_pivot_bit,1,285,0.0009898750577121973,0.0009834589436650276,0.0009972502011805773,3,1140,,,,7.5
er_n28_p0.3_s2_native,er,28,111,0.3,2,native,bk_tomita_bit,1,285,0.001044499920681119,0.0010418749880045652,0.001053165877237916,3,682,,,,8.3
er_n28_p0.3_s2_degeneracy,er,28,111,0.3,2,degeneracy,bk_basic,0,285,0.007683832896873355,0.0076423329301178455,0.00784170813858509,3,10681,9858,0,0,70.6
er_n28_p0.3_s2_degeneracy,er,28,111,0.3,2,degeneracy,bk_pivot,0,285,0.0008046249859035015,0.0007705420721322298,0.0008704168722033501,3,810,74,2005,0,70.1
er_n28_p0.3_s2_degeneracy,er,28,111,0.3,2,degeneracy,bk_tomita,0,285,0.001284959027543664,0.0012491249945014715,0.001370833022519946,3,686,25,1715,1715,70.1
er_n28_p0.3_s2_degeneracy,er,28,111,0.3,2,degeneracy,bk_pivot_p,0,285,0.0010096668265759945,0.000983125064522028,0.001052499981597066,3,1118,380,2136,0,70.1
er_n28_p0.3_s2_degeneracy,er,28,111,0.3,2,degeneracy,bk_ikgp,0,285,0.0015132080297917128,0.00146966683678329,0.0015616249293088913,3,911,244,1898,1898,70.1
er_n28_p0.3_s2_degeneracy,er,28,111,0.3,2,degeneracy,bk_basic_bit,1,285,0.004847666947171092,0.004839041968807578,0.004878250183537602,3,10681,,,,8.0
er_n28_p0.3_s2_degeneracy,er,28,111,0.3,2,degeneracy,bk_pivot_bit,1,285,0.0009924578480422497,0.0009875409305095673,0.001005625119432807,3,1140,,,,7.5
er_n28_p0.3_s2_degeneracy,er,28,111,0.3,2,degeneracy,bk_tomita_bit,1,285,0.0010472920257598162,0.0010419159661978483,0.0010489169508218765,3,682,,,,8.3
er_n28_p0.5_s2_random,er,28,185,0.5,2,random,bk_basic,0,164,0.0007348749786615372,0.0006910001393407583,0.0008067910093814135,3,1003,583,0,0,33.1
er_n28_p0.5_s2_random,er,28,185,0.5,2,random,bk_pivot,0,164,0.00046458281576633453,0.0004485000390559435,0.0005013749469071627,3,489,97,1127,0,33.5
er_n28_p0.5_s2_random,er,28,185,0.5,2,random,bk_tomita,0,164,0.0005438749212771654,0.0005172910168766975,0.0005955419037491083,3,341,15,726,726,33.7
er_n28_p0.5_s2_random,er,28,185,0.5,2,random,bk_pivot_p,0,164,0.0004908330738544464,0.00047425017692148685,0.0005152497906237841,3,561,160,810,0,33.5
er_n28_p0.5_s2_random,er,28,185,0.5,2,random,bk_ikgp,0,164,0.0005314170848578215,0.0005154581740498543,0.0005587500054389238,3,386,58,629,629,33.7
er_n28_p0.5_s2_random,er,28,185,0.5,2,random,bk_basic_bit,1,164,0.0005905418656766415,0.0005861669778823853,0.0005972918588668108,3,1003,,,,6.6
er_n28_p0.5_s2_random,er,28,185,0.5,2,random,bk_pivot_bit,1,164,0.0004077500198036432,0.0004005830269306898,0.00041216611862182617,3,450,,,,6.3
er_n28_p0.5_s2_random,er,28,185,0.5,2,random,bk_tomita_bit,1,164,0.0004964170511811972,0.0004841249901801348,0.0004983330145478249,3,338,,,,6.9
er_n28_p0.5_s2_native,er,28,185,0.5,2,native,bk_basic,0,164,0.0007870830595493317,0.0007387918885797262,0.0008050829637795687,3,1003,601,0,0,33.9
er_n28_p0.5_s2_native,er,28,185,0.5,2,native,bk_pivot,0,164,0.0004163749981671572,0.0003962500486522913,0.00046333298087120056,3,450,76,959,0,33.2
er_n28_p0.5_s2_native,er,28,185,0.5,2,native,bk_tomita,0,164,0.0005413750186562538,0.0005213750991970301,0.0005865839775651693,3,338,16,720,720,33.2
er_n28_p0.5_s2_native,er,28,185,0.5,2,native,bk_pivot_p,0,164,0.00040266592986881733,0.0003937920555472374,0.00042404094710946083,3,475,103,707,0,33.2
er_n28_p0.5_s2_native,er,28,185,0.5,2,native,bk_ikgp,0,164,0.000522000016644597,0.0005172500386834145,0.0005402499809861183,3,384,66,625,625,33.2
er_n28_p0.5_s2_native,er,28,185,0.5,2,native,bk_basic_bit,1,164,0.000590665964409709,0.0005852081812918186,0.0006042500026524067,3,1003,,,,6.6
er_n28_p0.5_s2_native,er,28,185,0.5,2,native,bk_pivot_bit,1,164,0.0004014591686427593,0.0004003331996500492,0.0004070419818162918,3,450,,,,6.3
er_n28_p0.5_s2_native,er,28,185,0.5,2,native,bk_tomita_bit,1,164,0.00048420787788927555,0.0004816250875592232,0.00048658414743840694,3,338,,,,6.9
er_n28_p0.5_s2_degeneracy,er,28,185,0.5,2,degeneracy,bk_basic,0,164,0.0007304169703274965,0.0006888329517096281,0.0008311660494655371,3,1003,644,0,0,33.5
er_n28_p0.5_s2_degeneracy,er,28,185,0.5,2,degeneracy,bk_pivot,0,164,0.00039062509313225746,0.0003773330245167017,0.00042754202149808407,3,420,67,856,0,33.5
er_n28_p0.5_s2_degeneracy,er,28,185,0.5,2,degeneracy,bk_tomita,0,164,0.0006153329741209745,0.0005857090000063181,0.0006785418372601271,3,342,18,730,730,33.2
er_n28_p0.5_s2_degeneracy,er,28,185,0.5,2,degeneracy,bk_pivot_p,0,164,0.00042358296923339367,0.0003810829948633909,0.0004933341406285763,3,447,94,669,0,33.5
er_n28_p0.5_s2_degeneracy,er,28,185,0.5,2,degeneracy,bk_ikgp,0,164,0.0006142500787973404,0.0005522079300135374,0.0006431248039007187,3,391,65,630,630,33.2
er_n28_p0.5_s2_degeneracy,er,28,185,0.5,2,degeneracy,bk_basic_bit,1,164,0.000645332969725132,0.0006343750283122063,0.0008209999650716782,3,1003,,,,6.6
er_n28_p0.5_s2_degeneracy,er,28,185,0.5,2,degeneracy,bk_pivot_bit,1,164,0.00044937501661479473,0.0004064170643687248,0.000545124989002943,3,450,,,,6.3
er_n28_p0.5_s2_degeneracy,er,28,185,0.5,2,degeneracy,bk_tomita_bit,1,164,0.0005763329099863768,0.0005200000014156103,0.0006446249317377806,3,338,,,,6.9
er_n28_p0.7_s2_random,er,28,260,0.7,2,random,bk_basic,0,71,0.0002764998935163021,0.00020470796152949333,0.00031570810824632645,3,258,107,0,0,31.0
er_n28_p0.7_s2_random,er,28,260,0.7,2,random,bk_pivot,0,71,0.00018004211597144604,0.00017375010065734386,0.0001979588996618986,3,193,40,364,0,31.0
er_n28_p0.7_s2_random,er,28,260,0.7,2,random,bk_tomita,0,71,0.00021012499928474426,0.00020250002853572369,0.00023179198615252972,3,141,9,252,252,30.9
er_n28_p0.7_s2_random,er,28,260,0.7,2,random,bk_pivot_p,0,71,0.00017875013872981071,0.00017370795831084251,0.00018891692161560059,3,202,48,250,0,31.5
er_n28_p0.7_s2_random,er,28,260,0.7,2,random,bk_ikgp,0,71,0.00022654212079942226,0.00020608305931091309,0.0002392090391367674,3,151,19,216,216,30.9
er_n28_p0.7_s2_random,er,28,260,0.7,2,random,bk_basic_bit,1,71,0.00021758279763162136,0.00020037498325109482,0.00022449996322393417,3,258,,,,4.7
er_n28_p0.7_s2_random,er,28,260,0.7,2,random,bk_pivot_bit,1,71,0.00020066695287823677,0.0001934159081429243,0.00020233308896422386,3,183,,,,4.7
er_n28_p0.7_s2_random,er,28,260,0.7,2,random,bk_tomita_bit,1,71,0.00021829199977219105,0.00021566590294241905,0.00023983302526175976,3,135,,,,5.0
er_n28_p0.7_s2_native,er,28,260,0.7,2,native,bk_basic,0,71,0.00022074999287724495,0.00020995805971324444,0.00026662484742701054,3,258,120,0,0,30.5
er_n28_p0.7_s2_native,er,28,260,0.7,2,native,bk_pivot,0,71,0.00020987493917346,0.00018629105761647224,0.00023745791986584663,3,183,41,332,0,30.5
er_n28_p0.7_s2_native,er,28,260,0.7,2,native,bk_tomita,0,71,0.00023458409123122692,0.00022970885038375854,0.00023866700939834118,3,135,12,244,244,31.0
er_n28_p0.7_s2_native,er,28,260,0.7,2,native,bk_pivot_p,0,71,0.00018349988386034966,0.00018033292144536972,0.0001898328773677349,3,189,47,235,0,30.5
er_n28_p0.7_s2_native,er,28,260,0.7,2,native,bk_ikgp,0,71,0.00022370810620486736,0.00021291617304086685,0.00023787515237927437,3,154,31,216,216,31.0
er_n28_p0.7_s2_native,er,28,260,0.7,2,native,bk_basic_bit,1,71,0.00022416701540350914,0.0002229579258710146,0.0002500000409781933,3,258,,,,4.7
er_n28_p0.7_s2_native,er,28,260,0.7,2,native,bk_pivot_bit,1,71,0.00020791590213775635,0.0001991249155253172,0.00020795781165361404,3,183,,,,4.7
er_n28_p0.7_s2_native,er,28,260,0.7,2,native,bk_tomita_bit,1,71,0.00021391618065536022,0.00020879204384982586,0.00023379107005894184,3,135,,,,5.0
er_n28_p0.7_s2_degeneracy,er,28,260,0.7,2,degeneracy,bk_basic,0,71,0.00020316592417657375,0.00018654204905033112,0.00024433410726487637,3,258,127,0,0,30.1
er_n28_p0.7_s2_degeneracy,er,28,260,0.7,2,degeneracy,bk_pivot,0,71,0.00013695796951651573,0.000132082961499691,0.00015608291141688824,3,143,14,241,0,30.0
er_n28_p0.7_s2_degeneracy,er,28,260,0.7,2,degeneracy,bk_tomita,0,71,0.00019108387641608715,0.00018587498925626278,0.00020612496882677078,3,133,11,238,238,30.0
er_n28_p0.7_s2_degeneracy,er,28,260,0.7,2,degeneracy,bk_pivot_p,0,71,0.00014849985018372536,0.0001477920450270176,0.0001669169869273901,3,166,39,217,0,30.0
er_n28_p0.7_s2_degeneracy,er,28,260,0.7,2,degeneracy,bk_ikgp,0,71,0.00024408288300037384,0.00023504206910729408,0.00027224980294704437,3,156,34,216,216,30.0
er_n28_p0.7_s2_degeneracy,er,28,260,0.7,2,degeneracy,bk_basic_bit,1,71,0.00021891598589718342,0.00020845793187618256,0.0002215839922428131,3,258,,,,4.7
er_n28_p0.7_s2_degeneracy,er,28,260,0.7,2,degeneracy,bk_pivot_bit,1,71,0.0002112078946083784,0.00017854105681180954,0.00022241706028580666,3,183,,,,4.7
er_n28_p0.7_s2_degeneracy,er,28,260,0.7,2,degeneracy,bk_tomita_bit,1,71,0.000235249986872077,0.0002164999023079872,0.00024895789101719856,3,135,,,,5.0
ba_n28_m3_s1_random,ba,28,75,nan,1,random,bk_basic,0,507,0.09157116711139679,0.08300924999639392,0.09702474996447563,3,103340,101160,0,0,67.4
ba_n28_m3_s1_random,ba,28,75,nan,1,random,bk_pivot,0,507,0.0023045840207487345,0.002228582976385951,0.00243237498216331,3,2151,332,8216,0,66.7
ba_n28_m3_s1_random,ba,28,75,nan,1,random,bk_tomita,0,507,0.0020355000160634518,0.001972041092813015,0.002163875149562955,3,1077,2,2589,2589,68.8
ba_n28_m3_s1_random,ba,28,75,nan,1,random,bk_pivot_p,0,507,0.006018375046551228,0.006000416120514274,0.006096500204876065,3,6165,4278,15504,0,66.7
ba_n28_m3_s1_random,ba,28,75,nan,1,random,bk_ikgp,0,507,0.0020937088411301374,0.0020403340458869934,0.0022084589581936598,3,1132,48,2602,2602,68.8
ba_n28_m3_s1_random,ba,28,75,nan,1,random,bk_basic_bit,1,507,0.04442962515167892,0.043865707935765386,0.04550112481229007,3,103340,,,,9.5
ba_n28_m3_s1_random,ba,28,75,nan,1,random,bk_pivot_bit,1,507,0.0023307499941438437,0.0022834998089820147,0.0023916668724268675,3,2866,,,,9.0
ba_n28_m3_s1_random,ba,28,75,nan,1,random,bk_tomita_bit,1,507,0.001860958058387041,0.0018573750276118517,0.0018657080363482237,3,1109,,,,9.9
ba_n28_m3_s1_native,ba,28,75,nan,1,native,bk_basic,0,507,0.08236487512476742,0.07738599996082485,0.08264762489125133,3,103340,100941,0,0,67.4
ba_n28_m3_s1_native,ba,28,75,nan,1,native,bk_pivot,0,507,0.0031158330384641886,0.003082792041823268,0.003184958128258586,3,2866,684,10283,0,65.4
ba_n28_m3_s1_native,ba,28,75,nan,1,native,bk_tomita,0,507,0.0022079581394791603,0.0021946660708636045,0.0023941248655319214,3,1109,0,2828,2828,68.8
ba_n28_m3_s1_native,ba,28,75,nan,1,native,bk_pivot_p,0,507,0.007239167112857103,0.007233457872644067,0.007395083084702492,3,7072,4742,16489,0,66.8
ba_n28_m3_s1_native,ba,28,75,nan,1,native,bk_ikgp,0,507,0.0023465410340577364,0.0023016249760985374,0.0024595411960035563,3,1155,44,2854,2854,68.8
ba_n28_m3_s1_native,ba,28,75,nan,1,native,bk_basic_bit,1,507,0.043597291922196746,0.04342508292756975,0.04372441698797047,3,103340,,,,9.5
ba_n28_m3_s1_native,ba,28,75,nan,1,native,bk_pivot_bit,1,507,0.0022885410580784082,0.0022834581322968006,0.0023151251953095198,3,2866,,,,9.0
ba_n28_m3_s1_native,ba,28,75,nan,1,native,bk_tomita_bit,1,507,0.0018487079069018364,0.0018454589881002903,0.001855792012065649,3,1109,,,,9.9
ba_n28_m3_s1_degeneracy,ba,28,75,nan,1,degeneracy,bk_basic,0,507,0.0786602080333978,0.07819654094055295,0.07920500007458031,3,103340,101507,0,0,69.0
ba_n28_m3_s1_degeneracy,ba,28,75,nan,1,degeneracy,bk_pivot,0,507,0.001367208082228899,0.0013435420114547014,0.0014440829399973154,3,1447,30,3544,0,68.3
ba_n28_m3_s1_degeneracy,ba,28,75,nan,1,degeneracy,bk_tomita,0,507,0.002038958016782999,0.0019948340486735106,0.0021534590050578117,3,1102,2,2769,2769,68.8
ba_n28_m3_s1_degeneracy,ba,28,75,nan,1,degeneracy,bk_pivot_p,0,507,0.0017348749097436666,0.0016530421562492847,0.0017475830391049385,3,1701,269,3931,0,68.3
ba_n28_m3_s1_degeneracy,ba,28,75,nan,1,degeneracy,bk_ikgp,0,507,0.0024854999501258135,0.0024040411226451397,0.0025087501853704453,3,1218,107,2995,2995,68.8
ba_n28_m3_s1_degeneracy,ba,28,75,nan,1,degeneracy,bk_basic_bit,1,507,0.045461167115718126,0.04332616692408919,0.045723624993115664,3,103340,,,,9.5
ba_n28_m3_s1_degeneracy,ba,28,75,nan,1,degeneracy,bk_pivot_bit,1,507,0.0022860828321427107,0.0022805421613156796,0.002295249840244651,3,2866,,,,9.0
ba_n28_m3_s1_degeneracy,ba,28,75,nan,1,degeneracy,bk_tomita_bit,1,507,0.0018472080118954182,0.001845792168751359,0.0018575829453766346,3,1109,,,,9.9
ba_n28_m3_s2_random,ba,28,75,nan,2,random,bk_basic,0,315,0.0562070410232991,0.05619737505912781,0.056682208087295294,3,72275,70448,0,0,66.9
ba_n28_m3_s2_random,ba,28,75,nan,2,random,bk_pivot,0,315,0.00251241703517735,0.0023842500522732735,0.0025982919614762068,3,2233,669,8926,0,64.7
ba_n28_m3_s2_random,ba,28,75,nan,2,random,bk_tomita,0,315,0.0016210838221013546,0.001560291973873973,0.0017210000660270452,3,770,1,2073,2073,68.8
ba_n28_m3_s2_random,ba,28,75,nan,2,random,bk_pivot_p,0,315,0.002732000080868602,0.002690624911338091,0.0027485419996082783,3,2671,1063,7324,0,64.7
ba_n28_m3_s2_random,ba,28,75,nan,2,random,bk_ikgp,0,315,0.001730124931782484,0.0017100002150982618,0.001774792093783617,3,780,10,2067,2067,68.8
ba_n28_m3_s2_random,ba,28,75,nan,2,random,bk_basic_bit,1,315,0.03169966605491936,0.030723874922841787,0.03184975008480251,3,72275,,,,9.9
ba_n28_m3_s2_random,ba,28,75,nan,2,random,bk_pivot_bit,1,315,0.0012222500517964363,0.0012213331647217274,0.0012357919476926327,3,1442,,,,9.2
ba_n28_m3_s2_random,ba,28,75,nan,2,random,bk_tomita_bit,1,315,0.001160625135526061,0.0011596251279115677,0.00116958306171,3,714,,,,10.4
ba_n28_m3_s2_native,ba,28,75,nan,2,native,bk_basic,0,315,0.05461470899172127,0.05451345909386873,0.055118458112701774,3,72275,70959,0,0,67.5
ba_n28_m3_s2_native,ba,28,75,nan,2,native,bk_pivot,0,315,0.001484458101913333,0.001428249990567565,0.0015908749774098396,3,1442,209,4586,0,66.8
ba_n28_m3_s2_native,ba,28,75,nan,2,native,bk_tomita,0,315,0.001450125128030777,0.0013894159346818924,0.0015400000847876072,3,714,1,1875,1875,68.9
ba_n28_m3_s2_native,ba,28,75,nan,2,native,bk_pivot_p,0,315,0.0070113749243319035,0.006795374909415841,0.00723516708239913,3,6998,5707,14853,0,66.8
ba_n28_m3_s2_native,ba,28,75,nan,2,native,bk_ikgp,0,315,0.001444792142137885,0.0014049999881535769,0.0015402918215841055,3,714,1,1868,1868,68.9
ba_n28_m3_s2_native,ba,28,75,nan,2,native,bk_basic_bit,1,315,0.03064483287744224,0.03031870792619884,0.031204125145450234,3,72275,,,,9.9
ba_n28_m3_s2_native,ba,28,75,nan,2,native,bk_pivot_bit,1,315,0.0012292920146137476,0.0012175829615443945,0.0012489589862525463,3,1442,,,,9.2
ba_n28_m3_s2_native,ba,28,75,nan,2,native,bk_tomita_bit,1,315,0.0011737500317394733,0.0011730408295989037,0.0011798329651355743,3,714,,,,10.4
ba_n28_m3_s2_degeneracy,ba,28,75,nan,2,degeneracy,bk_basic,0,315,0.054520958103239536,0.05448541697114706,0.05472870799712837,3,72275,70865,0,0,68.6
ba_n28_m3_s2_degeneracy,ba,28,75,nan,2,degeneracy,bk_pivot,0,315,0.0011711670085787773,0.0011482909321784973,0.001260249875485897,3,1074,10,2823,0,67.7
ba_n28_m3_s2_degeneracy,ba,28,75,nan,2,degeneracy,bk_tomita,0,315,0.0016771249938756227,0.0016081249341368675,0.0017379999626427889,3,749,1,1990,1990,68.8
ba_n28_m3_s2_degeneracy,ba,28,75,nan,2,degeneracy,bk_pivot_p,0,315,0.001176707912236452,0.0011585000902414322,0.0012315839994698763,3,1106,38,2741,0,67.7
ba_n28_m3_s2_degeneracy,ba,28,75,nan,2,degeneracy,bk_ikgp,0,315,0.0017019161023199558,0.0016502500511705875,0.0018298751674592495,3,749,1,1977,1977,68.8
ba_n28_m3_s2_degeneracy,ba,28,75,nan,2,degeneracy,bk_basic_bit,1,315,0.03033012500964105,0.03018037509173155,0.030687582911923528,3,72275,,,,9.9
ba_n28_m3_s2_degeneracy,ba,28,75,nan,2,degeneracy,bk_pivot_bit,1,315,0.0012137501034885645,0.0012092499528080225,0.001401958055794239,3,1442,,,,9.2
ba_n28_m3_s2_degeneracy,ba,28,75,nan,2,degeneracy,bk_tomita_bit,1,315,0.001310291001573205,0.0012904999312013388,0.0013142090756446123,3,714,,,,10.4
ws_n28_s1_random,ws,28,84,nan,1,random,bk_basic,0,1010,0.009504333138465881,0.009443750139325857,0.0097247080411762,3,11145,8308,0,0,77.6
ws_n28_s1_random,ws,28,84,nan,1,random,bk_pivot,0,1010,0.003185708075761795,0.0031163329258561134,0.003332416992634535,3,3475,972,7908,0,75.7
ws_n28_s1_random,ws,28,84,nan,1,random,bk_tomita,0,1010,0.002619124948978424,0.002536750165745616,0.002747667022049427,3,1760,39,3242,3242,77.3
ws_n28_s1_random,ws,28,84,nan,1,random,bk_pivot_p,0,1010,0.0033656659070402384,0.003302958095446229,0.003492749994620681,3,3884,1354,6004,0,76.2
ws_n28_s1_random,ws,28,84,nan,1,random,bk_ikgp,0,1010,0.00280016683973372,0.0027407081797719,0.0029377909377217293,3,1969,240,3384,3384,77.3
ws_n28_s1_random,ws,28,84,nan,1,random,bk_basic_bit,1,1010,0.005713416030630469,0.005708041833713651,0.00574537506327033,3,11145,,,,7.6
ws_n28_s1_random,ws,28,84,nan,1,random,bk_pivot_bit,1,1010,0.0020607090555131435,0.002053665928542614,0.0020927919540554285,3,2014,,,,7.2
ws_n28_s1_random,ws,28,84,nan,1,random,bk_tomita_bit,1,1010,0.002627084031701088,0.002621500054374337,0.0026388338301330805,3,1827,,,,7.9
ws_n28_s1_native,ws,28,84,nan,1,native,bk_basic,0,1010,0.00745091587305069,0.007432832848280668,0.007611999986693263,3,11145,9224,0,0,76.3
ws_n28_s1_native,ws,28,84,nan,1,native,bk_pivot,0,1010,0.0017022080719470978,0.0016722502186894417,0.0017530419863760471,3,2014,127,3838,0,75.8
ws_n28_s1_native,ws,28,84,nan,1,native,bk_tomita,0,1010,0.0025190000887960196,0.0024744581896811724,0.0026228749193251133,3,1827,57,3237,3237,77.3
ws_n28_s1_native,ws,28,84,nan,1,native,bk_pivot_p,0,1010,0.002301249885931611,0.0022790420334786177,0.002333790995180607,3,2817,930,4684,0,75.8
ws_n28_s1_native,ws,28,84,nan,1,native,bk_ikgp,0,1010,0.002629250055179,0.00259012496098876,0.0026929171290248632,3,1961,170,3308,3308,77.3
ws_n28_s1_native,ws,28,84,nan,1,native,bk_basic_bit,1,1010,0.005755499936640263,0.005752417026087642,0.00581187498755753,3,11145,,,,7.6
ws_n28_s1_native,ws,28,84,nan,1,native,bk_pivot_bit,1,1010,0.0020663330797106028,0.002059458987787366,0.0020732078701257706,3,2014,,,,7.2
ws_n28_s1_native,ws,28,84,nan,1,native,bk_tomita_bit,1,1010,0.0029152079951018095,0.0028549169655889273,0.00292899995110929,3,1827,,,,7.9
ws_n28_s1_degeneracy,ws,28,84,nan,1,degeneracy,bk_basic,0,1010,0.008393083000555634,0.008131999988108873,0.008672958007082343,3,11145,9247,0,0,77.8
ws_n28_s1_degeneracy,ws,28,84,nan,1,degeneracy,bk_pivot,0,1010,0.0017045000568032265,0.0016922499053180218,0.0017989999614655972,3,1903,103,3200,0,77.3
ws_n28_s1_degeneracy,ws,28,84,nan,1,degeneracy,bk_tomita,0,1010,0.003017749870195985,0.0028019591700285673,0.0035929169971495867,3,1792,37,3159,3159,77.3
ws_n28_s1_degeneracy,ws,28,84,nan,1,degeneracy,bk_pivot_p,0,1010,0.0021455001551657915,0.001944707939401269,0.0023345830850303173,3,2119,316,3373,0,77.3
ws_n28_s1_degeneracy,ws,28,84,nan,1,degeneracy,bk_ikgp,0,1010,0.003286666003987193,0.003214417025446892,0.0033027080353349447,3,1998,241,3357,3357,77.3
ws_n28_s1_degeneracy,ws,28,84,nan,1,degeneracy,bk_basic_bit,1,1010,0.006175250047817826,0.00585716706700623,0.00689841597341001,3,11145,,,,7.6
ws_n28_s1_degeneracy,ws,28,84,nan,1,degeneracy,bk_pivot_bit,1,1010,0.002070500049740076,0.0020582498982548714,0.0020819997880607843,3,2014,,,,7.2
ws_n28_s1_degeneracy,ws,28,84,nan,1,degeneracy,bk_tomita_bit,1,1010,0.0026186660397797823,0.002616416895762086,0.002647249959409237,3,1827,,,,7.9
ws_n28_s2_random,ws,28,84,nan,2,random,bk_basic,0,1140,0.007238041842356324,0.007204541005194187,0.00740370899438858,3,9720,6576,0,0,77.3
ws_n28_s2_random,ws,28,84,nan,2,random,bk_pivot,0,1140,0.0025592921301722527,0.002539791166782379,0.0025950828567147255,3,2771,539,5454,0,77.0
ws_n28_s2_random,ws,28,84,nan,2,random,bk_tomita,0,1140,0.0026360000483691692,0.0025992081500589848,0.0028067079838365316,3,1873,29,3169,3169,77.5
ws_n28_s2_random,ws,28,84,nan,2,random,bk_pivot_p,0,1140,0.00305304117500782,0.003020667005330324,0.0031368329655379057,3,3663,1326,5272,0,77.5
ws_n28_s2_random,ws,28,84,nan,2,random,bk_ikgp,0,1140,0.003637082874774933,0.0034842907916754484,0.0036731248255819082,3,2157,256,3499,3499,77.5
ws_n28_s2_random,ws,28,84,nan,2,random,bk_basic_bit,1,1140,0.005914167035371065,0.0059109157882630825,0.006139833014458418,3,9720,,,,7.2
ws_n28_s2_random,ws,28,84,nan,2,random,bk_pivot_bit,1,1140,0.0023424578830599785,0.0022141248919069767,0.002380334073677659,3,1896,,,,6.8
ws_n28_s2_random,ws,28,84,nan,2,random,bk_tomita_bit,1,1140,0.003057959023863077,0.0029899580404162407,0.0030833750497549772,3,1847,,,,7.4
ws_n28_s2_native,ws,28,84,nan,2,native,bk_basic,0,1140,0.006356499856337905,0.006314625032246113,0.006437500007450581,3,9720,7694,0,0,78.0
ws_n28_s2_native,ws,28,84,nan,2,native,bk_pivot,0,1140,0.0016106248367577791,0.0015515829436481,0.0016174998600035906,3,1896,45,3384,0,77.5
ws_n28_s2_native,ws,28,84,nan,2,native,bk_tomita,0,1140,0.0023904580157250166,0.002389166969805956,0.002432083012536168,3,1847,35,3200,3200,77.5
ws_n28_s2_native,ws,28,84,nan,2,native,bk_pivot_p,0,1140,0.0020323749631643295,0.002009666059166193,0.0020505839493125677,3,2557,599,4195,0,77.5
ws_n28_s2_native,ws,28,84,nan,2,native,bk_ikgp,0,1140,0.0028492079582065344,0.00283595803193748,0.0029582080896943808,3,2298,378,3750,3750,77.5
ws_n28_s2_native,ws,28,84,nan,2,native,bk_basic_bit,1,1140,0.005235458025708795,0.005233708070591092,0.005241458071395755,3,9720,,,,7.2
ws_n28_s2_native,ws,28,84,nan,2,native,bk_pivot_bit,1,1140,0.0020317910239100456,0.0020294999703764915,0.002037624828517437,3,1896,,,,6.8
ws_n28_s2_native,ws,28,84,nan,2,native,bk_tomita_bit,1,1140,0.0026466669514775276,0.0026415418833494186,0.00265895901247859,3,1847,,,,7.4
ws_n28_s2_degeneracy,ws,28,84,nan,2,degeneracy,bk_basic,0,1140,0.006378083024173975,0.006370624992996454,0.006475500063970685,3,9720,7866,0,0,78.0
ws_n28_s2_degeneracy,ws,28,84,nan,2,degeneracy,bk_pivot,0,1140,0.001570250140503049,0.0015545000787824392,0.0016150418668985367,3,1912,45,3280,0,77.5
ws_n28_s2_degeneracy,ws,28,84,nan,2,degeneracy,bk_tomita,0,1140,0.002400707919150591,0.0023931660689413548,0.0024573751725256443,3,1858,30,3206,3206,77.5
ws_n28_s2_degeneracy,ws,28,84,nan,2,degeneracy,bk_pivot_p,0,1140,0.001899082912132144,0.0018828329630196095,0.0019175410270690918,3,2395,552,3898,0,77.5
ws_n28_s2_degeneracy,ws,28,84,nan,2,degeneracy,bk_ikgp,0,1140,0.002914499957114458,0.00291229085996747,0.002953625051304698,3,2362,534,3842,3842,77.5
ws_n28_s2_degeneracy,ws,28,84,nan,2,degeneracy,bk_basic_bit,1,1140,0.005286209052428603,0.0052420408464968204,0.005295667098835111,3,9720,,,,7.2
ws_n28_s2_degeneracy,ws,28,84,nan,2,degeneracy,bk_pivot_bit,1,1140,0.002152083208784461,0.002144541824236512,0.002221750095486641,3,1896,,,,6.8
ws_n28_s2_degeneracy,ws,28,84,nan,2,degeneracy,bk_tomita_bit,1,1140,0.002688958076760173,0.00266383308917284,0.0026937921065837145,3,1847,,,,7.4
er_n30_p0.3_s1_random,er,30,138,0.3,1,random,bk_basic,0,371,0.008070125011727214,0.008017709013074636,0.008195666829124093,3,10606,9336,0,0,67.1
er_n30_p0.3_s1_random,er,30,138,0.3,1,random,bk_pivot,0,371,0.0021048749331384897,0.00198154104873538,0.0023233750835061073,3,1833,623,6095,0,66.2
er_n30_p0.3_s1_random,er,30,138,0.3,1,random,bk_tomita,0,371,0.0018940840382128954,0.0018657920882105827,0.002052083844318986,3,856,23,2124,2124,68.0
er_n30_p0.3_s1_random,er,30,138,0.3,1,random,bk_pivot_p,0,371,0.002579290885478258,0.002547207986935973,0.002616457873955369,3,2381,1139,4707,0,66.2
er_n30_p0.3_s1_random,er,30,138,0.3,1,random,bk_ikgp,0,371,0.0021717920899391174,0.0017098751850426197,0.0024216249585151672,3,1006,162,2090,2090,68.0
er_n30_p0.3_s1_random,er,30,138,0.3,1,random,bk_basic_bit,1,371,0.005956500070169568,0.00573654193431139,0.005964708048850298,3,10606,,,,8.4
er_n30_p0.3_s1_random,er,30,138,0.3,1,random,bk_pivot_bit,1,371,0.0016164169646799564,0.001562583027407527,0.0017077918164432049,3,1642,,,,8.0
er_n30_p0.3_s1_random,er,30,138,0.3,1,random,bk_tomita_bit,1,371,0.0015416669193655252,0.001487750094383955,0.0016395410057157278,3,854,,,,8.9
er_n30_p0.3_s1_native,er,30,138,0.3,1,native,bk_basic,0,371,0.009082457982003689,0.008811499923467636,0.00909029203467071,3,10606,9277,0,0,67.4
er_n30_p0.3_s1_native,er,30,138,0.3,1,native,bk_pivot,0,371,0.0017852499149739742,0.001686417032033205,0.0018505000043660402,3,1642,460,5169,0,66.7
er_n30_p0.3_s1_native,er,30,138,0.3,1,native,bk_tomita,0,371,0.001646209042519331,0.0016122090164572,0.0017475420609116554,3,854,18,2110,2110,68.0
er_n30_p0.3_s1_native,er,30,138,0.3,1,native,bk_pivot_p,0,371,0.002030916977673769,0.00189295900054276,0.0020345000084489584,3,2051,843,4014,0,67.0
er_n30_p0.3_s1_native,er,30,138,0.3,1,native,bk_ikgp,0,371,0.0019381670281291008,0.0018520841840654612,0.002059624996036291,3,1124,276,2318,2318,68.0
er_n30_p0.3_s1_native,er,30,138,0.3,1,native,bk_basic_bit,1,371,0.005333874840289354,0.0051871249452233315,0.00535170896910131,3,10606,,,,8.4
er_n30_p0.3_s1_native,er,30,138,0.3,1,native,bk_pivot_bit,1,371,0.0013832920230925083,0.0013391252141445875,0.001399792032316327,3,1642,,,,8.0
er_n30_p0.3_s1_native,er,30,138,0.3,1,native,bk_tomita_bit,1,371,0.0012825420126318932,0.0012785829603672028,0.0012870419304817915,3,854,,,,8.9
er_n30_p0.3_s1_degeneracy,er,30,138,0.3,1,degeneracy,bk_basic,0,371,0.007916457951068878,0.007885957835242152,0.00810362515039742,3,10606,9536,0,0,67.8
er_n30_p0.3_s1_degeneracy,er,30,138,0.3,1,degeneracy,bk_pivot,0,371,0.0011337921023368835,0.0010737089905887842,0.0012080841697752476,3,1017,102,2401,0,67.2
er_n30_p0.3_s1_degeneracy,er,30,138,0.3,1,degeneracy,bk_tomita,0,371,0.001749292016029358,0.0015963329933583736,0.0017979999538511038,3,845,29,2035,2035,67.8
er_n30_p0.3_s1_degeneracy,er,30,138,0.3,1,degeneracy,bk_pivot_p,0,371,0.0015431670472025871,0.0015255420003086329,0.001564208883792162,3,1546,608,2796,0,67.2
er_n30_p0.3_s1_degeneracy,er,30,138,0.3,1,degeneracy,bk_ikgp,0,371,0.002108165994286537,0.0020794998854398727,0.0021751669701188803,3,1146,306,2319,2319,67.8
er_n30_p0.3_s1_degeneracy,er,30,138,0.3,1,degeneracy,bk_basic_bit,1,371,0.005333625013008714,0.00531241693533957,0.005602624965831637,3,10606,,,,8.4
er_n30_p0.3_s1_degeneracy,er,30,138,0.3,1,degeneracy,bk_pivot_bit,1,371,0.0013636660296469927,0.0013504589442163706,0.0015262500382959843,3,1642,,,,8.0
er_n30_p0.3_s1_degeneracy,er,30,138,0.3,1,degeneracy,bk_tomita_bit,1,371,0.001448499970138073,0.0013579579535871744,0.00147687504068017,3,854,,,,8.9
er_n30_p0.5_s1_random,er,30,218,0.5,1,random,bk_basic,0,142,0.0009035831317305565,0.0008671670220792294,0.0010150421876460314,3,1240,848,0,0,35.1
er_n30_p0.5_s1_random,er,30,218,0.5,1,random,bk_pivot,0,142,0.0005364581011235714,0.0005129158962517977,0.0005912079941481352,3,539,158,1344,0,35.2
er_n30_p0.5_s1_random,er,30,218,0.5,1,random,bk_tomita,0,142,0.0005953330546617508,0.0005713750142604113,0.0006553330458700657,3,340,20,806,806,35.6
er_n30_p0.5_s1_random,er,30,218,0.5,1,random,bk_pivot_p,0,142,0.0005777501501142979,0.0005560829304158688,0.0006062081083655357,3,650,266,953,0,35.2
er_n30_p0.5_s1_random,er,30,218,0.5,1,random,bk_ikgp,0,142,0.0006269589066505432,0.000613250071182847,0.000662707956507802,3,445,127,748,748,35.6
er_n30_p0.5_s1_random,er,30,218,0.5,1,random,bk_basic_bit,1,142,0.0006869588978588581,0.0006804999429732561,0.0006951249670237303,3,1240,,,,6.7
er_n30_p0.5_s1_random,er,30,218,0.5,1,random,bk_pivot_bit,1,142,0.00046429107896983624,0.00046104099601507187,0.00047166692093014717,3,559,,,,6.5
er_n30_p0.5_s1_random,er,30,218,0.5,1,random,bk_tomita_bit,1,142,0.0004972079768776894,0.000495250103995204,0.0005057500675320625,3,349,,,,7.0
er_n30_p0.5_s1_native,er,30,218,0.5,1,native,bk_basic,0,142,0.0009013330563902855,0.0008560831192880869,0.0009813331998884678,3,1240,833,0,0,35.9
er_n30_p0.5_s1_native,er,30,218,0.5,1,native,bk_pivot,0,142,0.000550542026758194,0.0005305828526616096,0.0005954578518867493,3,559,167,1423,0,35.6
er_n30_p0.5_s1_native,er,30,218,0.5,1,native,bk_tomita,0,142,0.0006015829276293516,0.0005749580450356007,0.0006657501216977835,3,349,19,823,823,35.1
er_n30_p0.5_s1_native,er,30,218,0.5,1,native,bk_pivot_p,0,142,0.000594958895817399,0.0005835420452058315,0.0006346669979393482,3,681,284,999,0,35.2
er_n30_p0.5_s1_native,er,30,218,0.5,1,native,bk_ikgp,0,142,0.0006009158678352833,0.0005917919334024191,0.0006379999686032534,3,414,88,734,734,35.1
er_n30_p0.5_s1_native,er,30,218,0.5,1,native,bk_basic_bit,1,142,0.0006815420929342508,0.0006792079657316208,0.0006965829525142908,3,1240,,,,6.7
er_n30_p0.5_s1_native,er,30,218,0.5,1,native,bk_pivot_bit,1,142,0.00046295905485749245,0.0004615839570760727,0.00047075003385543823,3,559,,,,6.5
er_n30_p0.5_s1_native,er,30,218,0.5,1,native,bk_tomita_bit,1,142,0.0004948750138282776,0.000493000028654933,0.0005037088412791491,3,349,,,,7.0
er_n30_p0.5_s1_degeneracy,er,30,218,0.5,1,degeneracy,bk_basic,0,142,0.0008981658611446619,0.000851707998663187,0.000977375078946352,3,1240,895,0,0,35.0
er_n30_p0.5_s1_degeneracy,er,30,218,0.5,1,degeneracy,bk_pivot,0,142,0.00040337489917874336,0.0003916248679161072,0.00043720798566937447,3,411,72,931,0,35.1
er_n30_p0.5_s1_degeneracy,er,30,218,0.5,1,degeneracy,bk_tomita,0,142,0.0005697079468518496,0.0005409580189734697,0.0006321249529719353,3,334,22,789,789,36.1
er_n30_p0.5_s1_degeneracy,er,30,218,0.5,1,degeneracy,bk_pivot_p,0,142,0.0004314580000936985,0.00042629195377230644,0.0004539589863270521,3,498,154,778,0,35.1
er_n30_p0.5_s1_degeneracy,er,30,218,0.5,1,degeneracy,bk_ikgp,0,142,0.0005940000992268324,0.000578500097617507,0.0006197921466082335,3,428,110,728,728,36.1
er_n30_p0.5_s1_degeneracy,er,30,218,0.5,1,degeneracy,bk_basic_bit,1,142,0.0006856669206172228,0.0006850420031696558,0.0006938748992979527,3,1240,,,,6.7
er_n30_p0.5_s1_degeneracy,er,30,218,0.5,1,degeneracy,bk_pivot_bit,1,142,0.0004902498330920935,0.00046624988317489624,0.0004960000514984131,3,559,,,,6.5
er_n30_p0.5_s1_degeneracy,er,30,218,0.5,1,degeneracy,bk_tomita_bit,1,142,0.0005046669393777847,0.0005005421116948128,0.0005050420295447111,3,349,,,,7.0
er_n30_p0.7_s1_random,er,30,304,0.7,1,random,bk_basic,0,85,0.0002201248425990343,0.00020299991592764854,0.00026129093021154404,3,271,109,0,0,32.5
er_n30_p0.7_s1_random,er,30,304,0.7,1,random,bk_pivot,0,85,0.00021204212680459023,0.00019975006580352783,0.00024008308537304401,3,217,58,416,0,32.4
er_n30_p0.7_s1_random,er,30,304,0.7,1,random,bk_tomita,0,85,0.00024666707031428814,0.00022724992595613003,0.0002687498927116394,3,157,10,274,274,31.9
er_n30_p0.7_s1_random,er,30,304,0.7,1,random,bk_pivot_p,0,85,0.0002007919829338789,0.00019641686230897903,0.00021366705186665058,3,231,72,268,0,32.4
er_n30_p0.7_s1_random,er,30,304,0.7,1,random,bk_ikgp,0,85,0.00021658395417034626,0.00021241698414087296,0.0002255421131849289,3,166,18,235,235,31.9
er_n30_p0.7_s1_random,er,30,304,0.7,1,random,bk_basic_bit,1,85,0.00020791706629097462,0.00020729191601276398,0.0002174580004066229,3,271,,,,4.8
er_n30_p0.7_s1_random,er,30,304,0.7,1,random,bk_pivot_bit,1,85,0.00019475002773106098,0.00019370811060070992,0.00019829184748232365,3,194,,,,4.8
er_n30_p0.7_s1_random,er,30,304,0.7,1,random,bk_tomita_bit,1,85,0.00023041595704853535,0.0002287500537931919,0.0002420409582555294,3,153,,,,5.1
er_n30_p0.7_s1_native,er,30,304,0.7,1,native,bk_basic,0,85,0.00021629082038998604,0.00020029209554195404,0.0002554580569267273,3,271,112,0,0,32.0
er_n30_p0.7_s1_native,er,30,304,0.7,1,native,bk_pivot,0,85,0.00018495810218155384,0.0001805000938475132,0.0002062499988824129,3,194,27,337,0,31.9
er_n30_p0.7_s1_native,er,30,304,0.7,1,native,bk_tomita,0,85,0.0002287500537931919,0.0002187080681324005,0.0002528340555727482,3,153,8,276,276,31.9
er_n30_p0.7_s1_native,er,30,304,0.7,1,native,bk_pivot_p,0,85,0.00017674989067018032,0.00017370795831084251,0.00018891599029302597,3,200,34,248,0,31.9
er_n30_p0.7_s1_native,er,30,304,0.7,1,native,bk_ikgp,0,85,0.0002174580004066229,0.00021483306773006916,0.00022591697052121162,3,168,22,237,237,31.9
er_n30_p0.7_s1_native,er,30,304,0.7,1,native,bk_basic_bit,1,85,0.00020712497644126415,0.00020524999126791954,0.00021629082038998604,3,271,,,,4.8
er_n30_p0.7_s1_native,er,30,304,0.7,1,native,bk_pivot_bit,1,85,0.00019108294509351254,0.00019025010988116264,0.0001962918322533369,3,194,,,,4.8
er_n30_p0.7_s1_native,er,30,304,0.7,1,native,bk_tomita_bit,1,85,0.0002327919937670231,0.00022399984300136566,0.0002382919192314148,3,153,,,,5.1
er_n30_p0.7_s1_degeneracy,er,30,304,0.7,1,degeneracy,bk_basic,0,85,0.00021825009025633335,0.00020158314146101475,0.0002605831250548363,3,271,122,0,0,31.6
er_n30_p0.7_s1_degeneracy,er,30,304,0.7,1,degeneracy,bk_pivot,0,85,0.00016237515956163406,0.0001563329715281725,0.0001794588752090931,3,167,19,284,0,31.4
er_n30_p0.7_s1_degeneracy,er,30,304,0.7,1,degeneracy,bk_tomita,0,85,0.0002172091044485569,0.00021254085004329681,0.0002331659197807312,3,151,7,272,272,31.4
er_n30_p0.7_s1_degeneracy,er,30,304,0.7,1,degeneracy,bk_pivot_p,0,85,0.00015837489627301693,0.00015616696327924728,0.00016366597265005112,3,178,29,237,0,31.4
er_n30_p0.7_s1_degeneracy,er,30,304,0.7,1,degeneracy,bk_ikgp,0,85,0.0002142090816050768,0.00021116598509252071,0.00021891691721975803,3,168,25,236,236,31.4
er_n30_p0.7_s1_degeneracy,er,30,304,0.7,1,degeneracy,bk_basic_bit,1,85,0.00020650005899369717,0.0002057079691439867,0.00021429103799164295,3,271,,,,4.8
er_n30_p0.7_s1_degeneracy,er,30,304,0.7,1,degeneracy,bk_pivot_bit,1,85,0.00019191601313650608,0.00019058282487094402,0.00019649998284876347,3,194,,,,4.8
er_n30_p0.7_s1_degeneracy,er,30,304,0.7,1,degeneracy,bk_tomita_bit,1,85,0.00022191600874066353,0.00022154208272695541,0.00022779195569455624,3,153,,,,5.1
er_n30_p0.3_s2_random,er,30,124,0.3,2,random,bk_basic,0,475,0.011973916785791516,0.011886666994541883,0.01212616590783,3,15183,13388,0,0,72.2
er_n30_p0.3_s2_random,er,30,124,0.3,2,random,bk_pivot,0,475,0.0020588329061865807,0.0020029169972985983,0.0021583749912679195,3,1977,453,5856,0,72.0
er_n30_p0.3_s2_random,er,30,124,0.3,2,random,bk_tomita,0,475,0.0019891660194844007,0.0019231250043958426,0.0020870829466730356,3,1044,16,2453,2453,73.0
er_n30_p0.3_s2_random,er,30,124,0.3,2,random,bk_pivot_p,0,475,0.0024241250939667225,0.0023477079812437296,0.002515458967536688,3,2551,998,4821,0,72.0
er_n30_p0.3_s2_random,er,30,124,0.3,2,random,bk_ikgp,0,475,0.00207612500526011,0.0020030420273542404,0.0021814170759171247,3,1179,154,2468,2468,73.0
er_n30_p0.3_s2_random,er,30,124,0.3,2,random,bk_basic_bit,1,475,0.006872707977890968,0.006868707947432995,0.006921207997947931,3,15183,,,,8.0
er_n30_p0.3_s2_random,er,30,124,0.3,2,random,bk_pivot_bit,1,475,0.0019469589460641146,0.0019082080107182264,0.002043666783720255,3,2403,,,,7.6
er_n30_p0.3_s2_random,er,30,124,0.3,2,random,bk_tomita_bit,1,475,0.0017093750648200512,0.0017064588610082865,0.00174625008367002,3,1053,,,,8.4
er_n30_p0.3_s2_native,er,30,124,0.3,2,native,bk_basic,0,475,0.012624792056158185,0.01219595898874104,0.01367845805361867,3,15183,13413,0,0,72.9
er_n30_p0.3_s2_native,er,30,124,0.3,2,native,bk_pivot,0,475,0.003047291887924075,0.003004208905622363,0.003327790880575776,3,2403,784,7492,0,72.7
er_n30_p0.3_s2_native,er,30,124,0.3,2,native,bk_tomita,0,475,0.002374958014115691,0.002337417099624872,0.0025473330169916153,3,1053,11,2527,2527,73.0
er_n30_p0.3_s2_native,er,30,124,0.3,2,native,bk_pivot_p,0,475,0.003648707875981927,0.0034359581768512726,0.003725792048498988,3,3360,1717,5964,0,72.6
er_n30_p0.3_s2_native,er,30,124,0.3,2,native,bk_ikgp,0,475,0.002393667120486498,0.0023603751324117184,0.0025339589919894934,3,1178,135,2498,2498,73.0
er_n30_p0.3_s2_native,er,30,124,0.3,2,native,bk_basic_bit,1,475,0.0077606248669326305,0.007342583034187555,0.008176124887540936,3,15183,,,,8.0
er_n30_p0.3_s2_native,er,30,124,0.3,2,native,bk_pivot_bit,1,475,0.002168959006667137,0.002065416891127825,0.0023835001047700644,3,2403,,,,7.6
er_n30_p0.3_s2_native,er,30,124,0.3,2,native,bk_tomita_bit,1,475,0.0018755830824375153,0.0018621250055730343,0.0019051670096814632,3,1053,,,,8.4
er_n30_p0.3_s2_degeneracy,er,30,124,0.3,2,degeneracy,bk_basic,0,475,0.013803291134536266,0.0126247089356184,0.013887625187635422,3,15183,13816,0,0,73.7
er_n30_p0.3_s2_degeneracy,er,30,124,0.3,2,degeneracy,bk_pivot,0,475,0.0015812090132385492,0.001497457968071103,0.0017084581777453423,3,1270,109,2919,0,73.0
er_n30_p0.3_s2_degeneracy,er,30,124,0.3,2,degeneracy,bk_tomita,0,475,0.002169374842196703,0.0021263330709189177,0.0022980840876698494,3,1057,16,2534,2534,73.0
er_n30_p0.3_s2_degeneracy,er,30,124,0.3,2,degeneracy,bk_pivot_p,0,475,0.0012977919541299343,0.001266583101823926,0.001349833095446229,3,1404,239,2690,0,73.0
er_n30_p0.3_s2_degeneracy,er,30,124,0.3,2,degeneracy,bk_ikgp,0,475,0.0019895420409739017,0.0019570000004023314,0.0020590410567820072,3,1182,134,2474,2474,73.0
er_n30_p0.3_s2_degeneracy,er,30,124,0.3,2,degeneracy,bk_basic_bit,1,475,0.006947000045329332,0.006911790929734707,0.006961332866922021,3,15183,,,,8.0
er_n30_p0.3_s2_degeneracy,er,30,124,0.3,2,degeneracy,bk_pivot_bit,1,475,0.0019252090714871883,0.001921250019222498,0.0019432499539107084,3,2403,,,,7.6
er_n30_p0.3_s2_degeneracy,er,30,124,0.3,2,degeneracy,bk_tomita_bit,1,475,0.0016132080927491188,0.0016111249569803476,0.0016304170712828636,3,1053,,,,8.4
er_n30_p0.5_s2_random,er,30,216,0.5,2,random,bk_basic,0,170,0.0009244589600712061,0.0008790409192442894,0.001035874942317605,3,1249,798,0,0,38.0
er_n30_p0.5_s2_random,er,30,216,0.5,2,random,bk_pivot,0,170,0.0005570000503212214,0.0005311670247465372,0.0006044590845704079,3,575,135,1354,0,37.6
er_n30_p0.5_s2_random,er,30,216,0.5,2,random,bk_tomita,0,170,0.0005926250014454126,0.0005735829472541809,0.0006455839611589909,3,361,14,755,755,40.2
er_n30_p0.5_s2_random,er,30,216,0.5,2,random,bk_pivot_p,0,170,0.0005675419233739376,0.0005474998615682125,0.0006062909960746765,3,644,209,939,0,37.7
er_n30_p0.5_s2_random,er,30,216,0.5,2,random,bk_ikgp,0,170,0.0005869159940630198,0.0005780828651040792,0.000618667108938098,3,418,73,697,697,40.2
er_n30_p0.5_s2_random,er,30,216,0.5,2,random,bk_basic_bit,1,170,0.0007139579392969608,0.0007088750135153532,0.0007249580230563879,3,1249,,,,6.8
er_n30_p0.5_s2_random,er,30,216,0.5,2,random,bk_pivot_bit,1,170,0.000468249898403883,0.00046808295883238316,0.0004797079600393772,3,534,,,,6.5
er_n30_p0.5_s2_random,er,30,216,0.5,2,random,bk_tomita_bit,1,170,0.0005097079556435347,0.0005059158429503441,0.0005228749942034483,3,361,,,,7.0
er_n30_p0.5_s2_native,er,30,216,0.5,2,native,bk_basic,0,170,0.0009496249258518219,0.0009085419587790966,0.0010521251242607832,3,1249,837,0,0,40.0
er_n30_p0.5_s2_native,er,30,216,0.5,2,native,bk_pivot,0,170,0.0005039579700678587,0.00048170890659093857,0.000552833080291748,3,534,134,1189,0,38.2
er_n30_p0.5_s2_native,er,30,216,0.5,2,native,bk_tomita,0,170,0.0005913339555263519,0.0005574161186814308,0.0006433750968426466,3,361,19,756,756,39.7
er_n30_p0.5_s2_native,er,30,216,0.5,2,native,bk_pivot_p,0,170,0.0005343751981854439,0.0005199171137064695,0.000565374968573451,3,628,226,910,0,38.2
er_n30_p0.5_s2_native,er,30,216,0.5,2,native,bk_ikgp,0,170,0.0005781669169664383,0.0005675829015672207,0.0006035829428583384,3,413,70,695,695,39.7
er_n30_p0.5_s2_native,er,30,216,0.5,2,native,bk_basic_bit,1,170,0.0007267498876899481,0.0007263331208378077,0.0007390410173684359,3,1249,,,,6.8
er_n30_p0.5_s2_native,er,30,216,0.5,2,native,bk_pivot_bit,1,170,0.0004705830942839384,0.00046995794400572777,0.00047808303497731686,3,534,,,,6.5
er_n30_p0.5_s2_native,er,30,216,0.5,2,native,bk_tomita_bit,1,170,0.0005113750230520964,0.0005095831584185362,0.0005236661527305841,3,361,,,,7.0
er_n30_p0.5_s2_degeneracy,er,30,216,0.5,2,degeneracy,bk_basic,0,170,0.0009128330275416374,0.0008655828423798084,0.000991959124803543,3,1249,869,0,0,39.5
er_n30_p0.5_s2_degeneracy,er,30,216,0.5,2,degeneracy,bk_pivot,0,170,0.00039541604928672314,0.00037970906123518944,0.0004343339242041111,3,409,38,873,0,39.2
er_n30_p0.5_s2_degeneracy,er,30,216,0.5,2,degeneracy,bk_tomita,0,170,0.0005900419782847166,0.000549249816685915,0.0006215421017259359,3,359,16,744,744,39.7
er_n30_p0.5_s2_degeneracy,er,30,216,0.5,2,degeneracy,bk_pivot_p,0,170,0.00045295897871255875,0.00044579198583960533,0.0004736250266432762,3,529,157,774,0,39.2
er_n30_p0.5_s2_degeneracy,er,30,216,0.5,2,degeneracy,bk_ikgp,0,170,0.0005907090380787849,0.000581375090405345,0.0006121248006820679,3,426,85,709,709,39.7
er_n30_p0.5_s2_degeneracy,er,30,216,0.5,2,degeneracy,bk_basic_bit,1,170,0.0007149169687181711,0.0007146249990910292,0.0007425830699503422,3,1249,,,,6.8
er_n30_p0.5_s2_degeneracy,er,30,216,0.5,2,degeneracy,bk_pivot_bit,1,170,0.00047183316200971603,0.0004700000863522291,0.0004914170131087303,3,534,,,,6.5
er_n30_p0.5_s2_degeneracy,er,30,216,0.5,2,degeneracy,bk_tomita_bit,1,170,0.0005139580462127924,0.0005090830381959677,0.0005173750687390566,3,361,,,,7.0
er_n30_p0.7_s2_random,er,30,301,0.7,2,random,bk_basic,0,86,0.00022970791906118393,0.00021433294750750065,0.0002730828709900379,3,285,118,0,0,31.9
er_n30_p0.7_s2_random,er,30,301,0.7,2,random,bk_pivot,0,86,0.00022083288058638573,0.00021433387883007526,0.00023562507703900337,3,225,58,399,0,31.4
er_n30_p0.7_s2_random,er,30,301,0.7,2,random,bk_tomita,0,86,0.00022616703063249588,0.0002163329627364874,0.0002447499427944422,3,154,10,256,256,31.9
er_n30_p0.7_s2_random,er,30,301,0.7,2,random,bk_pivot_p,0,86,0.00020237499848008156,0.00019933306612074375,0.00021562492474913597,3,234,67,274,0,31.4
er_n30_p0.7_s2_random,er,30,301,0.7,2,random,bk_ikgp,0,86,0.00021458393894135952,0.00021279091015458107,0.00022129202261567116,3,164,21,228,228,31.9
er_n30_p0.7_s2_random,er,30,301,0.7,2,random,bk_basic_bit,1,86,0.00021529197692871094,0.00021500000730156898,0.00022495887242257595,3,285,,,,4.8
er_n30_p0.7_s2_random,er,30,301,0.7,2,random,bk_pivot_bit,1,86,0.00019679195247590542,0.0001948750577867031,0.00020016683265566826,3,194,,,,4.8
er_n30_p0.7_s2_random,er,30,301,0.7,2,random,bk_tomita_bit,1,86,0.00022962503135204315,0.0002252499107271433,0.0002354169264435768,3,154,,,,5.1
er_n30_p0.7_s2_native,er,30,301,0.7,2,native,bk_basic,0,86,0.00023037497885525227,0.00021399999968707561,0.00027412502095103264,3,285,114,0,0,32.0
er_n30_p0.7_s2_native,er,30,301,0.7,2,native,bk_pivot,0,86,0.00019191601313650608,0.0001822907943278551,0.0002119170967489481,3,194,30,373,0,31.9
er_n30_p0.7_s2_native,er,30,301,0.7,2,native,bk_tomita,0,86,0.0002282080240547657,0.00022266595624387264,0.00025629205629229546,3,154,7,267,267,31.3
er_n30_p0.7_s2_native,er,30,301,0.7,2,native,bk_pivot_p,0,86,0.0001843748614192009,0.00018091686069965363,0.0001920829527080059,3,206,43,262,0,31.9
er_n30_p0.7_s2_native,er,30,301,0.7,2,native,bk_ikgp,0,86,0.00021345913410186768,0.00020979112014174461,0.00021945801563560963,3,161,15,228,228,31.3
er_n30_p0.7_s2_native,er,30,301,0.7,2,native,bk_basic_bit,1,86,0.00021695788018405437,0.0002151250373572111,0.00022249994799494743,3,285,,,,4.8
er_n30_p0.7_s2_native,er,30,301,0.7,2,native,bk_pivot_bit,1,86,0.00020345882512629032,0.00019404105842113495,0.00021416693925857544,3,194,,,,4.8
er_n30_p0.7_s2_native,er,30,301,0.7,2,native,bk_tomita_bit,1,86,0.00022283312864601612,0.00022095791064202785,0.00023037521168589592,3,154,,,,5.1
er_n30_p0.7_s2_degeneracy,er,30,301,0.7,2,degeneracy,bk_basic,0,86,0.0002287919633090496,0.00021183397620916367,0.0002768749836832285,3,285,139,0,0,31.1
er_n30_p0.7_s2_degeneracy,er,30,301,0.7,2,degeneracy,bk_pivot,0,86,0.00015966594219207764,0.00015458418056368828,0.00017587491311132908,3,166,21,262,0,30.9
er_n30_p0.7_s2_degeneracy,er,30,301,0.7,2,degeneracy,bk_tomita,0,86,0.00021820887923240662,0.0002112498041242361,0.00023137498646974564,3,152,10,255,255,30.9
er_n30_p0.7_s2_degeneracy,er,30,301,0.7,2,degeneracy,bk_pivot_p,0,86,0.00015787477605044842,0.0001532500609755516,0.0001621670089662075,3,173,28,228,0,30.9
er_n30_p0.7_s2_degeneracy,er,30,301,0.7,2,degeneracy,bk_ikgp,0,86,0.00021225004456937313,0.00021070800721645355,0.00021545798517763615,3,164,22,228,228,30.9
er_n30_p0.7_s2_degeneracy,er,30,301,0.7,2,degeneracy,bk_basic_bit,1,86,0.00021516717970371246,0.00021416693925857544,0.00022329180501401424,3,285,,,,4.8
er_n30_p0.7_s2_degeneracy,er,30,301,0.7,2,degeneracy,bk_pivot_bit,1,86,0.00019362499006092548,0.00019275001250207424,0.00019783293828368187,3,194,,,,4.8
er_n30_p0.7_s2_degeneracy,er,30,301,0.7,2,degeneracy,bk_tomita_bit,1,86,0.0002221670001745224,0.00022187503054738045,0.0002268750686198473,3,154,,,,5.1
ba_n30_m3_s1_random,ba,30,81,nan,1,random,bk_basic,0,797,0.18479979108087718,0.1704164589755237,0.19186791591346264,3,208190,203830,0,0,72.5
ba_n30_m3_s1_random,ba,30,81,nan,1,random,bk_pivot,0,797,0.004634499782696366,0.004461375065147877,0.005325207952409983,3,4251,943,15721,0,69.3
ba_n30_m3_s1_random,ba,30,81,nan,1,random,bk_tomita,0,797,0.004429040942341089,0.004267249954864383,0.0045412080362439156,3,1892,8,4954,4954,74.8
ba_n30_m3_s1_random,ba,30,81,nan,1,random,bk_pivot_p,0,797,0.006475416943430901,0.006470790831372142,0.006757457973435521,3,5931,2537,16229,0,69.3
ba_n30_m3_s1_random,ba,30,81,nan,1,random,bk_ikgp,0,797,0.003977959044277668,0.003924249904230237,0.0041436669416725636,3,2026,115,5024,5024,74.8
ba_n30_m3_s1_random,ba,30,81,nan,1,random,bk_basic_bit,1,797,0.0859498749487102,0.08574395882897079,0.08602058421820402,3,208190,,,,10.3
ba_n30_m3_s1_random,ba,30,81,nan,1,random,bk_pivot_bit,1,797,0.0035038748756051064,0.003481874940916896,0.0035301249008625746,3,4280,,,,9.5
ba_n30_m3_s1_random,ba,30,81,nan,1,random,bk_tomita_bit,1,797,0.0031143329106271267,0.003112582955509424,0.003152707824483514,3,1918,,,,10.5
ba_n30_m3_s1_native,ba,30,81,nan,1,native,bk_basic,0,797,0.15842937491834164,0.15810929192230105,0.1715060828719288,3,208190,204316,0,0,72.0
ba_n30_m3_s1_native,ba,30,81,nan,1,native,bk_pivot,0,797,0.004942375002428889,0.004400542005896568,0.005198959028348327,3,4280,923,15617,0,72.0
ba_n30_m3_s1_native,ba,30,81,nan,1,native,bk_tomita,0,797,0.004242874914780259,0.004049707902595401,0.004599417094141245,3,1918,8,4955,4955,74.8
ba_n30_m3_s1_native,ba,30,81,nan,1,native,bk_pivot_p,0,797,0.013225540984421968,0.013016458135098219,0.01353895803913474,3,12005,8389,28528,0,71.3
ba_n30_m3_s1_native,ba,30,81,nan,1,native,bk_ikgp,0,797,0.0045658748131245375,0.0042757499031722546,0.005092083942145109,3,2118,156,5236,5236,74.8
ba_n30_m3_s1_native,ba,30,81,nan,1,native,bk_basic_bit,1,797,0.08996416698209941,0.08812754089012742,0.09509879210963845,3,208190,,,,10.3
ba_n30_m3_s1_native,ba,30,81,nan,1,native,bk_pivot_bit,1,797,0.0035391671117395163,0.0035238750278949738,0.0035900420043617487,3,4280,,,,9.5
ba_n30_m3_s1_native,ba,30,81,nan,1,native,bk_tomita_bit,1,797,0.0038873751182109118,0.003662124974653125,0.003938750131055713,3,1918,,,,10.5
ba_n30_m3_s1_degeneracy,ba,30,81,nan,1,degeneracy,bk_basic,0,797,0.17325316602364182,0.16403041710145772,0.18739166716113687,3,208190,205275,0,0,73.6
ba_n30_m3_s1_degeneracy,ba,30,81,nan,1,degeneracy,bk_pivot,0,797,0.00224987487308681,0.002209166996181011,0.0023538339883089066,3,2306,131,5799,0,72.8
ba_n30_m3_s1_degeneracy,ba,30,81,nan,1,degeneracy,bk_tomita,0,797,0.003575999988242984,0.003531999886035919,0.003709999844431877,3,1882,17,4831,4831,73.3
ba_n30_m3_s1_degeneracy,ba,30,81,nan,1,degeneracy,bk_pivot_p,0,797,0.00253483303822577,0.0025043750647455454,0.0025977918412536383,3,2674,461,6154,0,72.8
ba_n30_m3_s1_degeneracy,ba,30,81,nan,1,degeneracy,bk_ikgp,0,797,0.0038049998693168163,0.0037652498576790094,0.003921292023733258,3,2076,164,5133,5133,73.3
ba_n30_m3_s1_degeneracy,ba,30,81,nan,1,degeneracy,bk_basic_bit,1,797,0.08663770812563598,0.08607862517237663,0.087075375020504,3,208190,,,,10.3
ba_n30_m3_s1_degeneracy,ba,30,81,nan,1,degeneracy,bk_pivot_bit,1,797,0.004052416188642383,0.0038940829690545797,0.004115584073588252,3,4280,,,,9.5
ba_n30_m3_s1_degeneracy,ba,30,81,nan,1,degeneracy,bk_tomita_bit,1,797,0.003110625082626939,0.0031079589389264584,0.0031207080464810133,3,1918,,,,10.5
ba_n30_m3_s2_random,ba,30,81,nan,2,random,bk_basic,0,486,0.13337920792400837,0.13315787492319942,0.1347880840767175,3,169094,165837,0,0,75.5
ba_n30_m3_s2_random,ba,30,81,nan,2,random,bk_pivot,0,486,0.004870499949902296,0.004698582924902439,0.004948665853589773,3,4318,1539,18678,0,74.4
ba_n30_m3_s2_random,ba,30,81,nan,2,random,bk_tomita,0,486,0.0024569998495280743,0.0024114998523145914,0.0025922078639268875,3,1189,6,3222,3222,77.3
ba_n30_m3_s2_random,ba,30,81,nan,2,random,bk_pivot_p,0,486,0.004918457940220833,0.0048642081674188375,0.0050457080360502005,3,4970,2075,14720,0,74.3
ba_n30_m3_s2_random,ba,30,81,nan,2,random,bk_ikgp,0,486,0.0024969170335680246,0.0024500000290572643,0.002626833040267229,3,1216,31,3249,3249,77.3
ba_n30_m3_s2_random,ba,30,81,nan,2,random,bk_basic_bit,1,486,0.07815608312375844,0.07769037503749132,0.08147254097275436,3,169094,,,,10.3
ba_n30_m3_s2_random,ba,30,81,nan,2,random,bk_pivot_bit,1,486,0.00193454185500741,0.001930207945406437,0.001958040986210108,3,2244,,,,9.4
ba_n30_m3_s2_random,ba,30,81,nan,2,random,bk_tomita_bit,1,486,0.0018872080836445093,0.0018772920593619347,0.0018895419780164957,3,1134,,,,10.5
ba_n30_m3_s2_native,ba,30,81,nan,2,native,bk_basic,0,486,0.12930783396586776,0.12812566687352955,0.1348044159822166,3,169094,167110,0,0,76.6
ba_n30_m3_s2_native,ba,30,81,nan,2,native,bk_pivot,0,486,0.0023014999460428953,0.0022172918543219566,0.0023962080013006926,3,2244,371,7183,0,75.7
ba_n30_m3_s2_native,ba,30,81,nan,2,native,bk_tomita,0,486,0.002235374879091978,0.0021669999696314335,0.0023783750366419554,3,1134,1,3022,3022,77.3
ba_n30_m3_s2_native,ba,30,81,nan,2,native,bk_pivot_p,0,486,0.011758459033444524,0.011701832991093397,0.011769125005230308,3,12245,10311,26143,0,75.7
ba_n30_m3_s2_native,ba,30,81,nan,2,native,bk_ikgp,0,486,0.002286457922309637,0.0022730000782757998,0.0024284999817609787,3,1140,7,3002,3002,77.3
ba_n30_m3_s2_native,ba,30,81,nan,2,native,bk_basic_bit,1,486,0.07218441599979997,0.0698564168997109,0.07487504091113806,3,169094,,,,10.3
ba_n30_m3_s2_native,ba,30,81,nan,2,native,bk_pivot_bit,1,486,0.0019351248629391193,0.0019332501105964184,0.0019500839989632368,3,2244,,,,9.4
ba_n30_m3_s2_native,ba,30,81,nan,2,native,bk_tomita_bit,1,486,0.001895291032269597,0.0018852909561246634,0.001905666897073388,3,1134,,,,10.5
ba_n30_m3_s2_degeneracy,ba,30,81,nan,2,degeneracy,bk_basic,0,486,0.13142020907253027,0.1310484588611871,0.15009275008924305,3,169094,167087,0,0,77.6
ba_n30_m3_s2_degeneracy,ba,30,81,nan,2,degeneracy,bk_pivot,0,486,0.001794417155906558,0.001709125004708767,0.001840250100940466,3,1604,43,4516,0,76.7
ba_n30_m3_s2_degeneracy,ba,30,81,nan,2,degeneracy,bk_tomita,0,486,0.0028695419896394014,0.00259012496098876,0.0029454161413013935,3,1169,9,3201,3201,77.3
ba_n30_m3_s2_degeneracy,ba,30,81,nan,2,degeneracy,bk_pivot_p,0,486,0.001912000123411417,0.0018070000223815441,0.001990000018849969,3,1700,138,4415,0,76.7
ba_n30_m3_s2_degeneracy,ba,30,81,nan,2,degeneracy,bk_ikgp,0,486,0.0027083340100944042,0.0025535000022500753,0.0028204999398440123,3,1198,37,3201,3201,77.3
ba_n30_m3_s2_degeneracy,ba,30,81,nan,2,degeneracy,bk_basic_bit,1,486,0.07776116696186364,0.0689841671846807,0.08528004214167595,3,169094,,,,10.3
ba_n30_m3_s2_degeneracy,ba,30,81,nan,2,degeneracy,bk_pivot_bit,1,486,0.0019450001418590546,0.001933499937877059,0.001970082987099886,3,2244,,,,9.4
ba_n30_m3_s2_degeneracy,ba,30,81,nan,2,degeneracy,bk_tomita_bit,1,486,0.001871416112408042,0.0018704580143094063,0.0018879999406635761,3,1134,,,,10.5
ws_n30_s1_random,ws,30,90,nan,1,random,bk_basic,0,1693,0.01692287507466972,0.016774415969848633,0.016963540809229016,3,21208,16392,0,0,63.9
ws_n30_s1_random,ws,30,90,nan,1,random,bk_pivot,0,1693,0.004948333837091923,0.004885791102424264,0.005101958056911826,3,5171,1084,12163,0,62.9
ws_n30_s1_random,ws,30,90,nan,1,random,bk_tomita,0,1693,0.004925749963149428,0.004801790928468108,0.005057917209342122,3,2865,47,5412,5412,65.0
ws_n30_s1_random,ws,30,90,nan,1,random,bk_pivot_p,0,1693,0.006651500007137656,0.0060607921332120895,0.006686040898784995,3,6501,2240,9659,0,62.9
ws_n30_s1_random,ws,30,90,nan,1,random,bk_ikgp,0,1693,0.006279750028625131,0.006212833104655147,0.0065627500880509615,3,3530,654,6207,6207,65.0
ws_n30_s1_random,ws,30,90,nan,1,random,bk_basic_bit,1,1693,0.013218875043094158,0.01318266591988504,0.013286415953189135,3,21208,,,,8.2
ws_n30_s1_random,ws,30,90,nan,1,random,bk_pivot_bit,1,1693,0.0036680828779935837,0.003611540887504816,0.0037240420933812857,3,3024,,,,7.6
ws_n30_s1_random,ws,30,90,nan,1,random,bk_tomita_bit,1,1693,0.00514329201541841,0.004903458058834076,0.005168624920770526,3,2942,,,,8.4
ws_n30_s1_native,ws,30,90,nan,1,native,bk_basic,0,1693,0.014687875052914023,0.014653125079348683,0.015228416072204709,3,21208,18200,0,0,64.8
ws_n30_s1_native,ws,30,90,nan,1,native,bk_pivot,0,1693,0.0026050000451505184,0.0025240411050617695,0.002613792195916176,3,3024,104,5939,0,64.2
ws_n30_s1_native,ws,30,90,nan,1,native,bk_tomita,0,1693,0.004122541984543204,0.0040819160640239716,0.0041721658781170845,3,2942,70,5493,5493,64.3
ws_n30_s1_native,ws,30,90,nan,1,native,bk_pivot_p,0,1693,0.0036523330491036177,0.003630999941378832,0.003659666981548071,3,4048,1080,7311,0,64.2
ws_n30_s1_native,ws,30,90,nan,1,native,bk_ikgp,0,1693,0.00500745908357203,0.004990665940567851,0.005125459050759673,3,3346,443,5899,5899,64.3
ws_n30_s1_native,ws,30,90,nan,1,native,bk_basic_bit,1,1693,0.011685666861012578,0.011583792045712471,0.011773000005632639,3,21208,,,,8.2
ws_n30_s1_native,ws,30,90,nan,1,native,bk_pivot_bit,1,1693,0.0032863751985132694,0.0032852920703589916,0.0033094999380409718,3,3024,,,,7.6
ws_n30_s1_native,ws,30,90,nan,1,native,bk_tomita_bit,1,1693,0.004358165897428989,0.0043569160625338554,0.004370416980236769,3,2942,,,,8.4
ws_n30_s1_degeneracy,ws,30,90,nan,1,degeneracy,bk_basic,0,1693,0.014559749979525805,0.01453629182651639,0.014577209018170834,3,21208,18200,0,0,64.8
ws_n30_s1_degeneracy,ws,30,90,nan,1,degeneracy,bk_pivot,0,1693,0.0025614160113036633,0.0025420000310987234,0.002628082875162363,3,3020,99,5795,0,64.3
ws_n30_s1_degeneracy,ws,30,90,nan,1,degeneracy,bk_tomita,0,1693,0.004106166074052453,0.004102457780390978,0.004232791950926185,3,2950,70,5509,5509,64.3
ws_n30_s1_degeneracy,ws,30,90,nan,1,degeneracy,bk_pivot_p,0,1693,0.003104541217908263,0.0031005418859422207,0.0031584580428898335,3,3747,819,6708,0,64.3
ws_n30_s1_degeneracy,ws,30,90,nan,1,degeneracy,bk_ikgp,0,1693,0.004580209031701088,0.004559916909784079,0.004641958978027105,3,3346,435,5899,5899,64.3
ws_n30_s1_degeneracy,ws,30,90,nan,1,degeneracy,bk_basic_bit,1,1693,0.01070204097777605,0.010682667139917612,0.010760667035356164,3,21208,,,,8.2
ws_n30_s1_degeneracy,ws,30,90,nan,1,degeneracy,bk_pivot_bit,1,1693,0.003413541940972209,0.003381374990567565,0.0035241669975221157,3,3024,,,,7.6
ws_n30_s1_degeneracy,ws,30,90,nan,1,degeneracy,bk_tomita_bit,1,1693,0.004882083041593432,0.0046028331853449345,0.004921291954815388,3,2942,,,,8.4
ws_n30_s2_random,ws,30,90,nan,2,random,bk_basic,0,1813,0.018634624779224396,0.016887499950826168,0.018770582973957062,3,19258,14141,0,0,59.8
ws_n30_s2_random,ws,30,90,nan,2,random,bk_pivot,0,1813,0.004801834002137184,0.004763375036418438,0.004976083058863878,3,5164,1349,10605,0,59.2
ws_n30_s2_random,ws,30,90,nan,2,random,bk_tomita,0,1813,0.004881040891632438,0.004785040859133005,0.005157249979674816,3,3164,34,5476,5476,60.8
ws_n30_s2_random,ws,30,90,nan,2,random,bk_pivot_p,0,1813,0.006076000165194273,0.005904749967157841,0.006263332907110453,3,6588,2552,10040,0,58.8
ws_n30_s2_random,ws,30,90,nan,2,random,bk_ikgp,0,1813,0.005073125008493662,0.0050168330781161785,0.005240499973297119,3,3418,288,5656,5656,60.8
ws_n30_s2_random,ws,30,90,nan,2,random,bk_basic_bit,1,1813,0.010209167143329978,0.010119957849383354,0.011423083022236824,3,19258,,,,7.8
ws_n30_s2_random,ws,30,90,nan,2,random,bk_pivot_bit,1,1813,0.004030875163152814,0.0039362499956041574,0.004061707993969321,3,3365,,,,7.2
ws_n30_s2_random,ws,30,90,nan,2,random,bk_tomita_bit,1,1813,0.004955874988809228,0.004689999856054783,0.005231834016740322,3,3218,,,,8.0
ws_n30_s2_native,ws,30,90,nan,2,native,bk_basic,0,1813,0.014211291912943125,0.01330366707406938,0.014391083037480712,3,19258,15835,0,0,61.2
ws_n30_s2_native,ws,30,90,nan,2,native,bk_pivot,0,1813,0.00287687499076128,0.002839582972228527,0.0029340418986976147,3,3365,139,6022,0,60.2
ws_n30_s2_native,ws,30,90,nan,2,native,bk_tomita,0,1813,0.004366790875792503,0.004340708022937179,0.004443666897714138,3,3218,120,5518,5518,60.8
ws_n30_s2_native,ws,30,90,nan,2,native,bk_pivot_p,0,1813,0.003696667030453682,0.00368883297778666,0.0037272910121828318,3,4500,1106,7329,0,60.7
ws_n30_s2_native,ws,30,90,nan,2,native,bk_ikgp,0,1813,0.004563750000670552,0.004524959018453956,0.004664875101298094,3,3411,311,5649,5649,60.8
ws_n30_s2_native,ws,30,90,nan,2,native,bk_basic_bit,1,1813,0.01006137509830296,0.010047708172351122,0.010141708189621568,3,19258,,,,7.8
ws_n30_s2_native,ws,30,90,nan,2,native,bk_pivot_bit,1,1813,0.0035952080506831408,0.0035925828851759434,0.0036267500836402178,3,3365,,,,7.2
ws_n30_s2_native,ws,30,90,nan,2,native,bk_tomita_bit,1,1813,0.004666290944442153,0.004654124844819307,0.004689374938607216,3,3218,,,,8.0
ws_n30_s2_degeneracy,ws,30,90,nan,2,degeneracy,bk_basic,0,1813,0.01329166698269546,0.013122083153575659,0.013321167090907693,3,19258,15978,0,0,61.3
ws_n30_s2_degeneracy,ws,30,90,nan,2,degeneracy,bk_pivot,0,1813,0.0033705420792102814,0.003220333019271493,0.003391791135072708,3,3316,127,5649,0,60.7
ws_n30_s2_degeneracy,ws,30,90,nan,2,degeneracy,bk_tomita,0,1813,0.005383083131164312,0.005061374977231026,0.005461334018036723,3,3200,114,5488,5488,60.8
ws_n30_s2_degeneracy,ws,30,90,nan,2,degeneracy,bk_pivot_p,0,1813,0.0034543329384177923,0.003321999916806817,0.0036475840024650097,3,3668,472,6005,0,60.7
ws_n30_s2_degeneracy,ws,30,90,nan,2,degeneracy,bk_ikgp,0,1813,0.005407500080764294,0.005139374872669578,0.005421916954219341,3,3548,458,5852,5852,60.8
ws_n30_s2_degeneracy,ws,30,90,nan,2,degeneracy,bk_basic_bit,1,1813,0.010532750049605966,0.00998304202221334,0.011478959117084742,3,19258,,,,7.8
ws_n30_s2_degeneracy,ws,30,90,nan,2,degeneracy,bk_pivot_bit,1,1813,0.0035932501778006554,0.0035927919670939445,0.0036024998407810926,3,3365,,,,7.2
ws_n30_s2_degeneracy,ws,30,90,nan,2,degeneracy,bk_tomita_bit,1,1813,0.0049827080219984055,0.004908375209197402,0.00518162501975894,3,3218,,,,8.0
er_n32_p0.3_s1_random,er,32,156,0.3,1,random,bk_basic,0,471,0.011084208032116294,0.011059291893616319,0.01124566700309515,3,14185,12571,0,0,82.5
er_n32_p0.3_s1_random,er,32,156,0.3,1,random,bk_pivot,0,471,0.0020393340382725,0.0020034590270370245,0.0021852499339729548,3,1743,312,5430,0,81.9
er_n32_p0.3_s1_random,er,32,156,0.3,1,random,bk_tomita,0,471,0.00262541719712317,0.0024609582033008337,0.002725541125983,3,1139,34,3010,3010,83.2
er_n32_p0.3_s1_random,er,32,156,0.3,1,random,bk_pivot_p,0,471,0.00305920816026628,0.0027899579145014286,0.003217458026483655,3,3004,1536,5632,0,81.9
er_n32_p0.3_s1_random,er,32,156,0.3,1,random,bk_ikgp,0,471,0.0029335839208215475,0.0027890000492334366,0.0031179171055555344,3,1509,382,3157,3157,83.2
er_n32_p0.3_s1_random,er,32,156,0.3,1,random,bk_basic_bit,1,471,0.008936416124925017,0.008928792085498571,0.009039124939590693,3,14185,,,,10.6
er_n32_p0.3_s1_random,er,32,156,0.3,1,random,bk_pivot_bit,1,471,0.00214579189196229,0.0021383340936154127,0.002165290992707014,3,2094,,,,10.4
er_n32_p0.3_s1_random,er,32,156,0.3,1,random,bk_tomita_bit,1,471,0.0021435830276459455,0.002139999996870756,0.0021695829927921295,3,1167,,,,11.1
er_n32_p0.3_s1_native,er,32,156,0.3,1,native,bk_basic,0,471,0.011028458131477237,0.011026500025764108,0.011123208096250892,3,14185,12463,0,0,83.1
er_n32_p0.3_s1_native,er,32,156,0.3,1,native,bk_pivot,0,471,0.002310542156919837,0.0022665411233901978,0.0023851669393479824,3,2094,624,7006,0,83.7
er_n32_p0.3_s1_native,er,32,156,0.3,1,native,bk_tomita,0,471,0.0023616249673068523,0.002259167144075036,0.0025479579344391823,3,1167,30,3044,3044,83.2
er_n32_p0.3_s1_native,er,32,156,0.3,1,native,bk_pivot_p,0,471,0.002587874885648489,0.0025107499677687883,0.0026917499490082264,3,2701,1226,4984,0,83.9
er_n32_p0.3_s1_native,er,32,156,0.3,1,native,bk_ikgp,0,471,0.00262608309276402,0.002544583985581994,0.0027444581501185894,3,1494,340,3146,3146,83.2
er_n32_p0.3_s1_native,er,32,156,0.3,1,native,bk_basic_bit,1,471,0.00804412504658103,0.008038542000576854,0.008095625089481473,3,14185,,,,10.6
er_n32_p0.3_s1_native,er,32,156,0.3,1,native,bk_pivot_bit,1,471,0.002147084102034569,0.0021445408929139376,0.0021579579915851355,3,2094,,,,10.4
er_n32_p0.3_s1_native,er,32,156,0.3,1,native,bk_tomita_bit,1,471,0.0022208329755812883,0.0021919168066233397,0.0022963329683989286,3,1167,,,,11.1
er_n32_p0.3_s1_degeneracy,er,32,156,0.3,1,degeneracy,bk_basic,0,471,0.01154979201965034,0.011366874910891056,0.011805125046521425,3,14185,12828,0,0,84.0
er_n32_p0.3_s1_degeneracy,er,32,156,0.3,1,degeneracy,bk_pivot,0,471,0.0017874161712825298,0.0017111659981310368,0.0018880830612033606,3,1497,252,4145,0,83.2
er_n32_p0.3_s1_degeneracy,er,32,156,0.3,1,degeneracy,bk_tomita,0,471,0.002756957896053791,0.00260149990208447,0.0030460418201982975,3,1134,42,3011,3011,83.2
er_n32_p0.3_s1_degeneracy,er,32,156,0.3,1,degeneracy,bk_pivot_p,0,471,0.0022836660500615835,0.0022572081070393324,0.0024759999942034483,3,2127,857,3942,0,83.2
er_n32_p0.3_s1_degeneracy,er,32,156,0.3,1,degeneracy,bk_ikgp,0,471,0.003009457839652896,0.002948499983176589,0.0031580000650137663,3,1558,434,3239,3239,83.2
er_n32_p0.3_s1_degeneracy,er,32,156,0.3,1,degeneracy,bk_basic_bit,1,471,0.008758707903325558,0.00862924987450242,0.008820250164717436,3,14185,,,,10.6
er_n32_p0.3_s1_degeneracy,er,32,156,0.3,1,degeneracy,bk_pivot_bit,1,471,0.002251707948744297,0.0022215419448912144,0.0022637080401182175,3,2094,,,,10.4
er_n32_p0.3_s1_degeneracy,er,32,156,0.3,1,degeneracy,bk_tomita_bit,1,471,0.0024672080762684345,0.0022972081787884235,0.002483583986759186,3,1167,,,,11.1
er_n32_p0.5_s1_random,er,32,244,0.5,1,random,bk_basic,0,209,0.0012719579972326756,0.0012685831170529127,0.0013697920367121696,3,1661,1117,0,0,41.3
er_n32_p0.5_s1_random,er,32,244,0.5,1,random,bk_pivot,0,209,0.0006523749325424433,0.0006172501016408205,0.0007202920969575644,3,653,148,1524,0,41.1
er_n32_p0.5_s1_random,er,32,244,0.5,1,random,bk_tomita,0,209,0.0008344580419361591,0.0007982079405337572,0.0009120830800384283,3,473,34,1132,1132,42.3
er_n32_p0.5_s1_random,er,32,244,0.5,1,random,bk_pivot_p,0,209,0.0007185409776866436,0.0006897919811308384,0.0007613750640302896,3,788,267,1166,0,41.1
er_n32_p0.5_s1_random,er,32,244,0.5,1,random,bk_ikgp,0,209,0.000838541891425848,0.0008201249875128269,0.0009101659525185823,3,581,143,968,968,42.3
er_n32_p0.5_s1_random,er,32,244,0.5,1,random,bk_basic_bit,1,209,0.0011337080504745245,0.0011270830873399973,0.0011619171127676964,3,1661,,,,8.7
er_n32_p0.5_s1_random,er,32,244,0.5,1,random,bk_pivot_bit,1,209,0.0007683339063078165,0.000765959033742547,0.0007901249919086695,3,747,,,,8.7
er_n32_p0.5_s1_random,er,32,244,0.5,1,random,bk_tomita_bit,1,209,0.0008528749458491802,0.0008361670188605785,0.0008667088113725185,3,482,,,,9.2
er_n32_p0.5_s1_native,er,32,244,0.5,1,native,bk_basic,0,209,0.0014033748302608728,0.001364709110930562,0.0014934169594198465,3,1661,1073,0,0,42.2
er_n32_p0.5_s1_native,er,32,244,0.5,1,native,bk_pivot,0,209,0.0009264999534934759,0.0008853329345583916,0.0010143329855054617,3,747,196,1880,0,41.6
er_n32_p0.5_s1_native,er,32,244,0.5,1,native,bk_tomita,0,209,0.001006250036880374,0.0010048330295830965,0.0010154170449823141,3,482,33,1112,1112,43.6
er_n32_p0.5_s1_native,er,32,244,0.5,1,native,bk_pivot_p,0,209,0.000912457937374711,0.0007813749834895134,0.0010277091059833765,3,845,295,1273,0,41.6
er_n32_p0.5_s1_native,er,32,244,0.5,1,native,bk_ikgp,0,209,0.0009390001650899649,0.0009134581778198481,0.0009836661629378796,3,564,117,968,968,43.6
er_n32_p0.5_s1_native,er,32,244,0.5,1,native,bk_basic_bit,1,209,0.0011147919576615095,0.0011093330103904009,0.0011570409405976534,3,1661,,,,8.7
er_n32_p0.5_s1_native,er,32,244,0.5,1,native,bk_pivot_bit,1,209,0.0007548329886049032,0.0007525831460952759,0.0007761251181364059,3,747,,,,8.7
er_n32_p0.5_s1_native,er,32,244,0.5,1,native,bk_tomita_bit,1,209,0.000831749988719821,0.0008242919575423002,0.0008479580283164978,3,482,,,,9.2
er_n32_p0.5_s1_degeneracy,er,32,244,0.5,1,degeneracy,bk_basic,0,209,0.0012475841213017702,0.0012046669144183397,0.0013478749897331,3,1661,1196,0,0,42.4
er_n32_p0.5_s1_degeneracy,er,32,244,0.5,1,degeneracy,bk_pivot,0,209,0.0005622091703116894,0.0005573329981416464,0.0006112088449299335,3,560,92,1257,0,42.1
er_n32_p0.5_s1_degeneracy,er,32,244,0.5,1,degeneracy,bk_tomita,0,209,0.0007832918781787157,0.0007624998688697815,0.0008381670340895653,3,464,26,1074,1074,42.1
er_n32_p0.5_s1_degeneracy,er,32,244,0.5,1,degeneracy,bk_pivot_p,0,209,0.0006124998908489943,0.0005865409038960934,0.0006792079657316208,3,679,209,1047,0,42.1
er_n32_p0.5_s1_degeneracy,er,32,244,0.5,1,degeneracy,bk_ikgp,0,209,0.0009704169351607561,0.0009427920449525118,0.0009796670638024807,3,580,147,978,978,42.1
er_n32_p0.5_s1_degeneracy,er,32,244,0.5,1,degeneracy,bk_basic_bit,1,209,0.0011194581165909767,0.0011090000625699759,0.0011495829094201326,3,1661,,,,8.7
er_n32_p0.5_s1_degeneracy,er,32,244,0.5,1,degeneracy,bk_pivot_bit,1,209,0.0007660421542823315,0.0007628749590367079,0.0008097498212009668,3,747,,,,8.7
er_n32_p0.5_s1_degeneracy,er,32,244,0.5,1,degeneracy,bk_tomita_bit,1,209,0.0008364999666810036,0.0008242910262197256,0.0008464581333100796,3,482,,,,9.2
er_n32_p0.7_s1_random,er,32,341,0.7,1,random,bk_basic,0,108,0.000279333908110857,0.0002570841461420059,0.00033883308060467243,3,348,140,0,0,33.4
er_n32_p0.7_s1_random,er,32,341,0.7,1,random,bk_pivot,0,108,0.0002435420174151659,0.00023733312264084816,0.00026770890690386295,3,259,53,474,0,33.3
er_n32_p0.7_s1_random,er,32,341,0.7,1,random,bk_tomita,0,108,0.0003120000474154949,0.0002912909258157015,0.0003375420346856117,3,204,14,384,384,33.8
er_n32_p0.7_s1_random,er,32,341,0.7,1,random,bk_pivot_p,0,108,0.0002229579258710146,0.00022137491032481194,0.00023999996483325958,3,254,48,320,0,33.3
er_n32_p0.7_s1_random,er,32,341,0.7,1,random,bk_ikgp,0,108,0.0002909158356487751,0.0002833330072462559,0.0002999589778482914,3,227,40,308,308,33.8
er_n32_p0.7_s1_random,er,32,341,0.7,1,random,bk_basic_bit,1,108,0.0003013329114764929,0.00029737502336502075,0.00032029207795858383,3,348,,,,6.6
er_n32_p0.7_s1_random,er,32,341,0.7,1,random,bk_pivot_bit,1,108,0.00029916688799858093,0.0002982090227305889,0.00030933297239243984,3,274,,,,6.5
er_n32_p0.7_s1_random,er,32,341,0.7,1,random,bk_tomita_bit,1,108,0.00035133305937051773,0.0003430829383432865,0.00035454193130135536,3,206,,,,7.0
er_n32_p0.7_s1_native,er,32,341,0.7,1,native,bk_basic,0,108,0.0002790831495076418,0.0002544999588280916,0.00033791596069931984,3,348,126,0,0,33.9
er_n32_p0.7_s1_native,er,32,341,0.7,1,native,bk_pivot,0,108,0.00025987508706748486,0.00024454202502965927,0.0002817499917000532,3,274,54,507,0,33.8
er_n32_p0.7_s1_native,er,32,341,0.7,1,native,bk_tomita,0,108,0.00031533301807940006,0.00029683299362659454,0.0003752498887479305,3,206,10,396,396,33.8
er_n32_p0.7_s1_native,er,32,341,0.7,1,native,bk_pivot_p,0,108,0.00025995797477662563,0.00024387496523559093,0.0002739999908953905,3,280,58,335,0,33.8
er_n32_p0.7_s1_native,er,32,341,0.7,1,native,bk_ikgp,0,108,0.00028924993239343166,0.00028283405117690563,0.00030358415096998215,3,224,31,311,311,33.8
er_n32_p0.7_s1_native,er,32,341,0.7,1,native,bk_basic_bit,1,108,0.0003029170911759138,0.0002994588576257229,0.0003299999516457319,3,348,,,,6.6
er_n32_p0.7_s1_native,er,32,341,0.7,1,native,bk_pivot_bit,1,108,0.0003061669413000345,0.00030229100957512856,0.000317250145599246,3,274,,,,6.5
er_n32_p0.7_s1_native,er,32,341,0.7,1,native,bk_tomita_bit,1,108,0.00041166599839925766,0.00036837486550211906,0.0004450411070138216,3,206,,,,7.0
er_n32_p0.7_s1_degeneracy,er,32,341,0.7,1,degeneracy,bk_basic,0,108,0.0002726670354604721,0.0002528340555727482,0.0003322919365018606,3,348,164,0,0,33.4
er_n32_p0.7_s1_degeneracy,er,32,341,0.7,1,degeneracy,bk_pivot,0,108,0.0002191669773310423,0.00020695803686976433,0.0002366248518228531,3,229,41,410,0,33.3
er_n32_p0.7_s1_degeneracy,er,32,341,0.7,1,degeneracy,bk_tomita,0,108,0.0002935000229626894,0.00029016612097620964,0.00031183287501335144,3,206,19,385,385,33.3
er_n32_p0.7_s1_degeneracy,er,32,341,0.7,1,degeneracy,bk_pivot_p,0,108,0.00021004211157560349,0.00020795781165361404,0.00022137491032481194,3,243,56,316,0,33.3
er_n32_p0.7_s1_degeneracy,er,32,341,0.7,1,degeneracy,bk_ikgp,0,108,0.00028375000692903996,0.0002820831723511219,0.0002917081583291292,3,231,47,311,311,33.3
er_n32_p0.7_s1_degeneracy,er,32,341,0.7,1,degeneracy,bk_basic_bit,1,108,0.0003100000321865082,0.0003033748362213373,0.00032229116186499596,3,348,,,,6.6
er_n32_p0.7_s1_degeneracy,er,32,341,0.7,1,degeneracy,bk_pivot_bit,1,108,0.00030399998649954796,0.0002986670006066561,0.00031537492759525776,3,274,,,,6.5
er_n32_p0.7_s1_degeneracy,er,32,341,0.7,1,degeneracy,bk_tomita_bit,1,108,0.0003475421108305454,0.000344207976013422,0.0003537079319357872,3,206,,,,7.0
er_n32_p0.3_s2_random,er,32,142,0.3,2,random,bk_basic,0,685,0.01776341605000198,0.017594375181943178,0.017848042072728276,3,22218,19505,0,0,80.0
er_n32_p0.3_s2_random,er,32,142,0.3,2,random,bk_pivot,0,685,0.003384249983355403,0.0032867498230189085,0.0035212079528719187,3,3148,802,10254,0,79.5
er_n32_p0.3_s2_random,er,32,142,0.3,2,random,bk_tomita,0,685,0.002894833916798234,0.002853292040526867,0.003050166880711913,3,1520,26,3673,3673,81.5
er_n32_p0.3_s2_random,er,32,142,0.3,2,random,bk_pivot_p,0,685,0.004613458877429366,0.004571542143821716,0.004793709143996239,3,4872,2460,8899,0,79.5
er_n32_p0.3_s2_random,er,32,142,0.3,2,random,bk_ikgp,0,685,0.0031801669392734766,0.0030742499511688948,0.0033091669902205467,3,1810,299,3721,3721,81.5
er_n32_p0.3_s2_random,er,32,142,0.3,2,random,bk_basic_bit,1,685,0.013177333166822791,0.013174250023439527,0.013179457979276776,3,22218,,,,10.9
er_n32_p0.3_s2_random,er,32,142,0.3,2,random,bk_pivot_bit,1,685,0.0037985839881002903,0.0037674158811569214,0.003874249989166856,3,3209,,,,10.5
er_n32_p0.3_s2_random,er,32,142,0.3,2,random,bk_tomita_bit,1,685,0.0033736659679561853,0.0032153751235455275,0.0038803748320788145,3,1533,,,,11.2
er_n32_p0.3_s2_native,er,32,142,0.3,2,native,bk_basic,0,685,0.019891290925443172,0.019143084064126015,0.020665957825258374,3,22218,19777,0,0,81.1
er_n32_p0.3_s2_native,er,32,142,0.3,2,native,bk_pivot,0,685,0.003573167137801647,0.0035476249177008867,0.0038859578780829906,3,3209,1167,9958,0,81.5
er_n32_p0.3_s2_native,er,32,142,0.3,2,native,bk_tomita,0,685,0.0028942080680280924,0.0028694169595837593,0.0031034580897539854,3,1533,22,3620,3620,81.5
er_n32_p0.3_s2_native,er,32,142,0.3,2,native,bk_pivot_p,0,685,0.0042259590700268745,0.004142707912251353,0.004397790879011154,3,4573,2446,7827,0,80.9
er_n32_p0.3_s2_native,er,32,142,0.3,2,native,bk_ikgp,0,685,0.0037872500251978636,0.0037635830231010914,0.003938874928280711,3,1806,272,3714,3714,81.5
er_n32_p0.3_s2_native,er,32,142,0.3,2,native,bk_basic_bit,1,685,0.014583209063857794,0.013978790957480669,0.01461966591887176,3,22218,,,,10.9
er_n32_p0.3_s2_native,er,32,142,0.3,2,native,bk_pivot_bit,1,685,0.003277166048064828,0.0032742090988904238,0.003303125035017729,3,3209,,,,10.5
er_n32_p0.3_s2_native,er,32,142,0.3,2,native,bk_tomita_bit,1,685,0.0028646669816225767,0.0028637500945478678,0.00291683292016387,3,1533,,,,11.2
er_n32_p0.3_s2_degeneracy,er,32,142,0.3,2,degeneracy,bk_basic,0,685,0.017253708792850375,0.01715912506915629,0.017350583104416728,3,22218,20110,0,0,81.5
er_n32_p0.3_s2_degeneracy,er,32,142,0.3,2,degeneracy,bk_pivot,0,685,0.0020840840879827738,0.002028208924457431,0.002188459038734436,3,2088,222,5061,0,80.9
er_n32_p0.3_s2_degeneracy,er,32,142,0.3,2,degeneracy,bk_tomita,0,685,0.002960499841719866,0.0028603749815374613,0.003057291964069009,3,1559,20,3715,3715,81.5
er_n32_p0.3_s2_degeneracy,er,32,142,0.3,2,degeneracy,bk_pivot_p,0,685,0.0026849170681089163,0.002621582942083478,0.0028007919900119305,3,2930,1017,5218,0,80.9
er_n32_p0.3_s2_degeneracy,er,32,142,0.3,2,degeneracy,bk_ikgp,0,685,0.003372417064383626,0.0033119169529527426,0.0035198330879211426,3,1999,418,4045,4045,81.5
er_n32_p0.3_s2_degeneracy,er,32,142,0.3,2,degeneracy,bk_basic_bit,1,685,0.013488249853253365,0.013433709042146802,0.013503249967470765,3,22218,,,,10.9
er_n32_p0.3_s2_degeneracy,er,32,142,0.3,2,degeneracy,bk_pivot_bit,1,685,0.004294124897569418,0.0042004159186035395,0.004340500105172396,3,3209,,,,10.5
er_n32_p0.3_s2_degeneracy,er,32,142,0.3,2,degeneracy,bk_tomita_bit,1,685,0.0036978749558329582,0.003692416939884424,0.003860624972730875,3,1533,,,,11.2
er_n32_p0.5_s2_random,er,32,249,0.5,2,random,bk_basic,0,202,0.0014807081315666437,0.0013381249736994505,0.001635833876207471,3,1685,1125,0,0,44.9
er_n32_p0.5_s2_random,er,32,249,0.5,2,random,bk_pivot,0,202,0.0008794588502496481,0.0007779160514473915,0.0009777499362826347,3,732,197,1887,0,44.7
er_n32_p0.5_s2_random,er,32,249,0.5,2,random,bk_tomita,0,202,0.0007984591647982597,0.0007553331088274717,0.00088283303193748,3,423,7,927,927,46.9
er_n32_p0.5_s2_random,er,32,249,0.5,2,random,bk_pivot_p,0,202,0.0010339589789509773,0.0008797920309007168,0.0010997499339282513,3,930,389,1346,0,44.7
er_n32_p0.5_s2_random,er,32,249,0.5,2,random,bk_ikgp,0,202,0.0008414580952376127,0.0008226658683270216,0.0008876249194145203,3,496,78,843,843,46.9
er_n32_p0.5_s2_random,er,32,249,0.5,2,random,bk_basic_bit,1,202,0.001239666948094964,0.0012035828549414873,0.001256417017430067,3,1685,,,,9.2
er_n32_p0.5_s2_random,er,32,249,0.5,2,random,bk_pivot_bit,1,202,0.0007756249979138374,0.0007710419595241547,0.000864874804392457,3,665,,,,9.1
er_n32_p0.5_s2_random,er,32,249,0.5,2,random,bk_tomita_bit,1,202,0.0008641669992357492,0.0007388750091195107,0.000913082854822278,3,419,,,,9.6
er_n32_p0.5_s2_native,er,32,249,0.5,2,native,bk_basic,0,202,0.001294874818995595,0.0012263329699635506,0.0013940411154180765,3,1685,1145,0,0,47.2
er_n32_p0.5_s2_native,er,32,249,0.5,2,native,bk_pivot,0,202,0.000666875159367919,0.0006337082013487816,0.0007406671065837145,3,665,179,1604,0,46.4
er_n32_p0.5_s2_native,er,32,249,0.5,2,native,bk_tomita,0,202,0.0007202918641269207,0.0006808328907936811,0.0007849999237805605,3,419,12,907,907,47.4
er_n32_p0.5_s2_native,er,32,249,0.5,2,native,bk_pivot_p,0,202,0.0006889998912811279,0.0006696670316159725,0.0007370840758085251,3,766,277,1158,0,46.4
er_n32_p0.5_s2_native,er,32,249,0.5,2,native,bk_ikgp,0,202,0.0007367080543190241,0.0007209999021142721,0.0007898749317973852,3,499,90,852,852,47.4
er_n32_p0.5_s2_native,er,32,249,0.5,2,native,bk_basic_bit,1,202,0.0011803330853581429,0.0011682920157909393,0.001248624874278903,3,1685,,,,9.2
er_n32_p0.5_s2_native,er,32,249,0.5,2,native,bk_pivot_bit,1,202,0.0006900408770889044,0.0006837910041213036,0.0007053329609334469,3,665,,,,9.1
er_n32_p0.5_s2_native,er,32,249,0.5,2,native,bk_tomita_bit,1,202,0.000716041075065732,0.0007131248712539673,0.0007345839403569698,3,419,,,,9.6
er_n32_p0.5_s2_degeneracy,er,32,249,0.5,2,degeneracy,bk_basic,0,202,0.0012603749055415392,0.0011811249423772097,0.0013553330209106207,3,1685,1238,0,0,47.2
er_n32_p0.5_s2_degeneracy,er,32,249,0.5,2,degeneracy,bk_pivot,0,202,0.0004900000058114529,0.00047637498937547207,0.0005580831784754992,3,499,63,1065,0,46.9
er_n32_p0.5_s2_degeneracy,er,32,249,0.5,2,degeneracy,bk_tomita,0,202,0.0007760408334434032,0.0007742499001324177,0.0007969168946146965,3,428,18,930,930,46.9
er_n32_p0.5_s2_degeneracy,er,32,249,0.5,2,degeneracy,bk_pivot_p,0,202,0.0006174170412123203,0.0005344999954104424,0.0006490410305559635,3,611,177,924,0,46.9
er_n32_p0.5_s2_degeneracy,er,32,249,0.5,2,degeneracy,bk_ikgp,0,202,0.0008174169342964888,0.0007346251513808966,0.0008831250015646219,3,513,104,858,858,46.9
er_n32_p0.5_s2_degeneracy,er,32,249,0.5,2,degeneracy,bk_basic_bit,1,202,0.0011598339769989252,0.0011558749247342348,0.0012102499604225159,3,1685,,,,9.2
er_n32_p0.5_s2_degeneracy,er,32,249,0.5,2,degeneracy,bk_pivot_bit,1,202,0.0007622500415891409,0.0006806668825447559,0.000785208074375987,3,665,,,,9.1
er_n32_p0.5_s2_degeneracy,er,32,249,0.5,2,degeneracy,bk_tomita_bit,1,202,0.0007583750411868095,0.0007156250067055225,0.00077233393676579,3,419,,,,9.6
er_n32_p0.7_s2_random,er,32,342,0.7,2,random,bk_basic,0,89,0.0003014998510479927,0.0002736249007284641,0.00035270885564386845,3,373,169,0,0,34.4
er_n32_p0.7_s2_random,er,32,342,0.7,2,random,bk_pivot,0,89,0.0002609998919069767,0.0002508750185370445,0.0002842498943209648,3,270,72,549,0,33.8
er_n32_p0.7_s2_random,er,32,342,0.7,2,random,bk_tomita,0,89,0.00029174983501434326,0.000276707811281085,0.00032275007106363773,3,188,23,352,352,33.8
er_n32_p0.7_s2_random,er,32,342,0.7,2,random,bk_pivot_p,0,89,0.0002558750566095114,0.00025066686794161797,0.00027320790104568005,3,290,92,357,0,34.3
er_n32_p0.7_s2_random,er,32,342,0.7,2,random,bk_ikgp,0,89,0.0002723329234868288,0.00027074990794062614,0.000281207961961627,3,208,44,296,296,33.8
er_n32_p0.7_s2_random,er,32,342,0.7,2,random,bk_basic_bit,1,89,0.00031804083846509457,0.0003121248446404934,0.00033354107290506363,3,373,,,,6.6
er_n32_p0.7_s2_random,er,32,342,0.7,2,random,bk_pivot_bit,1,89,0.0002887500450015068,0.00028437492437660694,0.0002971668727695942,3,258,,,,6.6
er_n32_p0.7_s2_random,er,32,342,0.7,2,random,bk_tomita_bit,1,89,0.0003219158388674259,0.0003163327928632498,0.00033083301968872547,3,184,,,,6.7
er_n32_p0.7_s2_native,er,32,342,0.7,2,native,bk_basic,0,89,0.00029258313588798046,0.00027641700580716133,0.00034566689282655716,3,373,179,0,0,34.0
er_n32_p0.7_s2_native,er,32,342,0.7,2,native,bk_pivot,0,89,0.00024795904755592346,0.0002399161458015442,0.00027245795354247093,3,258,70,521,0,33.8
er_n32_p0.7_s2_native,er,32,342,0.7,2,native,bk_tomita,0,89,0.00028533395379781723,0.0002736249007284641,0.0003172920551151037,3,184,15,348,348,33.3
er_n32_p0.7_s2_native,er,32,342,0.7,2,native,bk_pivot_p,0,89,0.00024116598069667816,0.00023295776918530464,0.00025220797397196293,3,272,83,347,0,33.8
er_n32_p0.7_s2_native,er,32,342,0.7,2,native,bk_ikgp,0,89,0.00027166586369276047,0.0002667910885065794,0.00028187502175569534,3,205,37,294,294,33.3
er_n32_p0.7_s2_native,er,32,342,0.7,2,native,bk_basic_bit,1,89,0.0003261249512434006,0.00031741708517074585,0.0003712500911206007,3,373,,,,6.6
er_n32_p0.7_s2_native,er,32,342,0.7,2,native,bk_pivot_bit,1,89,0.0002885840367525816,0.0002876659855246544,0.0003029170911759138,3,258,,,,6.6
er_n32_p0.7_s2_native,er,32,342,0.7,2,native,bk_tomita_bit,1,89,0.0003207910340279341,0.0003185409586876631,0.0003339580725878477,3,184,,,,6.7
er_n32_p0.7_s2_degeneracy,er,32,342,0.7,2,degeneracy,bk_basic,0,89,0.00032625021412968636,0.000324582913890481,0.00034620799124240875,3,373,198,0,0,33.0
er_n32_p0.7_s2_degeneracy,er,32,342,0.7,2,degeneracy,bk_pivot,0,89,0.00024116598069667816,0.00023424997925758362,0.000265458133071661,3,210,37,368,0,33.3
er_n32_p0.7_s2_degeneracy,er,32,342,0.7,2,degeneracy,bk_tomita,0,89,0.00029016705229878426,0.00027133291587233543,0.0002996248658746481,3,189,20,346,346,33.3
er_n32_p0.7_s2_degeneracy,er,32,342,0.7,2,degeneracy,bk_pivot_p,0,89,0.0002427501603960991,0.0002306660171598196,0.000242958078160882,3,228,56,298,0,33.3
er_n32_p0.7_s2_degeneracy,er,32,342,0.7,2,degeneracy,bk_ikgp,0,89,0.0002778328489512205,0.0002756251487880945,0.0003022500313818455,3,215,49,298,298,33.3
er_n32_p0.7_s2_degeneracy,er,32,342,0.7,2,degeneracy,bk_basic_bit,1,89,0.00036512501537799835,0.0003350831102579832,0.00036879093386232853,3,373,,,,6.6
er_n32_p0.7_s2_degeneracy,er,32,342,0.7,2,degeneracy,bk_pivot_bit,1,89,0.0003267920110374689,0.0003209579735994339,0.000339666148647666,3,258,,,,6.6
er_n32_p0.7_s2_degeneracy,er,32,342,0.7,2,degeneracy,bk_tomita_bit,1,89,0.00035399990156292915,0.0003534581046551466,0.0003775828517973423,3,184,,,,6.7
ba_n32_m3_s1_random,ba,32,87,nan,1,random,bk_basic,0,1236,0.41507149999961257,0.40622195811010897,0.4296380002051592,3,497468,490898,0,0,80.4
ba_n32_m3_s1_random,ba,32,87,nan,1,random,bk_pivot,0,1236,0.00780145893804729,0.0073791248723864555,0.008039334090426564,3,6573,1565,25631,0,78.7
ba_n32_m3_s1_random,ba,32,87,nan,1,random,bk_tomita,0,1236,0.005878166062757373,0.005793333984911442,0.00601095799356699,3,2901,4,7321,7321,83.8
ba_n32_m3_s1_random,ba,32,87,nan,1,random,bk_pivot_p,0,1236,0.010489457985386252,0.01045099995099008,0.010651958175003529,3,9520,4358,24930,0,78.7
ba_n32_m3_s1_random,ba,32,87,nan,1,random,bk_ikgp,0,1236,0.007022750098258257,0.006878749933093786,0.007095083128660917,3,3214,259,7722,7722,83.8
ba_n32_m3_s1_random,ba,32,87,nan,1,random,bk_basic_bit,1,1236,0.2979234999511391,0.28167879208922386,0.30931737506762147,3,497468,,,,14.7
ba_n32_m3_s1_random,ba,32,87,nan,1,random,bk_pivot_bit,1,1236,0.008561915950849652,0.007747957948595285,0.008658458013087511,3,7128,,,,13.3
ba_n32_m3_s1_random,ba,32,87,nan,1,random,bk_tomita_bit,1,1236,0.006958874873816967,0.0066347920801490545,0.007023874903097749,3,2984,,,,14.6
ba_n32_m3_s1_native,ba,32,87,nan,1,native,bk_basic,0,1236,0.4023894581478089,0.3882157918997109,0.4251204589381814,3,497468,490946,0,0,81.4
ba_n32_m3_s1_native,ba,32,87,nan,1,native,bk_pivot,0,1236,0.007630500011146069,0.00757470796816051,0.007762124994769692,3,7128,1613,26738,0,80.4
ba_n32_m3_s1_native,ba,32,87,nan,1,native,bk_tomita,0,1236,0.006802333984524012,0.006656415993347764,0.0069253339897841215,3,2984,0,7881,7881,82.9
ba_n32_m3_s1_native,ba,32,87,nan,1,native,bk_pivot_p,0,1236,0.02266100002452731,0.02207158412784338,0.022791625000536442,3,20699,14801,51901,0,80.4
ba_n32_m3_s1_native,ba,32,87,nan,1,native,bk_ikgp,0,1236,0.006449416046962142,0.006439208053052425,0.0066467090509831905,3,3262,231,8205,8205,82.9
ba_n32_m3_s1_native,ba,32,87,nan,1,native,bk_basic_bit,1,1236,0.2957515420857817,0.28740020794793963,0.31140000000596046,3,497468,,,,14.7
ba_n32_m3_s1_native,ba,32,87,nan,1,native,bk_pivot_bit,1,1236,0.007717125117778778,0.007707916898652911,0.007776292040944099,3,7128,,,,13.3
ba_n32_m3_s1_native,ba,32,87,nan,1,native,bk_tomita_bit,1,1236,0.006556957960128784,0.006528415950015187,0.006592459045350552,3,2984,,,,14.6
ba_n32_m3_s1_degeneracy,ba,32,87,nan,1,degeneracy,bk_basic,0,1236,0.4001306670252234,0.3843535000924021,0.41618891595862806,3,497468,492387,0,0,82.9
ba_n32_m3_s1_degeneracy,ba,32,87,nan,1,degeneracy,bk_pivot,0,1236,0.004289790987968445,0.004226667108014226,0.00443999981507659,3,4147,352,10953,0,81.8
ba_n32_m3_s1_degeneracy,ba,32,87,nan,1,degeneracy,bk_tomita,0,1236,0.00626629195176065,0.0062095418106764555,0.00632279203273356,3,2975,14,7702,7702,82.8
ba_n32_m3_s1_degeneracy,ba,32,87,nan,1,degeneracy,bk_pivot_p,0,1236,0.005411915946751833,0.005284583894535899,0.005556749878451228,3,5544,1679,12587,0,81.8
ba_n32_m3_s1_degeneracy,ba,32,87,nan,1,degeneracy,bk_ikgp,0,1236,0.006544583011418581,0.006491292035207152,0.006709667155519128,3,3433,386,8487,8487,82.8
ba_n32_m3_s1_degeneracy,ba,32,87,nan,1,degeneracy,bk_basic_bit,1,1236,0.2999146659858525,0.2822965830564499,0.3178879579063505,3,497468,,,,14.7
ba_n32_m3_s1_degeneracy,ba,32,87,nan,1,degeneracy,bk_pivot_bit,1,1236,0.008654082892462611,0.008291624952107668,0.009029083186760545,3,7128,,,,13.3
ba_n32_m3_s1_degeneracy,ba,32,87,nan,1,degeneracy,bk_tomita_bit,1,1236,0.006481291959062219,0.00647283298894763,0.006500832969322801,3,2984,,,,14.6
ba_n32_m3_s2_random,ba,32,87,nan,2,random,bk_basic,0,893,0.25843141600489616,0.24969737487845123,0.2721408330835402,3,311976,306710,0,0,80.7
ba_n32_m3_s2_random,ba,32,87,nan,2,random,bk_pivot,0,893,0.007925000041723251,0.007229292066767812,0.008193999994546175,3,6425,2037,25277,0,78.0
ba_n32_m3_s2_random,ba,32,87,nan,2,random,bk_tomita,0,893,0.005214584060013294,0.00468208291567862,0.0053034580778330564,3,2091,16,5400,5400,83.4
ba_n32_m3_s2_random,ba,32,87,nan,2,random,bk_pivot_p,0,893,0.011980083072558045,0.010920957894995809,0.012044749921187758,3,10405,5697,25972,0,78.0
ba_n32_m3_s2_random,ba,32,87,nan,2,random,bk_ikgp,0,893,0.004691292066127062,0.00468141702003777,0.004849500022828579,3,2300,209,5785,5785,83.4
ba_n32_m3_s2_random,ba,32,87,nan,2,random,bk_basic_bit,1,893,0.17509920918382704,0.17123291618190706,0.18664237507618964,3,311976,,,,14.2
ba_n32_m3_s2_random,ba,32,87,nan,2,random,bk_pivot_bit,1,893,0.004779583076015115,0.0047710000071674585,0.00480662495829165,3,4300,,,,13.1
ba_n32_m3_s2_random,ba,32,87,nan,2,random,bk_tomita_bit,1,893,0.004416375188156962,0.004413750022649765,0.004448666935786605,3,2071,,,,14.4
ba_n32_m3_s2_native,ba,32,87,nan,2,native,bk_basic,0,893,0.2558405410964042,0.2404621671885252,0.2599380421452224,3,311976,307948,0,0,81.7
ba_n32_m3_s2_native,ba,32,87,nan,2,native,bk_pivot,0,893,0.004562083166092634,0.0045369998551905155,0.004711250076070428,3,4300,796,14647,0,79.7
ba_n32_m3_s2_native,ba,32,87,nan,2,native,bk_tomita,0,893,0.004367499845102429,0.004277459112927318,0.004429292166605592,3,2071,9,5406,5406,81.9
ba_n32_m3_s2_native,ba,32,87,nan,2,native,bk_pivot_p,0,893,0.02043095789849758,0.019123499980196357,0.020882624899968505,3,18962,15103,41510,0,79.7
ba_n32_m3_s2_native,ba,32,87,nan,2,native,bk_ikgp,0,893,0.004592000041157007,0.004589874995872378,0.0051470419857650995,3,2106,36,5350,5350,81.9
ba_n32_m3_s2_native,ba,32,87,nan,2,native,bk_basic_bit,1,893,0.17300729197449982,0.17256254190579057,0.18628583289682865,3,311976,,,,14.2
ba_n32_m3_s2_native,ba,32,87,nan,2,native,bk_pivot_bit,1,893,0.004838042194023728,0.0048204578924924135,0.004862624919041991,3,4300,,,,13.1
ba_n32_m3_s2_native,ba,32,87,nan,2,native,bk_tomita_bit,1,893,0.004557291977107525,0.004552874946966767,0.004591749981045723,3,2071,,,,14.4
ba_n32_m3_s2_degeneracy,ba,32,87,nan,2,degeneracy,bk_basic,0,893,0.26492700004018843,0.24428912508301437,0.2666145421098918,3,311976,308272,0,0,82.2
ba_n32_m3_s2_degeneracy,ba,32,87,nan,2,degeneracy,bk_pivot,0,893,0.003681791014969349,0.0032989170867949724,0.003973125014454126,3,3127,358,8474,0,81.2
ba_n32_m3_s2_degeneracy,ba,32,87,nan,2,degeneracy,bk_tomita,0,893,0.004846000112593174,0.004806166049093008,0.005109791876748204,3,2125,26,5507,5507,81.8
ba_n32_m3_s2_degeneracy,ba,32,87,nan,2,degeneracy,bk_pivot_p,0,893,0.004975208081305027,0.004615166923031211,0.005039500072598457,3,4046,1259,8619,0,81.2
ba_n32_m3_s2_degeneracy,ba,32,87,nan,2,degeneracy,bk_ikgp,0,893,0.004994583083316684,0.004970791982486844,0.005352792097255588,3,2219,95,5537,5537,81.8
ba_n32_m3_s2_degeneracy,ba,32,87,nan,2,degeneracy,bk_basic_bit,1,893,0.19061054196208715,0.17774220812134445,0.19149483391083777,3,311976,,,,14.2
ba_n32_m3_s2_degeneracy,ba,32,87,nan,2,degeneracy,bk_pivot_bit,1,893,0.005553124938160181,0.005447291070595384,0.005917625036090612,3,4300,,,,13.1
ba_n32_m3_s2_degeneracy,ba,32,87,nan,2,degeneracy,bk_tomita_bit,1,893,0.004465708043426275,0.004446458071470261,0.0045161249581724405,3,2071,,,,14.4
ws_n32_s1_random,ws,32,96,nan,1,random,bk_basic,0,2911,0.03252616710960865,0.032372166169807315,0.032630749978125095,3,40905,31969,0,0,67.8
ws_n32_s1_random,ws,32,96,nan,1,random,bk_pivot,0,2911,0.008208499988541007,0.008171625202521682,0.008404916152358055,3,8601,1307,19846,0,64.9
ws_n32_s1_random,ws,32,96,nan,1,random,bk_tomita,0,2911,0.008024916984140873,0.00801791693083942,0.008160624885931611,3,4969,114,8752,8752,68.9
ws_n32_s1_random,ws,32,96,nan,1,random,bk_pivot_p,0,2911,0.01285554189234972,0.011787167051807046,0.01293883309699595,3,12912,5038,20052,0,65.6
ws_n32_s1_random,ws,32,96,nan,1,random,bk_ikgp,0,2911,0.009444457944482565,0.009440249996259809,0.00953095918521285,3,5642,728,9515,9515,68.9
ws_n32_s1_random,ws,32,96,nan,1,random,bk_basic_bit,1,2911,0.02574720815755427,0.025710999965667725,0.026756249833852053,3,40905,,,,10.8
ws_n32_s1_random,ws,32,96,nan,1,random,bk_pivot_bit,1,2911,0.006920542102307081,0.0069082078989595175,0.006966375047340989,3,5199,,,,10.2
ws_n32_s1_random,ws,32,96,nan,1,random,bk_tomita_bit,1,2911,0.008592083118855953,0.008550042053684592,0.00862445798702538,3,4960,,,,11.0
ws_n32_s1_native,ws,32,96,nan,1,native,bk_basic,0,2911,0.028218917082995176,0.02810212504118681,0.028414875036105514,3,40905,35580,0,0,68.1
ws_n32_s1_native,ws,32,96,nan,1,native,bk_pivot,0,2911,0.004373333882540464,0.004332209005951881,0.004445208003744483,3,5199,61,9567,0,67.4
ws_n32_s1_native,ws,32,96,nan,1,native,bk_tomita,0,2911,0.007942541968077421,0.007653417065739632,0.008523792028427124,3,4960,110,8787,8787,68.9
ws_n32_s1_native,ws,32,96,nan,1,native,bk_pivot_p,0,2911,0.006345291854813695,0.006315000122413039,0.00640950002707541,3,6896,1748,11801,0,67.4
ws_n32_s1_native,ws,32,96,nan,1,native,bk_ikgp,0,2911,0.009260667022317648,0.00922150001861155,0.010664167115464807,3,5619,670,9450,9450,68.9
ws_n32_s1_native,ws,32,96,nan,1,native,bk_basic_bit,1,2911,0.027273125015199184,0.025546292075887322,0.02982541685923934,3,40905,,,,10.8
ws_n32_s1_native,ws,32,96,nan,1,native,bk_pivot_bit,1,2911,0.008382790954783559,0.007392624858766794,0.008383125066757202,3,5199,,,,10.2
ws_n32_s1_native,ws,32,96,nan,1,native,bk_tomita_bit,1,2911,0.008521749870851636,0.00849966611713171,0.008573208935558796,3,4960,,,,11.0
ws_n32_s1_degeneracy,ws,32,96,nan,1,degeneracy,bk_basic,0,2911,0.028885750100016594,0.028727708151564002,0.02891512494534254,3,40905,35130,0,0,67.6
ws_n32_s1_degeneracy,ws,32,96,nan,1,degeneracy,bk_pivot,0,2911,0.005165332928299904,0.005162250017747283,0.0052736669313162565,3,5864,128,11296,0,66.9
ws_n32_s1_degeneracy,ws,32,96,nan,1,degeneracy,bk_tomita,0,2911,0.007458874955773354,0.0074334589298814535,0.007591624977067113,3,4960,110,8791,8791,68.9
ws_n32_s1_degeneracy,ws,32,96,nan,1,degeneracy,bk_pivot_p,0,2911,0.006105625070631504,0.006014165934175253,0.00616383389569819,3,7104,1254,11915,0,66.9
ws_n32_s1_degeneracy,ws,32,96,nan,1,degeneracy,bk_ikgp,0,2911,0.008585750125348568,0.008433124981820583,0.00860083312727511,3,5678,729,9527,9527,68.9
ws_n32_s1_degeneracy,ws,32,96,nan,1,degeneracy,bk_basic_bit,1,2911,0.02872562501579523,0.028312167152762413,0.028846667148172855,3,40905,,,,10.8
ws_n32_s1_degeneracy,ws,32,96,nan,1,degeneracy,bk_pivot_bit,1,2911,0.007981833070516586,0.007486416958272457,0.0081279999576509,3,5199,,,,10.2
ws_n32_s1_degeneracy,ws,32,96,nan,1,degeneracy,bk_tomita_bit,1,2911,0.008975458098575473,0.008567041950300336,0.010202541947364807,3,4960,,,,11.0
ws_n32_s2_random,ws,32,96,nan,2,random,bk_basic,0,3106,0.03062950004823506,0.030441832961514592,0.030787667026743293,3,38075,28897,0,0,63.3
ws_n32_s2_random,ws,32,96,nan,2,random,bk_pivot,0,3106,0.007641790900379419,0.0075792919378727674,0.007813540985807776,3,8099,540,18554,0,63.3
ws_n32_s2_random,ws,32,96,nan,2,random,bk_tomita,0,3106,0.007974833017215133,0.007894624955952168,0.008205292047932744,3,5082,29,9058,9058,66.0
ws_n32_s2_random,ws,32,96,nan,2,random,bk_pivot_p,0,3106,0.012190083041787148,0.011945707956328988,0.012842874974012375,3,12539,4565,19627,0,62.6
ws_n32_s2_random,ws,32,96,nan,2,random,bk_ikgp,0,3106,0.010971958050504327,0.010765832848846912,0.011667291866615415,3,5939,890,9925,9925,66.0
ws_n32_s2_random,ws,32,96,nan,2,random,bk_basic_bit,1,3106,0.027707041008397937,0.024736833991482854,0.028354791924357414,3,38075,,,,10.4
ws_n32_s2_random,ws,32,96,nan,2,random,bk_pivot_bit,1,3106,0.008293249877169728,0.007709832862019539,0.008583791786804795,3,5122,,,,9.7
ws_n32_s2_random,ws,32,96,nan,2,random,bk_tomita_bit,1,3106,0.008715333882719278,0.008713084040209651,0.00876041711308062,3,5041,,,,10.7
ws_n32_s2_native,ws,32,96,nan,2,native,bk_basic,0,3106,0.02600304107181728,0.025973832933232188,0.026077291928231716,3,38075,32724,0,0,66.6
ws_n32_s2_native,ws,32,96,nan,2,native,bk_pivot,0,3106,0.004279542015865445,0.004261166090145707,0.004354999866336584,3,5122,54,9145,0,65.9
ws_n32_s2_native,ws,32,96,nan,2,native,bk_tomita,0,3106,0.0069497921504080296,0.006908375071361661,0.007025792030617595,3,5041,82,8687,8687,65.9
ws_n32_s2_native,ws,32,96,nan,2,native,bk_pivot_p,0,3106,0.005810000002384186,0.005766540998592973,0.005843458930030465,3,7184,1951,11835,0,65.9
ws_n32_s2_native,ws,32,96,nan,2,native,bk_ikgp,0,3106,0.008616417180746794,0.008111333940178156,0.008688959060236812,3,5946,837,9685,9685,65.9
ws_n32_s2_native,ws,32,96,nan,2,native,bk_basic_bit,1,3106,0.028614915907382965,0.027036790968850255,0.029992915922775865,3,38075,,,,10.4
ws_n32_s2_native,ws,32,96,nan,2,native,bk_pivot_bit,1,3106,0.006890167016535997,0.006866291863843799,0.006911583011969924,3,5122,,,,9.7
ws_n32_s2_native,ws,32,96,nan,2,native,bk_tomita_bit,1,3106,0.0094912089407444,0.008618874941021204,0.01065024989657104,3,5041,,,,10.8
ws_n32_s2_degeneracy,ws,32,96,nan,2,degeneracy,bk_basic,0,3106,0.02605691598728299,0.025996875017881393,0.026751166209578514,3,38075,32724,0,0,66.6
ws_n32_s2_degeneracy,ws,32,96,nan,2,degeneracy,bk_pivot,0,3106,0.004309250041842461,0.004257999826222658,0.0044013329315930605,3,5124,55,9173,0,65.9
ws_n32_s2_degeneracy,ws,32,96,nan,2,degeneracy,bk_tomita,0,3106,0.006942082894966006,0.006908375071361661,0.007050667190924287,3,5041,82,8687,8687,65.9
ws_n32_s2_degeneracy,ws,32,96,nan,2,degeneracy,bk_pivot_p,0,3106,0.005069957813248038,0.005047874990850687,0.0051324579399079084,3,6170,965,10109,0,65.9
ws_n32_s2_degeneracy,ws,32,96,nan,2,degeneracy,bk_ikgp,0,3106,0.007949375081807375,0.007871000096201897,0.008085249923169613,3,5946,837,9685,9685,65.9
ws_n32_s2_degeneracy,ws,32,96,nan,2,degeneracy,bk_basic_bit,1,3106,0.027681916020810604,0.027580291964113712,0.02774362498894334,3,38075,,,,10.4
ws_n32_s2_degeneracy,ws,32,96,nan,2,degeneracy,bk_pivot_bit,1,3106,0.006901292130351067,0.0068961251527071,0.006925708148628473,3,5122,,,,9.7
ws_n32_s2_degeneracy,ws,32,96,nan,2,degeneracy,bk_tomita_bit,1,3106,0.008844333002343774,0.008670125156641006,0.009305958868935704,3,5041,,,,10.7
